<?xml version="1.0" encoding="UTF-8"?>
<kml xmlns="http://www.opengis.net/kml/2.2">
  <Document>
    <name>Contractors: Energize CT approved</name>
    <description>Generated 2026-10-02 11:51 EDT from Airtable Contractors / Energize CT map. Do not edit by hand.</description>
    <Style id="pt">
      <IconStyle>
        <color>ff2fa34c</color>
        <colorMode>normal</colorMode>
        <scale>0.7</scale>
        <Icon><href>https://maps.google.com/mapfiles/kml/shapes/placemark_circle.png</href></Icon>
      </IconStyle>
      <LabelStyle><scale>0</scale></LabelStyle>
    </Style>
    <Placemark>
      <name>﻿.007 Mission Energy Solutions</name>
      <description><![CDATA[Display Name: ﻿.007 Mission Energy Solutions<br>Phone: (203) 779-6972<br>Energize CT?: Yes]]></description>
      <styleUrl>#pt</styleUrl>
      <Point><coordinates>-72.891217829028,41.244563753085,0</coordinates></Point>
    </Placemark>
    <Placemark>
      <name>0 To 100 Heating And Cooling LLC</name>
      <description><![CDATA[Display Name: 0 To 100 Heating And Cooling LLC<br>Phone: (203) 993-4263<br>Energize CT?: Yes]]></description>
      <styleUrl>#pt</styleUrl>
      <Point><coordinates>-73.140406823252,41.229336919775,0</coordinates></Point>
    </Placemark>
    <Placemark>
      <name>1-800-Plumber + Air Of Fairfield County</name>
      <description><![CDATA[Display Name: 1-800-Plumber + Air Of Fairfield County<br>Phone: (203) 921-1560<br>Energize CT?: Yes]]></description>
      <styleUrl>#pt</styleUrl>
      <Point><coordinates>-73.184967144746,41.323193431239,0</coordinates></Point>
    </Placemark>
    <Placemark>
      <name>72 Degrees A/C &amp; Heating, LLC</name>
      <description><![CDATA[Display Name: 72 Degrees A/C & Heating, LLC<br>Phone: (860) 822-1041<br>Energize CT?: Yes]]></description>
      <styleUrl>#pt</styleUrl>
      <Point><coordinates>-72.086811583777,41.616430513627,0</coordinates></Point>
    </Placemark>
    <Placemark>
      <name>A G Heating And Cooling LLC</name>
      <description><![CDATA[Display Name: A G Heating And Cooling LLC<br>Phone: (203) 300-4069<br>Energize CT?: Yes]]></description>
      <styleUrl>#pt</styleUrl>
      <Point><coordinates>-73.394753601161,41.365892232629,0</coordinates></Point>
    </Placemark>
    <Placemark>
      <name>A-1 Services, Inc.</name>
      <description><![CDATA[Display Name: A-1 Services, Inc.<br>Town: Meriden<br>Phone: (203) 238-2147<br>Services: DHW, Heat, Cool<br>Energize CT?: Yes]]></description>
      <styleUrl>#pt</styleUrl>
      <Point><coordinates>-72.800584629182,41.541119918846,0</coordinates></Point>
    </Placemark>
    <Placemark>
      <name>A-First Response HVAC</name>
      <description><![CDATA[Display Name: A-First Response HVAC<br>Town: Berlin <br>Phone: (860) 880-0012<br>Energize CT?: Yes]]></description>
      <styleUrl>#pt</styleUrl>
      <Point><coordinates>72.4626,41.37378,0</coordinates></Point>
    </Placemark>
    <Placemark>
      <name>A.C. Mechanical Services, LLC</name>
      <description><![CDATA[Display Name: A.C. Mechanical Services, LLC<br>Phone: (959) 333-9660<br>Energize CT?: Yes]]></description>
      <styleUrl>#pt</styleUrl>
      <Point><coordinates>-72.603786938801,41.925297574433,0</coordinates></Point>
    </Placemark>
    <Placemark>
      <name>A.C.Loya Mechanical</name>
      <description><![CDATA[Display Name: A.C.Loya Mechanical<br>Phone: (860) 201-6981<br>Energize CT?: Yes]]></description>
      <styleUrl>#pt</styleUrl>
      <Point><coordinates>-73.049486353718,41.919016617815,0</coordinates></Point>
    </Placemark>
    <Placemark>
      <name>A.E. Olsen Company, Inc</name>
      <description><![CDATA[Display Name: A.E. Olsen Company, Inc<br>Town: Southbury<br>Phone: (203) 264-6571<br>Services: DHW, Heat, Cool<br>Energize CT?: Yes]]></description>
      <styleUrl>#pt</styleUrl>
      <Point><coordinates>-73.16725633496,41.465970125619,0</coordinates></Point>
    </Placemark>
    <Placemark>
      <name>A&amp;B Cooling &amp; Heating Corp.</name>
      <description><![CDATA[Display Name: A&B Cooling & Heating Corp.<br>Phone: (860) 528-4436<br>Energize CT?: Yes]]></description>
      <styleUrl>#pt</styleUrl>
      <Point><coordinates>-72.597805528929,41.838010755071,0</coordinates></Point>
    </Placemark>
    <Placemark>
      <name>A&amp;B Mechanical</name>
      <description><![CDATA[Display Name: A&B Mechanical<br>Phone: (203) 268-9223<br>Energize CT?: Yes]]></description>
      <styleUrl>#pt</styleUrl>
      <Point><coordinates>-73.256258237046,41.34820221851,0</coordinates></Point>
    </Placemark>
    <Placemark>
      <name>A2Z HVAC LLC</name>
      <description><![CDATA[Display Name: A2Z HVAC LLC<br>Phone: (203) 395-2388<br>Energize CT?: Yes]]></description>
      <styleUrl>#pt</styleUrl>
      <Point><coordinates>-72.469616160672,41.683485718838,0</coordinates></Point>
    </Placemark>
    <Placemark>
      <name>AA AFFORDABLE AIR</name>
      <description><![CDATA[Display Name: AA AFFORDABLE AIR<br>Phone: (860) 564-5909<br>Energize CT?: Yes]]></description>
      <styleUrl>#pt</styleUrl>
      <Point><coordinates>-71.998672873326,41.560851931437,0</coordinates></Point>
    </Placemark>
    <Placemark>
      <name>Aair Systems Technologies, Inc.</name>
      <description><![CDATA[Display Name: Aair Systems Technologies, Inc.<br>Phone: (508) 829-7740<br>Energize CT?: Yes]]></description>
      <styleUrl>#pt</styleUrl>
      <Point><coordinates>-71.898535293645,42.117693047656,0</coordinates></Point>
    </Placemark>
    <Placemark>
      <name>Aaspen Hvac</name>
      <description><![CDATA[Display Name: Aaspen Hvac<br>Phone: (845) 590-6902<br>Energize CT?: Yes]]></description>
      <styleUrl>#pt</styleUrl>
      <Point><coordinates>-73.618496476957,41.403456104828,0</coordinates></Point>
    </Placemark>
    <Placemark>
      <name>Absolute Air Services, LLC</name>
      <description><![CDATA[Display Name: Absolute Air<br>Town: Portland<br>Phone: (860) 666-4200<br>Services: Plumb, DHW, Heat, Cool<br>Energize CT?: Yes]]></description>
      <styleUrl>#pt</styleUrl>
      <Point><coordinates>-72.597664901645,41.570798770673,0</coordinates></Point>
    </Placemark>
    <Placemark>
      <name>Absolute Cooling &amp; Heating Inc</name>
      <description><![CDATA[Display Name: Absolute Cooling & Heating Inc<br>Town: Stamford<br>Phone: (203) 998-7100<br>Services: DHW, Heat, Cool<br>Energize CT?: Yes]]></description>
      <styleUrl>#pt</styleUrl>
      <Point><coordinates>-73.524413939327,41.046482269835,0</coordinates></Point>
    </Placemark>
    <Placemark>
      <name>Absolute Home Comfort, LLC</name>
      <description><![CDATA[Display Name: Absolute Home Comfort, LLC<br>Phone: (203) 993-0137<br>Energize CT?: Yes]]></description>
      <styleUrl>#pt</styleUrl>
      <Point><coordinates>-73.108911442976,41.259761571427,0</coordinates></Point>
    </Placemark>
    <Placemark>
      <name>AC 2000 Inc.</name>
      <description><![CDATA[Display Name: AC 2000 Inc.<br>Town: Southbury<br>Phone: (203) 270-9347<br>Services: DHW, Heat, Cool<br>Energize CT?: Yes]]></description>
      <styleUrl>#pt</styleUrl>
      <Point><coordinates>-73.172779066147,41.498449451847,0</coordinates></Point>
    </Placemark>
    <Placemark>
      <name>Access Key Solutions LLC</name>
      <description><![CDATA[Display Name: Access Key Solutions LLC<br>Phone: (401) 442-8727<br>Energize CT?: Yes]]></description>
      <styleUrl>#pt</styleUrl>
      <Point><coordinates>-73.145410813844,41.186865365236,0</coordinates></Point>
    </Placemark>
    <Placemark>
      <name>Acclimate Mechanical</name>
      <description><![CDATA[Display Name: Acclimate Mechanical<br>Phone: (203) 619-2070<br>Energize CT?: Yes]]></description>
      <styleUrl>#pt</styleUrl>
      <Point><coordinates>-72.606692364026,41.448147533233,0</coordinates></Point>
    </Placemark>
    <Placemark>
      <name>Accu-Temp Hvac Inc.</name>
      <description><![CDATA[Display Name: Accu-Temp Hvac Inc.<br>Town: Norwalk<br>Phone: (203) 834-2901<br>Services: DHW, Heat, Cool<br>Energize CT?: Yes]]></description>
      <styleUrl>#pt</styleUrl>
      <Point><coordinates>-73.4079,41.1176,0</coordinates></Point>
    </Placemark>
    <Placemark>
      <name>Accu-Temp Mechanical Services, Inc</name>
      <description><![CDATA[Display Name: Accu-Temp Mechanical Services, Inc<br>Town: Waterbury<br>Phone: (203) 879-0101<br>Services: DHW, Heat, Cool<br>Energize CT?: Yes]]></description>
      <styleUrl>#pt</styleUrl>
      <Point><coordinates>-73.040388700007,41.53873416505,0</coordinates></Point>
    </Placemark>
    <Placemark>
      <name>Accurate Cooling &amp; Heating Systems LLC.</name>
      <description><![CDATA[Display Name: Accurate Cooling & Heating Systems LLC.<br>Town: Stamford<br>Phone: (203) 253-5144<br>Services: DHW, Heat, Cool<br>Energize CT?: Yes]]></description>
      <styleUrl>#pt</styleUrl>
      <Point><coordinates>-73.511983989192,41.108189346523,0</coordinates></Point>
    </Placemark>
    <Placemark>
      <name>Accuray Mechanical LLC</name>
      <description><![CDATA[Display Name: Accuray Mechanical LLC<br>Phone: (203) 467-4671<br>Energize CT?: Yes]]></description>
      <styleUrl>#pt</styleUrl>
      <Point><coordinates>-72.869611383153,41.264566564907,0</coordinates></Point>
    </Placemark>
    <Placemark>
      <name>Ace Refrigeration LLC</name>
      <description><![CDATA[Display Name: Ace Refrigeration LLC<br>Town: Prospect<br>Phone: (203) 982-1557<br>Services: DHW, Heat, Cool<br>Energize CT?: Yes]]></description>
      <styleUrl>#pt</styleUrl>
      <Point><coordinates>-72.979820580941,41.533086974095,0</coordinates></Point>
    </Placemark>
    <Placemark>
      <name>ACP Heating &amp; Cooling LLC</name>
      <description><![CDATA[Display Name: ACP Heating & Cooling LLC<br>Town:  Stamford<br>Phone: (877) 227-6070<br>Energize CT?: Yes]]></description>
      <styleUrl>#pt</styleUrl>
      <Point><coordinates>-73.51958,41.10143,0</coordinates></Point>
    </Placemark>
    <Placemark>
      <name>Adams &amp; Son HVAC LLC</name>
      <description><![CDATA[Display Name: Adams & Son HVAC LLC<br>Phone: (860) 235-2340<br>Energize CT?: Yes]]></description>
      <styleUrl>#pt</styleUrl>
      <Point><coordinates>-71.826777482041,41.473718923951,0</coordinates></Point>
    </Placemark>
    <Placemark>
      <name>Adaptive Insulation</name>
      <description><![CDATA[Display Name: Adaptive Insulation<br>Phone: (914) 621-1150<br>Energize CT?: Yes]]></description>
      <styleUrl>#pt</styleUrl>
      <Point><coordinates>-73.76714691187,41.386783872658,0</coordinates></Point>
    </Placemark>
    <Placemark>
      <name>Adolf Krueger Company Inc.</name>
      <description><![CDATA[Display Name: Adolf Krueger Company Inc.<br>Phone: (203) 743-2255<br>Energize CT?: Yes]]></description>
      <styleUrl>#pt</styleUrl>
      <Point><coordinates>-73.390301415408,41.41622719205,0</coordinates></Point>
    </Placemark>
    <Placemark>
      <name>Advanced Mechanical Services LLC.</name>
      <description><![CDATA[Display Name: Adv Mech<br>Town: Farmington<br>Phone: (860) 387-9292<br>Services: DHW, Heat, Cool<br>Energize CT?: Yes]]></description>
      <styleUrl>#pt</styleUrl>
      <Point><coordinates>-72.873075108252,41.703094193588,0</coordinates></Point>
    </Placemark>
    <Placemark>
      <name>Advance Hvac</name>
      <description><![CDATA[Display Name: Advance Hvac<br>Town: Branford<br>Phone: (203) 444-8076<br>Services: DHW, Heat, Cool<br>Energize CT?: Yes]]></description>
      <styleUrl>#pt</styleUrl>
      <Point><coordinates>-72.830236868529,41.268502687084,0</coordinates></Point>
    </Placemark>
    <Placemark>
      <name>Advance Plumbing &amp; Heating, Inc.</name>
      <description><![CDATA[Display Name: Advance Plumbing & Heating, Inc.<br>Town: Newington<br>Phone: 860-232-3053<br>Services: Plumb, DHW, Heat<br>Energize CT?: Yes]]></description>
      <styleUrl>#pt</styleUrl>
      <Point><coordinates>-72.717276965094,41.721529441813,0</coordinates></Point>
    </Placemark>
    <Placemark>
      <name>Advanced Comfort Solutions LLC</name>
      <description><![CDATA[Display Name: Advanced Comfort Solutions LLC<br>Phone: (203) 727-6397<br>Energize CT?: Yes]]></description>
      <styleUrl>#pt</styleUrl>
      <Point><coordinates>-73.100080251987,41.254294542676,0</coordinates></Point>
    </Placemark>
    <Placemark>
      <name>Advanced Energy Group</name>
      <description><![CDATA[Display Name: Advanced Energy Group<br>Phone: (413) 526-9955<br>Energize CT?: Yes]]></description>
      <styleUrl>#pt</styleUrl>
      <Point><coordinates>-72.519216482852,42.037099805498,0</coordinates></Point>
    </Placemark>
    <Placemark>
      <name>Advanced Heating And Air Conditioning</name>
      <description><![CDATA[Display Name: Advanced Heating And Air Conditioning<br>Town: South Windsor<br>Phone: (860) 282-0205<br>Services: DHW, Heat, Cool<br>Energize CT?: Yes]]></description>
      <styleUrl>#pt</styleUrl>
      <Point><coordinates>-72.597707067486,41.838695124005,0</coordinates></Point>
    </Placemark>
    <Placemark>
      <name>Air &amp; Water Solutions</name>
      <description><![CDATA[Display Name: Air & Water Solutions<br>Phone: (203) 520-4648<br>Energize CT?: Yes]]></description>
      <styleUrl>#pt</styleUrl>
      <Point><coordinates>-73.08939385356,41.300911969275,0</coordinates></Point>
    </Placemark>
    <Placemark>
      <name>Air Connections LLC</name>
      <description><![CDATA[Display Name: Air Connect<br>Town: Plainville<br>Phone: (860) 747-8186<br>Services: DHW, Heat, Cool<br>Energize CT?: Yes]]></description>
      <styleUrl>#pt</styleUrl>
      <Point><coordinates>-72.883298442704,41.649416534218,0</coordinates></Point>
    </Placemark>
    <Placemark>
      <name>Air Control Mechanical LLC</name>
      <description><![CDATA[Display Name: Air Control Mechanical LLC<br>Phone: (860) 871-6646<br>Energize CT?: Yes]]></description>
      <styleUrl>#pt</styleUrl>
      <Point><coordinates>-72.478174985464,41.876234531743,0</coordinates></Point>
    </Placemark>
    <Placemark>
      <name>Air Dynamics LLC</name>
      <description><![CDATA[Display Name: Air Dynamics LLC<br>Town: Fairfield<br>Phone: (203) 579-4444<br>Services: DHW, Heat, Cool<br>Energize CT?: Yes]]></description>
      <styleUrl>#pt</styleUrl>
      <Point><coordinates>-73.224314986681,41.175513852022,0</coordinates></Point>
    </Placemark>
    <Placemark>
      <name>Air, Inc.</name>
      <description><![CDATA[Display Name: Air Inc<br>Town: Branford<br>Phone: (203) 315-0323<br>Services: DHW, Heat, Cool<br>Energize CT?: Yes]]></description>
      <styleUrl>#pt</styleUrl>
      <Point><coordinates>-72.833521099063,41.262624331287,0</coordinates></Point>
    </Placemark>
    <Placemark>
      <name>Air Max Heating &amp; A/C</name>
      <description><![CDATA[Display Name: Air Max Heating & A/C<br>Phone: (203) 424-7944<br>Energize CT?: Yes]]></description>
      <styleUrl>#pt</styleUrl>
      <Point><coordinates>-73.508300486947,41.05490064484,0</coordinates></Point>
    </Placemark>
    <Placemark>
      <name>Air On Time, LLC</name>
      <description><![CDATA[Display Name: Air On Time<br>Town: Old Saybrook<br>Phone: (860) 306-9038<br>Services: DHW, Heat, Cool<br>Energize CT?: Yes]]></description>
      <styleUrl>#pt</styleUrl>
      <Point><coordinates>-72.417242,41.282914,0</coordinates></Point>
    </Placemark>
    <Placemark>
      <name>Air One Systems LLC</name>
      <description><![CDATA[Display Name: Air One Systems LLC<br>Phone: (203) 885-2548<br>Energize CT?: Yes]]></description>
      <styleUrl>#pt</styleUrl>
      <Point><coordinates>-73.478837776254,41.53064389408,0</coordinates></Point>
    </Placemark>
    <Placemark>
      <name>Air Professional Associates</name>
      <description><![CDATA[Display Name: Air Professional Associates<br>Town: North Salem<br>Phone: (914) 276-0100<br>Services: DHW, Heat, Cool<br>Energize CT?: Yes]]></description>
      <styleUrl>#pt</styleUrl>
      <Point><coordinates>-73.64053363949,41.354649585337,0</coordinates></Point>
    </Placemark>
    <Placemark>
      <name>Air Solutions Inc</name>
      <description><![CDATA[Display Name: Air Solutions Inc<br>Town: Stamford<br>Phone: (203) 504-7499<br>Services: DHW, Heat, Cool<br>Energize CT?: Yes]]></description>
      <styleUrl>#pt</styleUrl>
      <Point><coordinates>-73.551374369227,41.036084699498,0</coordinates></Point>
    </Placemark>
    <Placemark>
      <name>Air Temp Mechanical</name>
      <description><![CDATA[Display Name: Air Temp Mechanical<br>Town: Berlin<br>Phone: (860) 734-3062<br>Services: DHW, Heat, Cool<br>Energize CT?: Yes]]></description>
      <styleUrl>#pt</styleUrl>
      <Point><coordinates>-72.743670285288,41.632804682278,0</coordinates></Point>
    </Placemark>
    <Placemark>
      <name>Air Unlimited LLC</name>
      <description><![CDATA[Display Name: Air Unlimited LLC<br>Phone: (203) 238-3213<br>Energize CT?: Yes]]></description>
      <styleUrl>#pt</styleUrl>
      <Point><coordinates>-72.817834936092,41.475679402894,0</coordinates></Point>
    </Placemark>
    <Placemark>
      <name>Aire Serv of North Central CT</name>
      <description><![CDATA[Display Name: Aire Serv of North Central CT<br>Town: East Windsor<br>Phone: (860) 758-0200<br>Energize CT?: Yes]]></description>
      <styleUrl>#pt</styleUrl>
      <Point><coordinates>-72.58537,41.91426,0</coordinates></Point>
    </Placemark>
    <Placemark>
      <name>Airmax Mechanical</name>
      <description><![CDATA[Display Name: Airmax Mechanical<br>Town: Prospect<br>Phone: (203) 233-4090<br>Services: DHW, Heat, Cool<br>Energize CT?: Yes]]></description>
      <styleUrl>#pt</styleUrl>
      <Point><coordinates>-72.954373913895,41.488955141531,0</coordinates></Point>
    </Placemark>
    <Placemark>
      <name>Airmax Solutions</name>
      <description><![CDATA[Display Name: Airmax Solutions<br>Phone: (203) 675-1656<br>Energize CT?: Yes]]></description>
      <styleUrl>#pt</styleUrl>
      <Point><coordinates>-73.026157564466,41.210516180219,0</coordinates></Point>
    </Placemark>
    <Placemark>
      <name>Airplus Heating &amp; Cooling LLC</name>
      <description><![CDATA[Display Name: Airplus Heating & Cooling LLC<br>Town: Shelton <br>Phone: (203) 296-1119<br>Energize CT?: Yes]]></description>
      <styleUrl>#pt</styleUrl>
      <Point><coordinates>-73.09316,41.31648,0</coordinates></Point>
    </Placemark>
    <Placemark>
      <name>Airplus Inc</name>
      <description><![CDATA[Display Name: Airplus Inc<br>Phone: (203) 854-9751<br>Energize CT?: Yes]]></description>
      <styleUrl>#pt</styleUrl>
      <Point><coordinates>-73.406100239059,41.10400851055,0</coordinates></Point>
    </Placemark>
    <Placemark>
      <name>Airtight Energy Consulting</name>
      <description><![CDATA[Display Name: Airtight Energy Consulting<br>Phone: (413) 337-3140<br>Energize CT?: Yes]]></description>
      <styleUrl>#pt</styleUrl>
      <Point><coordinates>-72.633910190328,42.317001929622,0</coordinates></Point>
    </Placemark>
    <Placemark>
      <name>Airvolution Mechanical, LLC</name>
      <description><![CDATA[Display Name: Airvolution Mechanical, LLC<br>Town: Bethany<br>Phone: (203) 331-6895<br>Services: DHW, Heat, Cool<br>Energize CT?: Yes]]></description>
      <styleUrl>#pt</styleUrl>
      <Point><coordinates>-73.031533007019,41.399017818928,0</coordinates></Point>
    </Placemark>
    <Placemark>
      <name>Alicki Enterprise Heat and Cool</name>
      <description><![CDATA[Display Name: Alicki Enterprise Heat and Cool<br>Phone: (203) 687-0676<br>Energize CT?: Yes]]></description>
      <styleUrl>#pt</styleUrl>
      <Point><coordinates>-73.038409267636,41.257195437883,0</coordinates></Point>
    </Placemark>
    <Placemark>
      <name>All American Heating And A/C</name>
      <description><![CDATA[Display Name: All American Heating And A/C<br>Town: Wolcott<br>Phone: (475) 259-8395<br>Services: DHW, Heat, Cool<br>Energize CT?: Yes]]></description>
      <styleUrl>#pt</styleUrl>
      <Point><coordinates>-72.97907000938,41.619837570487,0</coordinates></Point>
    </Placemark>
    <Placemark>
      <name>All Around Mechanical Services, Inc.</name>
      <description><![CDATA[Display Name: All Around Mechanical Services, Inc.<br>Town: New Milford<br>Phone: (860) 350-3639<br>Services: DHW, Heat, Cool<br>Energize CT?: Yes]]></description>
      <styleUrl>#pt</styleUrl>
      <Point><coordinates>-73.405557898615,41.549494187657,0</coordinates></Point>
    </Placemark>
    <Placemark>
      <name>All Phase Heating &amp; Cooling LLC</name>
      <description><![CDATA[Display Name: All Phase Heating & Cooling LLC<br>Phone: (203) 927-2829<br>Energize CT?: Yes]]></description>
      <styleUrl>#pt</styleUrl>
      <Point><coordinates>-73.05518426538,41.238658630189,0</coordinates></Point>
    </Placemark>
    <Placemark>
      <name>All Pro Heating &amp; Air Conditioning</name>
      <description><![CDATA[Display Name: All Pro Heating & Air Conditioning<br>Town: Ansonia<br>Phone: (860) 729-5094<br>Services: DHW, Heat, Cool<br>Energize CT?: Yes]]></description>
      <styleUrl>#pt</styleUrl>
      <Point><coordinates>-73.044068760047,41.336960157877,0</coordinates></Point>
    </Placemark>
    <Placemark>
      <name>All Pro Hvac LLC</name>
      <description><![CDATA[Display Name: All Pro Hvac LLC<br>Town:  Beacon Falls<br>Phone: (203) 558-9560<br>Services: DHW, Heat, Cool<br>Energize CT?: Yes]]></description>
      <styleUrl>#pt</styleUrl>
      <Point><coordinates>-73.07734218519,41.431825647514,0</coordinates></Point>
    </Placemark>
    <Placemark>
      <name>All Service LLC</name>
      <description><![CDATA[Display Name: All Service LLC<br>Phone: (860) 350-0044<br>Energize CT?: Yes]]></description>
      <styleUrl>#pt</styleUrl>
      <Point><coordinates>-73.389153444639,41.600751696469,0</coordinates></Point>
    </Placemark>
    <Placemark>
      <name>All-Tech Plumbing &amp; Heating LLC</name>
      <description><![CDATA[Display Name: All-Tech<br>Town: Brooklyn<br>Phone: (860) 515-9596<br>Services: DHW, Heat, Cool<br>Energize CT?: Yes]]></description>
      <styleUrl>#pt</styleUrl>
      <Point><coordinates>-71.922772807837,41.825865752395,0</coordinates></Point>
    </Placemark>
    <Placemark>
      <name>All-Weather Mechanical</name>
      <description><![CDATA[Display Name: All-Weather Mechanical<br>Town: Bristol<br>Phone: (860) 977-3881<br>Services: DHW, Heat, Cool<br>Energize CT?: Yes]]></description>
      <styleUrl>#pt</styleUrl>
      <Point><coordinates>-72.94972,41.67389,0</coordinates></Point>
    </Placemark>
    <Placemark>
      <name>Alliance Heating &amp; Air Conditioning, Inc.</name>
      <description><![CDATA[Display Name: Alliance<br>Town: Bridgeport<br>Phone: (203) 335-9464<br>Services: DHW, Heat, Cool<br>Energize CT?: Yes]]></description>
      <styleUrl>#pt</styleUrl>
      <Point><coordinates>-73.156187789163,41.187716356553,0</coordinates></Point>
    </Placemark>
    <Placemark>
      <name>Alltown Plumbing &amp; HVAC</name>
      <description><![CDATA[Display Name: Alltown Plumbing & HVAC<br>Phone: (860) 951-2601<br>Energize CT?: Yes]]></description>
      <styleUrl>#pt</styleUrl>
      <Point><coordinates>-72.743915105643,41.62470618583,0</coordinates></Point>
    </Placemark>
    <Placemark>
      <name>Alpha Aire Cooling Systems Inc</name>
      <description><![CDATA[Display Name: Alpha Aire Cooling Systems Inc<br>Phone: (718) 863-9313<br>Energize CT?: Yes]]></description>
      <styleUrl>#pt</styleUrl>
      <Point><coordinates>-73.818256614297,40.846204023332,0</coordinates></Point>
    </Placemark>
    <Placemark>
      <name>AM Solutions LLC</name>
      <description><![CDATA[Display Name: AM Solutions LLC<br>Town: Niantic<br>Phone: (860) 966-0798<br>Services: DHW, Heat, Cool<br>Energize CT?: Yes]]></description>
      <styleUrl>#pt</styleUrl>
      <Point><coordinates>-72.19313,41.32538,0</coordinates></Point>
    </Placemark>
    <Placemark>
      <name>American Heating &amp; Cooling LLC.</name>
      <description><![CDATA[Display Name: American<br>Town: Voluntown<br>Phone: (860) 376-3502<br>Services: DHW, Heat, Cool<br>Energize CT?: Yes]]></description>
      <styleUrl>#pt</styleUrl>
      <Point><coordinates>-71.838176594104,41.574526248363,0</coordinates></Point>
    </Placemark>
    <Placemark>
      <name>American Fuel Oil</name>
      <description><![CDATA[Display Name: American Fuel Oil<br>Phone: (860) 819-5907<br>Energize CT?: Yes]]></description>
      <styleUrl>#pt</styleUrl>
      <Point><coordinates>-72.378698564287,41.798217540657,0</coordinates></Point>
    </Placemark>
    <Placemark>
      <name>American Heating Service</name>
      <description><![CDATA[Display Name: American Heating Service<br>Town: Waterbury<br>Phone: (203) 756-5040<br>Services: DHW, Heat, Cool<br>Energize CT?: Yes]]></description>
      <styleUrl>#pt</styleUrl>
      <Point><coordinates>-73.06998241527,41.544673028597,0</coordinates></Point>
    </Placemark>
    <Placemark>
      <name>AMHAC</name>
      <description><![CDATA[Display Name: AMHAC<br>Phone: (914) 337-5555<br>Energize CT?: Yes]]></description>
      <styleUrl>#pt</styleUrl>
      <Point><coordinates>-73.815240411074,40.953528885942,0</coordinates></Point>
    </Placemark>
    <Placemark>
      <name>Amodio And Sons Inc</name>
      <description><![CDATA[Display Name: Amodio And Sons Inc<br>Phone: (203) 934-2651<br>Energize CT?: Yes]]></description>
      <styleUrl>#pt</styleUrl>
      <Point><coordinates>-72.980947820483,41.28278459951,0</coordinates></Point>
    </Placemark>
    <Placemark>
      <name>ANDERSEN OIL COMPANY</name>
      <description><![CDATA[Display Name: ANDERSEN OIL COMPANY<br>Phone: (860) 464-7628<br>Energize CT?: Yes]]></description>
      <styleUrl>#pt</styleUrl>
      <Point><coordinates>-72.011221295401,41.44187423803,0</coordinates></Point>
    </Placemark>
    <Placemark>
      <name>Andrews Oil Company &amp; Gas Services, Inc.</name>
      <description><![CDATA[Display Name: Andrews Oil Company & Gas Services, Inc.<br>Phone: (860) 528-0766<br>Energize CT?: Yes]]></description>
      <styleUrl>#pt</styleUrl>
      <Point><coordinates>-72.58554,41.85408,0</coordinates></Point>
    </Placemark>
    <Placemark>
      <name>Antec Energy, LLC</name>
      <description><![CDATA[Display Name: Antec Energy, LLC<br>Phone: (860) 974-2321<br>Energize CT?: Yes]]></description>
      <styleUrl>#pt</styleUrl>
      <Point><coordinates>-72.838417993286,41.386510864221,0</coordinates></Point>
    </Placemark>
    <Placemark>
      <name>APEX Mechanical LLC</name>
      <description><![CDATA[Display Name: Apex <br>Town: Stamford<br>Phone: (203) 627-9088<br>Services: DHW, Heat, Cool<br>Energize CT?: Yes]]></description>
      <styleUrl>#pt</styleUrl>
      <Point><coordinates>-73.553604423744,41.035592690579,0</coordinates></Point>
    </Placemark>
    <Placemark>
      <name>Apex Mechanical Services</name>
      <description><![CDATA[Display Name: Apex Mech<br>Town: Palmer<br>Phone: (413) 427-7136<br>Services: DHW, Heat, Cool<br>Energize CT?: Yes]]></description>
      <styleUrl>#pt</styleUrl>
      <Point><coordinates>-72.32917,42.15833,0</coordinates></Point>
    </Placemark>
    <Placemark>
      <name>Apex Refrigeration Cooling And Heating LLC.</name>
      <description><![CDATA[Display Name: Apex Refrigeration Cooling And Heating LLC.<br>Town: Bolton<br>Phone: (860) 803-3664<br>Services: DHW, Heat, Cool<br>Energize CT?: Yes]]></description>
      <styleUrl>#pt</styleUrl>
      <Point><coordinates>-72.41993866723,41.773688598701,0</coordinates></Point>
    </Placemark>
    <Placemark>
      <name>Aquila Heating And Cooling, LLC</name>
      <description><![CDATA[Display Name: Aquila Heating And Cooling, LLC<br>Town: Fairfield<br>Phone: (203) 334-4880<br>Services: DHW, Heat, Cool<br>Energize CT?: Yes]]></description>
      <styleUrl>#pt</styleUrl>
      <Point><coordinates>-73.247799808918,41.176173453672,0</coordinates></Point>
    </Placemark>
    <Placemark>
      <name>Argus Air Systems Inc</name>
      <description><![CDATA[Display Name: Argus Air Systems Inc<br>Phone: (203) 445-0764<br>Energize CT?: Yes]]></description>
      <styleUrl>#pt</styleUrl>
      <Point><coordinates>-73.249581224802,41.356838089623,0</coordinates></Point>
    </Placemark>
    <Placemark>
      <name>Art Mechanical Heating And Air Conditioning LLC</name>
      <description><![CDATA[Display Name: Art Mechanical Heating And Air Conditioning LLC<br>Phone: (860) 478-5979<br>Energize CT?: Yes]]></description>
      <styleUrl>#pt</styleUrl>
      <Point><coordinates>-72.653484327624,41.696091133591,0</coordinates></Point>
    </Placemark>
    <Placemark>
      <name>Artis Energy</name>
      <description><![CDATA[Display Name: Artis Energy<br>Phone: (860) 613-7000<br>Energize CT?: Yes]]></description>
      <styleUrl>#pt</styleUrl>
      <Point><coordinates>-72.712701596704,41.59327946846,0</coordinates></Point>
    </Placemark>
    <Placemark>
      <name>Ash Family Heating and Cooling</name>
      <description><![CDATA[Display Name: Ash Family Heating and Cooling<br>Phone: (860) 238-7212<br>Energize CT?: Yes]]></description>
      <styleUrl>#pt</styleUrl>
      <Point><coordinates>-73.05886515537,41.930656027545,0</coordinates></Point>
    </Placemark>
    <Placemark>
      <name>Astacio Plumbing &amp; Hvac</name>
      <description><![CDATA[Display Name: Astacio Plumbing & Hvac<br>Town: Norwalk<br>Phone: (203) 253-0769<br>Services: DHW, Heat, Cool<br>Energize CT?: Yes]]></description>
      <styleUrl>#pt</styleUrl>
      <Point><coordinates>-73.406699560362,41.103866946962,0</coordinates></Point>
    </Placemark>
    <Placemark>
      <name>Avallone Heating And Cooling LLC</name>
      <description><![CDATA[Display Name: Avallone Heating And Cooling LLC<br>Phone: (203) 530-9329<br>Energize CT?: Yes]]></description>
      <styleUrl>#pt</styleUrl>
      <Point><coordinates>-72.804377998852,41.326575643796,0</coordinates></Point>
    </Placemark>
    <Placemark>
      <name>AWC ENERGY</name>
      <description><![CDATA[Display Name: AWC ENERGY<br>Phone: (860) 818-8693<br>Energize CT?: Yes]]></description>
      <styleUrl>#pt</styleUrl>
      <Point><coordinates>-72.66289260581,41.787616654043,0</coordinates></Point>
    </Placemark>
    <Placemark>
      <name>Awesome Heating &amp; Cooling LLC</name>
      <description><![CDATA[Display Name: Awesome Heating & Cooling LLC<br>Phone: (860) 221-5517<br>Energize CT?: Yes]]></description>
      <styleUrl>#pt</styleUrl>
      <Point><coordinates>-72.860996147404,41.692815800894,0</coordinates></Point>
    </Placemark>
    <Placemark>
      <name>B &amp; B Mechanical LLC</name>
      <description><![CDATA[Display Name: B & B Mechanical LLC<br>Phone: (860) 550-1794<br>Energize CT?: Yes]]></description>
      <styleUrl>#pt</styleUrl>
      <Point><coordinates>-72.548463403534,41.832936548306,0</coordinates></Point>
    </Placemark>
    <Placemark>
      <name>B-G Mechanical, Inc.</name>
      <description><![CDATA[Display Name: B-G Mechanical, Inc.<br>Phone: (413) 592-5300<br>Energize CT?: Yes]]></description>
      <styleUrl>#pt</styleUrl>
      <Point><coordinates>-72.548317006235,42.166364884897,0</coordinates></Point>
    </Placemark>
    <Placemark>
      <name>B. Alpha Construction LLC</name>
      <description><![CDATA[Display Name: B. Alpha Construction LLC<br>Phone: (413) 539-8310<br>Energize CT?: Yes]]></description>
      <styleUrl>#pt</styleUrl>
      <Point><coordinates>-72.604560323817,42.158267410022,0</coordinates></Point>
    </Placemark>
    <Placemark>
      <name>B.T. Lindsay Co, Inc.</name>
      <description><![CDATA[Display Name: B.T. Lindsay Co, Inc.<br>Phone: (860) 953-1556<br>Energize CT?: Yes]]></description>
      <styleUrl>#pt</styleUrl>
      <Point><coordinates>-72.721613181823,41.726642776887,0</coordinates></Point>
    </Placemark>
    <Placemark>
      <name>Barry Cones Heating &amp; Ac</name>
      <description><![CDATA[Display Name: Barry Cones Heating & Ac<br>Town: Torrington<br>Phone: (860) 482-2196<br>Services: DHW, Heat, Cool<br>Energize CT?: Yes]]></description>
      <styleUrl>#pt</styleUrl>
      <Point><coordinates>-73.127520540539,41.803558592876,0</coordinates></Point>
    </Placemark>
    <Placemark>
      <name>Bates Heating &amp; Cooling LLC</name>
      <description><![CDATA[Display Name: Bates Heating & Cooling LLC<br>Phone: (203) 617-5387<br>Energize CT?: Yes]]></description>
      <styleUrl>#pt</styleUrl>
      <Point><coordinates>-73.425212626272,41.52895412958,0</coordinates></Point>
    </Placemark>
    <Placemark>
      <name>Bayside Mechanical LLC</name>
      <description><![CDATA[Display Name: Bayside Mechanical LLC<br>Phone: (860) 867-6516<br>Energize CT?: Yes]]></description>
      <styleUrl>#pt</styleUrl>
      <Point><coordinates>-72.172118113707,41.33680489997,0</coordinates></Point>
    </Placemark>
    <Placemark>
      <name>Better Building Performance, LLC</name>
      <description><![CDATA[Display Name: BBP<br>Town: West Haven<br>Phone: 203-800-5778 office <br>Services: Attic, Bsmt, Wall<br>Energize CT?: Yes]]></description>
      <styleUrl>#pt</styleUrl>
      <Point><coordinates>-72.972109757276,41.305850976003,0</coordinates></Point>
    </Placemark>
    <Placemark>
      <name>BDM Mechanical</name>
      <description><![CDATA[Display Name: BDM Mechanical<br>Town: Guilford<br>Phone: (203) 464-4206<br>Services: DHW, Heat, Cool<br>Energize CT?: Yes]]></description>
      <styleUrl>#pt</styleUrl>
      <Point><coordinates>-72.68488350537,41.30262906236,0</coordinates></Point>
    </Placemark>
    <Placemark>
      <name>Beaver River Heating And Cooling</name>
      <description><![CDATA[Display Name: Beaver River Heating And Cooling<br>Town: Wyoming<br>Phone: (401) 491-9401<br>Services: DHW, Heat, Cool<br>Energize CT?: Yes]]></description>
      <styleUrl>#pt</styleUrl>
      <Point><coordinates>-71.69978,41.53121,0</coordinates></Point>
    </Placemark>
    <Placemark>
      <name>Bell Mechanical,LLC</name>
      <description><![CDATA[Display Name: Bell Mechanical,LLC<br>Town: Mahopac<br>Phone: (845) 600-8004<br>Services: DHW, Heat, Cool<br>Energize CT?: Yes]]></description>
      <styleUrl>#pt</styleUrl>
      <Point><coordinates>-73.749970208201,41.351625496846,0</coordinates></Point>
    </Placemark>
    <Placemark>
      <name>Beluga Heating Air &amp; Electrical</name>
      <description><![CDATA[Display Name: Beluga Heating Air & Electrical<br>Phone: (845) 278-7500<br>Energize CT?: Yes]]></description>
      <styleUrl>#pt</styleUrl>
      <Point><coordinates>-73.618496476957,41.403456104828,0</coordinates></Point>
    </Placemark>
    <Placemark>
      <name>Benedetto Heating &amp; Ac LLC</name>
      <description><![CDATA[Display Name: Benedetto Heating & Ac LLC<br>Town: Essex<br>Phone: (860) 434-1574<br>Services: DHW, Heat, Cool<br>Energize CT?: Yes]]></description>
      <styleUrl>#pt</styleUrl>
      <Point><coordinates>-72.398191515002,41.353906777424,0</coordinates></Point>
    </Placemark>
    <Placemark>
      <name>Benjamin Home Service, LLC</name>
      <description><![CDATA[Display Name: Benjamin Home Service, LLC<br>Town: Wethersfield<br>Phone: (860) 922-2477<br>Services: DHW, Heat, Cool<br>Energize CT?: Yes]]></description>
      <styleUrl>#pt</styleUrl>
      <Point><coordinates>-72.689764903103,41.70854319423,0</coordinates></Point>
    </Placemark>
    <Placemark>
      <name>Benvenuti Oil</name>
      <description><![CDATA[Display Name: Benvenuti Oil<br>Town: Waterford<br>Phone: (860) 443-6115<br>Services: DHW, Heat, Cool<br>Energize CT?: Yes]]></description>
      <styleUrl>#pt</styleUrl>
      <Point><coordinates>-72.113559974865,41.343595136112,0</coordinates></Point>
    </Placemark>
    <Placemark>
      <name>Berkshire Heating &amp; Air Conditioning LLC</name>
      <description><![CDATA[Display Name: Berkshire Heating & Air Conditioning LLC<br>Phone: (413) 271-7611<br>Energize CT?: Yes]]></description>
      <styleUrl>#pt</styleUrl>
      <Point><coordinates>-72.624035712328,42.138665575704,0</coordinates></Point>
    </Placemark>
    <Placemark>
      <name>Better Building Performance LLC</name>
      <description><![CDATA[Display Name: Better Building Performance LLC<br>Phone: (203) 800-5778<br>Energize CT?: Yes]]></description>
      <styleUrl>#pt</styleUrl>
      <Point><coordinates>-72.972109757276,41.305850976003,0</coordinates></Point>
    </Placemark>
    <Placemark>
      <name>BHC Mechanical, LLC</name>
      <description><![CDATA[Display Name: BHC Mechanical, LLC<br>Phone: (203) 818-9693<br>Energize CT?: Yes]]></description>
      <styleUrl>#pt</styleUrl>
      <Point><coordinates>-73.393085992652,41.130027669022,0</coordinates></Point>
    </Placemark>
    <Placemark>
      <name>Bill Aitken Heating LLC</name>
      <description><![CDATA[Display Name: Bill Aitken Heating LLC<br>Town: North Stonington<br>Phone: (860) 271-6713<br>Energize CT?: Yes]]></description>
      <styleUrl>#pt</styleUrl>
      <Point><coordinates>-71.87546,41.46966,0</coordinates></Point>
    </Placemark>
    <Placemark>
      <name>Billy Carlson Heating &amp; AC, LLC</name>
      <description><![CDATA[Display Name: Billy Carlson Heating & AC, LLC<br>Phone: (860) 621-0556<br>Energize CT?: Yes]]></description>
      <styleUrl>#pt</styleUrl>
      <Point><coordinates>-72.871014868619,41.598116816552,0</coordinates></Point>
    </Placemark>
    <Placemark>
      <name>Black Bear Heating &amp; Air, LLC</name>
      <description><![CDATA[Display Name: Black Bear Heating & Air, LLC<br>Phone: (860) 847-1268<br>Energize CT?: Yes]]></description>
      <styleUrl>#pt</styleUrl>
      <Point><coordinates>-72.733123052257,41.952067050689,0</coordinates></Point>
    </Placemark>
    <Placemark>
      <name>Blizzard Mechanical LLC</name>
      <description><![CDATA[Display Name: Blizzard Mechanical LLC<br>Town: Derby<br>Phone: (203) 985-5375<br>Services: Heat, Cool<br>Energize CT?: Yes]]></description>
      <styleUrl>#pt</styleUrl>
      <Point><coordinates>-73.107256930741,41.329742707573,0</coordinates></Point>
    </Placemark>
    <Placemark>
      <name>Blue Flame Oil Co.,Inc</name>
      <description><![CDATA[Display Name: Blue Flame Oil Co.,Inc<br>Town: New Haven<br>Phone: (203) 468-2176<br>Services: DHW, Heat, Cool<br>Energize CT?: Yes]]></description>
      <styleUrl>#pt</styleUrl>
      <Point><coordinates>-72.897365509687,41.295133391706,0</coordinates></Point>
    </Placemark>
    <Placemark>
      <name>Boilers And Tanks Unlimited LLC</name>
      <description><![CDATA[Display Name: Boilers And Tanks Unlimited LLC<br>Phone: (203) 979-7057<br>Energize CT?: Yes]]></description>
      <styleUrl>#pt</styleUrl>
      <Point><coordinates>-73.064786789062,41.202130516041,0</coordinates></Point>
    </Placemark>
    <Placemark>
      <name>Boisvert Plumbing, LLC</name>
      <description><![CDATA[Display Name: Boisvert Plumbing, LLC<br>Phone: (860) 216-9104<br>Energize CT?: Yes]]></description>
      <styleUrl>#pt</styleUrl>
      <Point><coordinates>-72.735858644148,41.857238758855,0</coordinates></Point>
    </Placemark>
    <Placemark>
      <name>Boland HVAC Solutions</name>
      <description><![CDATA[Display Name: Boland HVAC Solutions<br>Phone: (860) 368-1740<br>Energize CT?: Yes]]></description>
      <styleUrl>#pt</styleUrl>
      <Point><coordinates>-72.610145289043,41.706179162926,0</coordinates></Point>
    </Placemark>
    <Placemark>
      <name>Bonito Mechanical LLC</name>
      <description><![CDATA[Display Name: Bonito Mechanical LLC<br>Phone: (203) 927-8901<br>Energize CT?: Yes]]></description>
      <styleUrl>#pt</styleUrl>
      <Point><coordinates>-72.805576907028,41.339241752409,0</coordinates></Point>
    </Placemark>
    <Placemark>
      <name>Bosse Heating &amp; Air Conditioning LLC</name>
      <description><![CDATA[Display Name: Bosse<br>Town: Plantsville<br>Phone: (860) 620-0687<br>Services: DHW, Heat, Cool, Duct clean<br>Energize CT?: Yes]]></description>
      <styleUrl>#pt</styleUrl>
      <Point><coordinates>-72.8888571365,41.593255317494,0</coordinates></Point>
    </Placemark>
    <Placemark>
      <name>Brass City Fuel</name>
      <description><![CDATA[Display Name: Brass City Fuel<br>Phone: (203) 720-3028<br>Energize CT?: Yes]]></description>
      <styleUrl>#pt</styleUrl>
      <Point><coordinates>-73.040834302095,41.544062445773,0</coordinates></Point>
    </Placemark>
    <Placemark>
      <name>Bridgeworks Heating &amp; Cooling LLC</name>
      <description><![CDATA[Display Name: Bridgeworks Heating & Cooling LLC<br>Town: Plainville<br>Phone: (860) 747-1888<br>Services: DHW, Heat, Cool<br>Energize CT?: Yes]]></description>
      <styleUrl>#pt</styleUrl>
      <Point><coordinates>-72.852604183297,41.686527889183,0</coordinates></Point>
    </Placemark>
    <Placemark>
      <name>Bright Solutions</name>
      <description><![CDATA[Display Name: Bright Soln<br>Town: Windsor<br>Phone: 860-719-6771<br>Services: HES<br>Energize CT?: Yes]]></description>
      <styleUrl>#pt</styleUrl>
      <Point><coordinates>-72.676391568587,41.90991781196,0</coordinates></Point>
    </Placemark>
    <Placemark>
      <name>Broad Brook Heating &amp; Cooling Inc</name>
      <description><![CDATA[Display Name: Broad Brook Heating & Cooling Inc<br>Town: Jewett City<br>Phone: (860) 887-0147<br>Services: DHW, Heat, Cool<br>Energize CT?: Yes]]></description>
      <styleUrl>#pt</styleUrl>
      <Point><coordinates>-71.97924,41.60315,0</coordinates></Point>
    </Placemark>
    <Placemark>
      <name>Brooks Energy</name>
      <description><![CDATA[Display Name: Brooks Energy<br>Town: Bristol<br>Phone: (860) 585-1515<br>Services: DHW, Heat, Cool<br>Energize CT?: Yes]]></description>
      <styleUrl>#pt</styleUrl>
      <Point><coordinates>-72.95156,41.67049,0</coordinates></Point>
    </Placemark>
    <Placemark>
      <name>Brothers Mechanical LLC</name>
      <description><![CDATA[Display Name: Brothers Mechanical LLC<br>Phone: (860) 289-9468<br>Energize CT?: Yes]]></description>
      <styleUrl>#pt</styleUrl>
      <Point><coordinates>-72.618330579289,41.794550413472,0</coordinates></Point>
    </Placemark>
    <Placemark>
      <name>Bruce Barrette</name>
      <description><![CDATA[Display Name: Bruce Barrette<br>Phone: (860) 234-7030<br>Energize CT?: Yes]]></description>
      <styleUrl>#pt</styleUrl>
      <Point><coordinates>-71.961252099487,41.817468161164,0</coordinates></Point>
    </Placemark>
    <Placemark>
      <name>Btw Plumbing, Heating And Cooling LLC</name>
      <description><![CDATA[Display Name: Btw Plumbing, Heating And Cooling LLC<br>Phone: (860) 383-9043<br>Energize CT?: Yes]]></description>
      <styleUrl>#pt</styleUrl>
      <Point><coordinates>-72.019444009825,41.642606470976,0</coordinates></Point>
    </Placemark>
    <Placemark>
      <name>Building Conservation Technology, LLC</name>
      <description><![CDATA[Display Name: Building Conservation Technology, LLC<br>Phone: (401) 741-2751<br>Energize CT?: Yes]]></description>
      <styleUrl>#pt</styleUrl>
      <Point><coordinates>-71.847407965429,41.354536763823,0</coordinates></Point>
    </Placemark>
    <Placemark>
      <name>Bullseye Refrigeration &amp; A/C, Inc.</name>
      <description><![CDATA[Display Name: Bullseye Refrigeration & A/C, Inc.<br>Town: East Haven<br>Phone: (203) 469-4444<br>Services: DHW, Heat, Cool<br>Energize CT?: Yes]]></description>
      <styleUrl>#pt</styleUrl>
      <Point><coordinates>-72.87114,41.31952,0</coordinates></Point>
    </Placemark>
    <Placemark>
      <name>Burrington&apos;s Solar Edge</name>
      <description><![CDATA[Display Name: Burrington's Solar Edge<br>Phone: (860) 623-0159<br>Energize CT?: Yes]]></description>
      <styleUrl>#pt</styleUrl>
      <Point><coordinates>-72.648297823499,41.93520051426,0</coordinates></Point>
    </Placemark>
    <Placemark>
      <name>C &amp; G Heating &amp; Air Conditioning, Inc.</name>
      <description><![CDATA[Display Name: C & G Heating & Air Conditioning, Inc.<br>Town: Torrington<br>Phone: (860) 482-3400<br>Services: DHW, Heat, Cool<br>Energize CT?: Yes]]></description>
      <styleUrl>#pt</styleUrl>
      <Point><coordinates>-73.099829628218,41.813048074234,0</coordinates></Point>
    </Placemark>
    <Placemark>
      <name>C.V. Longo Mechanical</name>
      <description><![CDATA[Display Name: C.V. Longo Mechanical<br>Phone: (203) 968-6428<br>Energize CT?: Yes]]></description>
      <styleUrl>#pt</styleUrl>
      <Point><coordinates>-73.516814971663,41.094729550564,0</coordinates></Point>
    </Placemark>
    <Placemark>
      <name>C&amp;C Service LLC</name>
      <description><![CDATA[Display Name: C&C Service LLC<br>Town: Stamford<br>Phone: (203) 323-2866<br>Services: DHW, Heat, Cool<br>Energize CT?: Yes]]></description>
      <styleUrl>#pt</styleUrl>
      <Point><coordinates>-73.539857249617,41.037842568437,0</coordinates></Point>
    </Placemark>
    <Placemark>
      <name>C&amp;M Heating And Cooling LLC</name>
      <description><![CDATA[Display Name: C&M Heating And Cooling LLC<br>Town: Norwich<br>Phone: (860) 917-4917<br>Energize CT?: Yes]]></description>
      <styleUrl>#pt</styleUrl>
      <Point><coordinates>-72.07548,41.52467,0</coordinates></Point>
    </Placemark>
    <Placemark>
      <name>Campbell Cooling LLC</name>
      <description><![CDATA[Display Name: Campbell Cooling LLC<br>Phone: (860) 666-2696<br>Energize CT?: Yes]]></description>
      <styleUrl>#pt</styleUrl>
      <Point><coordinates>-72.749360815911,41.674160621407,0</coordinates></Point>
    </Placemark>
    <Placemark>
      <name>Candito Plumbing And HVAC</name>
      <description><![CDATA[Display Name: Candito Plumbing And HVAC<br>Phone: (203) 667-9154<br>Energize CT?: Yes]]></description>
      <styleUrl>#pt</styleUrl>
      <Point><coordinates>-73.526091588085,41.076915807997,0</coordinates></Point>
    </Placemark>
    <Placemark>
      <name>Candlewood Valley Heating &amp; Ac LLC</name>
      <description><![CDATA[Display Name: Candlewood Valley Heating & Ac LLC<br>Town: New Milford<br>Phone: (203) 948-2851<br>Services: DHW, Heat, Cool<br>Energize CT?: Yes]]></description>
      <styleUrl>#pt</styleUrl>
      <Point><coordinates>-73.417149949487,41.55430789272,0</coordinates></Point>
    </Placemark>
    <Placemark>
      <name>Capstone Mechanical LLC</name>
      <description><![CDATA[Display Name: Capstone Mechanical LLC<br>Phone: (603) 319-8389<br>Energize CT?: Yes]]></description>
      <styleUrl>#pt</styleUrl>
      <Point><coordinates>-70.794513542773,43.040045678304,0</coordinates></Point>
    </Placemark>
    <Placemark>
      <name>Carboni Plumbing &amp; Heating</name>
      <description><![CDATA[Display Name: Carboni Plumbing & Heating<br>Phone: (860) 642-7847<br>Energize CT?: Yes]]></description>
      <styleUrl>#pt</styleUrl>
      <Point><coordinates>-72.151732615094,41.61956524904,0</coordinates></Point>
    </Placemark>
    <Placemark>
      <name>Cariati Mechanical. LLC</name>
      <description><![CDATA[Display Name: Cariati Mechanical. LLC<br>Town: Clinton<br>Phone: (860) 304-8293<br>Services: DHW, Heat, Cool<br>Energize CT?: Yes]]></description>
      <styleUrl>#pt</styleUrl>
      <Point><coordinates>-72.552085972053,41.314629869098,0</coordinates></Point>
    </Placemark>
    <Placemark>
      <name>Carlson Heating, Air &amp; Hot Water, Inc.</name>
      <description><![CDATA[Display Name: Carlson<br>Town: Torrington<br>Phone: (860) 489-4328<br>Services: DHW, Heat, Cool<br>Energize CT?: Yes]]></description>
      <styleUrl>#pt</styleUrl>
      <Point><coordinates>-73.11740148492,41.813575560851,0</coordinates></Point>
    </Placemark>
    <Placemark>
      <name>Carmine&apos;s PHAC</name>
      <description><![CDATA[Display Name: Carmine's PHAC<br>Town: Danbury<br>Phone: (203) 791-8089<br>Services: DHW, Heat, Cool<br>Energize CT?: Yes]]></description>
      <styleUrl>#pt</styleUrl>
      <Point><coordinates>-73.429865607529,41.415808833184,0</coordinates></Point>
    </Placemark>
    <Placemark>
      <name>Casagrande Brother Heating And Cooling</name>
      <description><![CDATA[Display Name: Casagrande<br>Town: Guilford<br>Phone: (475) 415-0685<br>Services: DHW, Heat, Cool<br>Energize CT?: Yes]]></description>
      <styleUrl>#pt</styleUrl>
      <Point><coordinates>-72.734082608198,41.307060708468,0</coordinates></Point>
    </Placemark>
    <Placemark>
      <name>Casey Fuel Co Inc</name>
      <description><![CDATA[Display Name: Casey Fuel Co Inc<br>Phone: (860) 355-4877<br>Energize CT?: Yes]]></description>
      <styleUrl>#pt</styleUrl>
      <Point><coordinates>-73.423657858615,41.579351404378,0</coordinates></Point>
    </Placemark>
    <Placemark>
      <name>Caso&apos;s Hvac, LLC</name>
      <description><![CDATA[Display Name: Caso's Hvac, LLC<br>Town: East Hampton<br>Phone: (860) 267-5851<br>Services: DHW, Heat, Cool<br>Energize CT?: Yes]]></description>
      <styleUrl>#pt</styleUrl>
      <Point><coordinates>-72.505866097954,41.568204865788,0</coordinates></Point>
    </Placemark>
    <Placemark>
      <name>Caswell &amp; Sons Contracting LLC</name>
      <description><![CDATA[Display Name: Caswell & Sons Contracting LLC<br>Phone: (860) 428-9335<br>Energize CT?: Yes]]></description>
      <styleUrl>#pt</styleUrl>
      <Point><coordinates>-71.972792569844,41.683120637182,0</coordinates></Point>
    </Placemark>
    <Placemark>
      <name>Cawiamca Heating Cooling and Electrical</name>
      <description><![CDATA[Display Name: Cawiamca Heating Cooling and Electrical<br>Town: Old Saybrook<br>Phone: (860) 775-2665<br>Services: DHW, Heat, Cool<br>Energize CT?: Yes]]></description>
      <styleUrl>#pt</styleUrl>
      <Point><coordinates>-72.412003299762,41.28827365954,0</coordinates></Point>
    </Placemark>
    <Placemark>
      <name>CBS Contractors, Inc.</name>
      <description><![CDATA[Display Name: CBS Contractors, Inc.<br>Town: Ansonia<br>Phone: (203) 734-8015<br>Services: DHW, Heat, Cool<br>Energize CT?: Yes]]></description>
      <styleUrl>#pt</styleUrl>
      <Point><coordinates>-73.082793907494,41.345779536828,0</coordinates></Point>
    </Placemark>
    <Placemark>
      <name>Ceil Plumbing &amp; Heating, Inc.</name>
      <description><![CDATA[Display Name: Ceil<br>Town: Pawcatuck<br>Phone: (860) 599-9000<br>Services: DHW, Heat, Cool<br>Energize CT?: Yes]]></description>
      <styleUrl>#pt</styleUrl>
      <Point><coordinates>-71.872660997133,41.362704412125,0</coordinates></Point>
    </Placemark>
    <Placemark>
      <name>Celco Heating And Ac</name>
      <description><![CDATA[Display Name: Celco Heating And Ac<br>Town: Bridgeport<br>Phone: (203) 371-0055<br>Services: DHW, Heat, Cool<br>Energize CT?: Yes]]></description>
      <styleUrl>#pt</styleUrl>
      <Point><coordinates>-73.157203624663,41.188734471937,0</coordinates></Point>
    </Placemark>
    <Placemark>
      <name>CellSun Energy</name>
      <description><![CDATA[Display Name: CellSun Energy<br>Phone: (203) 427-7489<br>Energize CT?: Yes]]></description>
      <styleUrl>#pt</styleUrl>
      <Point><coordinates>-72.589528403904,41.724001507494,0</coordinates></Point>
    </Placemark>
    <Placemark>
      <name>Center for EcoTechnology</name>
      <description><![CDATA[Display Name: Center for EcoTechnology<br>Phone: (413) 586-7350<br>Energize CT?: Yes]]></description>
      <styleUrl>#pt</styleUrl>
      <Point><coordinates>-72.633910190328,42.317001929622,0</coordinates></Point>
    </Placemark>
    <Placemark>
      <name>Central Air, LLC.</name>
      <description><![CDATA[Display Name: Central<br>Town: Brookfield<br>Phone: (203) 546-7776<br>Services: DHW, Heat, Cool<br>Energize CT?: Yes]]></description>
      <styleUrl>#pt</styleUrl>
      <Point><coordinates>-73.40242,41.47214,0</coordinates></Point>
    </Placemark>
    <Placemark>
      <name>Cezary Planner</name>
      <description><![CDATA[Display Name: Cezary Planner<br>Phone: (860) 983-6552<br>Energize CT?: Yes]]></description>
      <styleUrl>#pt</styleUrl>
      <Point><coordinates>-72.769838573377,41.640429189508,0</coordinates></Point>
    </Placemark>
    <Placemark>
      <name>Charter Oak Energy Solutions LLC</name>
      <description><![CDATA[Display Name: Charter Oak Energy Solutions LLC<br>Phone: (860) 209-4786<br>Energize CT?: Yes]]></description>
      <styleUrl>#pt</styleUrl>
      <Point><coordinates>-72.559020926481,41.767519970853,0</coordinates></Point>
    </Placemark>
    <Placemark>
      <name>Charter Oak Mechanical</name>
      <description><![CDATA[Display Name: Charter Oak Mechanical<br>Town: Manchester<br>Phone: (860) 432-8915<br>Services: DHW, Heat, Cool<br>Energize CT?: Yes]]></description>
      <styleUrl>#pt</styleUrl>
      <Point><coordinates>-72.559020926481,41.767519970853,0</coordinates></Point>
    </Placemark>
    <Placemark>
      <name>Chase Mechanical LLC</name>
      <description><![CDATA[Display Name: Chase Mechanical LLC<br>Phone: (860) 309-8553<br>Energize CT?: Yes]]></description>
      <styleUrl>#pt</styleUrl>
      <Point><coordinates>-72.890320523763,41.645717801774,0</coordinates></Point>
    </Placemark>
    <Placemark>
      <name>Chernin Hvac &amp; Refrigeration L.L.C.</name>
      <description><![CDATA[Display Name: Chernin Hvac & Refrigeration L.L.C.<br>Town: Waterbury<br>Phone: (203) 759-8082<br>Services: DHW, Heat, Cool<br>Energize CT?: Yes]]></description>
      <styleUrl>#pt</styleUrl>
      <Point><coordinates>-73.039563758138,41.580658939501,0</coordinates></Point>
    </Placemark>
    <Placemark>
      <name>Chillie Willie Heating &amp; A/C LLC</name>
      <description><![CDATA[Display Name: Chillie Willie Heating & A/C LLC<br>Town: Stamford<br>Phone: (203) 253-3235<br>Services: DHW, Heat, Cool<br>Energize CT?: Yes]]></description>
      <styleUrl>#pt</styleUrl>
      <Point><coordinates>-73.518942656324,41.058125984025,0</coordinates></Point>
    </Placemark>
    <Placemark>
      <name>Chris&apos; Refrigeration Heating</name>
      <description><![CDATA[Display Name: Chris' Refrigeration Heating<br>Town: Bristol<br>Phone: (860) 982-5563<br>Services: DHW, Heat, Cool<br>Energize CT?: Yes]]></description>
      <styleUrl>#pt</styleUrl>
      <Point><coordinates>-72.94972,41.67167,0</coordinates></Point>
    </Placemark>
    <Placemark>
      <name>Cisco Heating And Cooling Pros LLC</name>
      <description><![CDATA[Display Name: Cisco<br>Town: West Haven<br>Phone: (203) 535-6677<br>Services: DHW, Heat, Cool<br>Energize CT?: Yes]]></description>
      <styleUrl>#pt</styleUrl>
      <Point><coordinates>-72.981971667316,41.27383607792,0</coordinates></Point>
    </Placemark>
    <Placemark>
      <name>City Mechanical LLC</name>
      <description><![CDATA[Display Name: City Mechanical LLC<br>Phone: (860) 383-4838<br>Energize CT?: Yes]]></description>
      <styleUrl>#pt</styleUrl>
      <Point><coordinates>-72.077013752561,41.530307227724,0</coordinates></Point>
    </Placemark>
    <Placemark>
      <name>CJ Brown Energy &amp; Engineering</name>
      <description><![CDATA[Display Name: CJ Brown Energy & Engineering<br>Phone: (716) 565-9190<br>Energize CT?: Yes]]></description>
      <styleUrl>#pt</styleUrl>
      <Point><coordinates>-78.754058625459,42.929898219275,0</coordinates></Point>
    </Placemark>
    <Placemark>
      <name>CJ Home Services</name>
      <description><![CDATA[Display Name: CJ Home Services<br>Phone: (860) 946-9802<br>Energize CT?: Yes]]></description>
      <styleUrl>#pt</styleUrl>
      <Point><coordinates>-72.973695529277,41.887453644006,0</coordinates></Point>
    </Placemark>
    <Placemark>
      <name>Clean Climate HVAC</name>
      <description><![CDATA[Display Name: Clean Climate HVAC<br>Phone: (959) 241-0611<br>Energize CT?: Yes]]></description>
      <styleUrl>#pt</styleUrl>
      <Point><coordinates>-72.537985144649,41.888972727122,0</coordinates></Point>
    </Placemark>
    <Placemark>
      <name>CLEAResult</name>
      <description><![CDATA[Display Name: CLEAResult<br>Phone: (401) 640-4206<br>Energize CT?: Yes]]></description>
      <styleUrl>#pt</styleUrl>
      <Point><coordinates>-71.450295427522,41.664014067266,0</coordinates></Point>
    </Placemark>
    <Placemark>
      <name>Climate Care LLC</name>
      <description><![CDATA[Display Name: Climate Care LLC<br>Town: Norwalk<br>Phone: (203) 354-2020<br>Services: DHW, Heat, Cool<br>Energize CT?: Yes]]></description>
      <styleUrl>#pt</styleUrl>
      <Point><coordinates>-73.39088582142,41.126209123232,0</coordinates></Point>
    </Placemark>
    <Placemark>
      <name>Climate Masters LLC</name>
      <description><![CDATA[Display Name: Climate Masters LLC<br>Town: Clinton<br>Phone: (203) 907-5833<br>Services: DHW, Heat, Cool<br>Energize CT?: Yes]]></description>
      <styleUrl>#pt</styleUrl>
      <Point><coordinates>-72.510530406346,41.291620119858,0</coordinates></Point>
    </Placemark>
    <Placemark>
      <name>Climatech Mechanical</name>
      <description><![CDATA[Display Name: Climatech Mechanical<br>Phone: (203) 269-1600<br>Energize CT?: Yes]]></description>
      <styleUrl>#pt</styleUrl>
      <Point><coordinates>-72.832882391248,41.43987262684,0</coordinates></Point>
    </Placemark>
    <Placemark>
      <name>Cloud9 Performance Insulation</name>
      <description><![CDATA[Display Name: Cloud9 Performance Insulation<br>Phone: (203) 202-1000<br>Energize CT?: Yes]]></description>
      <styleUrl>#pt</styleUrl>
      <Point><coordinates>-73.427161455258,41.08697352359,0</coordinates></Point>
    </Placemark>
    <Placemark>
      <name>CMC Energy Services</name>
      <description><![CDATA[Display Name: CMC<br>Town: Wallingford<br>Phone: (888) 403-3500<br>Services: HES, HES/IE, Aeroseal, Duct clean<br>Energize CT?: Yes]]></description>
      <styleUrl>#pt</styleUrl>
      <Point><coordinates>-72.791152617078,41.491245605985,0</coordinates></Point>
    </Placemark>
    <Placemark>
      <name>C&amp;N Mechanical Inc.</name>
      <description><![CDATA[Display Name: CN<br>Town: Glastonbury<br>Phone: (860) 243-0877<br>Services: DHW, Heat, Cool<br>Energize CT?: Yes]]></description>
      <styleUrl>#pt</styleUrl>
      <Point><coordinates>-72.591780660652,41.710255710187,0</coordinates></Point>
    </Placemark>
    <Placemark>
      <name>CNM Heating, Cooling &amp; Piping LLC</name>
      <description><![CDATA[Display Name: CNM Heating, Cooling & Piping LLC<br>Town: Storrs<br>Phone: (860) 933-2085<br>Services: DHW, Heat, Cool<br>Energize CT?: Yes]]></description>
      <styleUrl>#pt</styleUrl>
      <Point><coordinates>-72.208251501202,41.775165821793,0</coordinates></Point>
    </Placemark>
    <Placemark>
      <name>Coastal Mechanicial Services</name>
      <description><![CDATA[Display Name: Coastal Mechanicial Services<br>Phone: (203) 953-3732<br>Energize CT?: Yes]]></description>
      <styleUrl>#pt</styleUrl>
      <Point><coordinates>-73.142209863091,41.170120911994,0</coordinates></Point>
    </Placemark>
    <Placemark>
      <name>Coldfire Mechanical LLC</name>
      <description><![CDATA[Display Name: Coldfire Mechanical LLC<br>Town: Winsted<br>Phone: (860) 491-8321<br>Services: DHW, Heat, Cool<br>Energize CT?: Yes]]></description>
      <styleUrl>#pt</styleUrl>
      <Point><coordinates>-73.06511,41.92482,0</coordinates></Point>
    </Placemark>
    <Placemark>
      <name>Collins &amp; Co</name>
      <description><![CDATA[Display Name: Collins & Co<br>Phone: (860) 870-9803<br>Energize CT?: Yes]]></description>
      <styleUrl>#pt</styleUrl>
      <Point><coordinates>-72.602914623227,41.915214935761,0</coordinates></Point>
    </Placemark>
    <Placemark>
      <name>Comfort Solutions Heating And Cooling</name>
      <description><![CDATA[Display Name: Comfort Solutions Heating And Cooling<br>Town: Southington<br>Phone: (860) 620-2786<br>Services: DHW, Heat, Cool<br>Energize CT?: Yes]]></description>
      <styleUrl>#pt</styleUrl>
      <Point><coordinates>-72.916003115046,41.60719734695,0</coordinates></Point>
    </Placemark>
    <Placemark>
      <name>Comfort Zone Inc</name>
      <description><![CDATA[Display Name: Comfort Zone Inc<br>Phone: (401) 439-8667<br>Energize CT?: Yes]]></description>
      <styleUrl>#pt</styleUrl>
      <Point><coordinates>-71.765352093438,41.473759229785,0</coordinates></Point>
    </Placemark>
    <Placemark>
      <name>Comfortable Environments</name>
      <description><![CDATA[Display Name: Comfortable Environments<br>Phone: (203) 876-2140<br>Energize CT?: Yes]]></description>
      <styleUrl>#pt</styleUrl>
      <Point><coordinates>-73.04442693486,41.253108450569,0</coordinates></Point>
    </Placemark>
    <Placemark>
      <name>Community Renewal Team</name>
      <description><![CDATA[Display Name: Community Renewal Team<br>Phone: (860) 560-5614<br>Energize CT?: Yes]]></description>
      <styleUrl>#pt</styleUrl>
      <Point><coordinates>-72.671878408907,41.78118614804,0</coordinates></Point>
    </Placemark>
    <Placemark>
      <name>Company One Contracting LLC</name>
      <description><![CDATA[Display Name: Company One Contracting LLC<br>Phone: (860) 977-4104<br>Energize CT?: Yes]]></description>
      <styleUrl>#pt</styleUrl>
      <Point><coordinates>-72.626188690584,41.780470694742,0</coordinates></Point>
    </Placemark>
    <Placemark>
      <name>Compass Mechanical</name>
      <description><![CDATA[Display Name: Compass Mechanical<br>Phone: (860) 681-8678<br>Energize CT?: Yes]]></description>
      <styleUrl>#pt</styleUrl>
      <Point><coordinates>-73.071356420562,41.945715975611,0</coordinates></Point>
    </Placemark>
    <Placemark>
      <name>Complete Climate Control LLC</name>
      <description><![CDATA[Display Name: Complete Climate Control LLC<br>Phone: (860) 978-5085<br>Energize CT?: Yes]]></description>
      <styleUrl>#pt</styleUrl>
      <Point><coordinates>-72.58551,41.97906,0</coordinates></Point>
    </Placemark>
    <Placemark>
      <name>Conditioned Air Systems</name>
      <description><![CDATA[Display Name: Conditioned Air Systems<br>Town: North Haven<br>Phone: (203) 230-2121<br>Services: DHW, Heat, Cool<br>Energize CT?: Yes]]></description>
      <styleUrl>#pt</styleUrl>
      <Point><coordinates>-72.86253214755,41.389009505451,0</coordinates></Point>
    </Placemark>
    <Placemark>
      <name>Connecticut Air Systems, Inc</name>
      <description><![CDATA[Display Name: Connecticut Air Systems, Inc<br>Town: Milford<br>Phone: (203) 877-4070<br>Services: DHW, Heat, Cool<br>Energize CT?: Yes]]></description>
      <styleUrl>#pt</styleUrl>
      <Point><coordinates>-73.097270729565,41.20889857297,0</coordinates></Point>
    </Placemark>
    <Placemark>
      <name>Connecticut Airconditioning Sheetmetal Heating LLC</name>
      <description><![CDATA[Display Name: Connecticut Airconditioning Sheetmetal Heating LLC<br>Phone: (860) 919-3631<br>Energize CT?: Yes]]></description>
      <styleUrl>#pt</styleUrl>
      <Point><coordinates>-72.881547266991,41.662698194614,0</coordinates></Point>
    </Placemark>
    <Placemark>
      <name>Connecticut Cooling and Heating</name>
      <description><![CDATA[Display Name: Connecticut Cooling and Heating<br>Phone: (860) 242-6295<br>Energize CT?: Yes]]></description>
      <styleUrl>#pt</styleUrl>
      <Point><coordinates>-72.730277167492,41.854948131959,0</coordinates></Point>
    </Placemark>
    <Placemark>
      <name>Connecticut Home Solutions LLC</name>
      <description><![CDATA[Display Name: Connecticut Home Solutions LLC<br>Phone: (800) 621-2965<br>Energize CT?: Yes]]></description>
      <styleUrl>#pt</styleUrl>
      <Point><coordinates>-72.819734127064,41.479458086631,0</coordinates></Point>
    </Placemark>
    <Placemark>
      <name>Connecticut Plumbing LLC</name>
      <description><![CDATA[Display Name: Connecticut Plumbing LLC<br>Phone: (203) 312-0182<br>Energize CT?: Yes]]></description>
      <styleUrl>#pt</styleUrl>
      <Point><coordinates>-73.502471741189,41.487456007118,0</coordinates></Point>
    </Placemark>
    <Placemark>
      <name>Consulting Engineering Services</name>
      <description><![CDATA[Display Name: Consulting Engineering Services<br>Phone: (860) 632-1682<br>Energize CT?: Yes]]></description>
      <styleUrl>#pt</styleUrl>
      <Point><coordinates>-72.721222511975,41.590377640657,0</coordinates></Point>
    </Placemark>
    <Placemark>
      <name>Controlled Air, Inc.</name>
      <description><![CDATA[Display Name: Controlled Air, Inc.<br>Town: Branford<br>Phone: (203) 481-3531<br>Services: DHW, Heat, Cool<br>Energize CT?: Yes]]></description>
      <styleUrl>#pt</styleUrl>
      <Point><coordinates>-72.777272989619,41.302455462936,0</coordinates></Point>
    </Placemark>
    <Placemark>
      <name>Cool Heat Mechanical</name>
      <description><![CDATA[Display Name: Cool Heat Mechanical<br>Phone: (860) 883-1837<br>Energize CT?: Yes]]></description>
      <styleUrl>#pt</styleUrl>
      <Point><coordinates>-72.756513385353,41.952725884415,0</coordinates></Point>
    </Placemark>
    <Placemark>
      <name>Cooling By Chris LLC</name>
      <description><![CDATA[Display Name: Cooling By Chris LLC<br>Phone: (203) 223-6111<br>Energize CT?: Yes]]></description>
      <styleUrl>#pt</styleUrl>
      <Point><coordinates>-73.448449232077,41.134632720189,0</coordinates></Point>
    </Placemark>
    <Placemark>
      <name>Copper Valley Heating</name>
      <description><![CDATA[Display Name: Copper Valley Heating<br>Phone: (203) 237-5019<br>Energize CT?: Yes]]></description>
      <styleUrl>#pt</styleUrl>
      <Point><coordinates>-72.782625564923,41.554322914155,0</coordinates></Point>
    </Placemark>
    <Placemark>
      <name>Corbett Hvac Services LLC</name>
      <description><![CDATA[Display Name: Corbett Hvac Services LLC<br>Town: Willimantic<br>Phone: (860) 942-0183<br>Services: Heat, Cool<br>Energize CT?: Yes]]></description>
      <styleUrl>#pt</styleUrl>
      <Point><coordinates>-72.203379581679,41.718685134237,0</coordinates></Point>
    </Placemark>
    <Placemark>
      <name>Country Mechanical Inc</name>
      <description><![CDATA[Display Name: Country Mechanical Inc<br>Phone: (203) 223-2990<br>Energize CT?: Yes]]></description>
      <styleUrl>#pt</styleUrl>
      <Point><coordinates>-73.211589871233,41.396443483947,0</coordinates></Point>
    </Placemark>
    <Placemark>
      <name>Cowan Heating &amp; Cooling</name>
      <description><![CDATA[Display Name: Cowan Heating & Cooling<br>Phone: (860) 608-5176<br>Energize CT?: Yes]]></description>
      <styleUrl>#pt</styleUrl>
      <Point><coordinates>-71.815101385124,41.583985297314,0</coordinates></Point>
    </Placemark>
    <Placemark>
      <name>Crest Mechanical Services, Inc.</name>
      <description><![CDATA[Display Name: Crest Mechanical Services, Inc.<br>Phone: (860) 724-3431<br>Energize CT?: Yes]]></description>
      <styleUrl>#pt</styleUrl>
      <Point><coordinates>-72.680199355445,41.77207407291,0</coordinates></Point>
    </Placemark>
    <Placemark>
      <name>Critical Cooling LLC</name>
      <description><![CDATA[Display Name: Critical Cooling LLC<br>Town: Torrington<br>Phone: (860) 601-6064<br>Services: DHW, Heat, Cool<br>Energize CT?: Yes]]></description>
      <styleUrl>#pt</styleUrl>
      <Point><coordinates>-73.114009137584,41.819113121298,0</coordinates></Point>
    </Placemark>
    <Placemark>
      <name>Crocco Mechanical</name>
      <description><![CDATA[Display Name: Crocco Mechanical<br>Phone: (203) 217-7792<br>Energize CT?: Yes]]></description>
      <styleUrl>#pt</styleUrl>
      <Point><coordinates>-73.117426537755,41.667467631314,0</coordinates></Point>
    </Placemark>
    <Placemark>
      <name>Cromwell Energy</name>
      <description><![CDATA[Display Name: Cromwell Energy<br>Town: Cromwell<br>Phone: (860) 635-1234<br>Services: DHW, Heat, Cool<br>Energize CT?: Yes]]></description>
      <styleUrl>#pt</styleUrl>
      <Point><coordinates>-72.645730204153,41.594017662773,0</coordinates></Point>
    </Placemark>
    <Placemark>
      <name>Crowell Heating &amp; Air Conditioning, Inc.</name>
      <description><![CDATA[Display Name: Crowell<br>Town: Meriden<br>Phone: (203) 237-7580<br>Services: Heat, Cool<br>Energize CT?: Yes]]></description>
      <styleUrl>#pt</styleUrl>
      <Point><coordinates>-72.756077697949,41.524388092647,0</coordinates></Point>
    </Placemark>
    <Placemark>
      <name>CT Heating and Air conditioning Service Enterprise LLC</name>
      <description><![CDATA[Display Name: CT Heating and Air conditioning Service Enterprise LLC<br>Phone: (203) 500-7758<br>Energize CT?: Yes]]></description>
      <styleUrl>#pt</styleUrl>
      <Point><coordinates>-72.910101866878,41.460338834356,0</coordinates></Point>
    </Placemark>
    <Placemark>
      <name>CT Home Energy Raters</name>
      <description><![CDATA[Display Name: CT Home Energy Raters<br>Phone: (860) 682-3907<br>Energize CT?: Yes]]></description>
      <styleUrl>#pt</styleUrl>
      <Point><coordinates>-72.527878302311,41.79912951763,0</coordinates></Point>
    </Placemark>
    <Placemark>
      <name>Custom Air Systems</name>
      <description><![CDATA[Display Name: Custom Air Systems<br>Town: Bridgeport<br>Phone: (203) 333-1906<br>Services: DHW, Heat, Cool<br>Energize CT?: Yes]]></description>
      <styleUrl>#pt</styleUrl>
      <Point><coordinates>-73.193091005833,41.191460342125,0</coordinates></Point>
    </Placemark>
    <Placemark>
      <name>Custom Ventilation LLC</name>
      <description><![CDATA[Display Name: Custom Ventilation LLC<br>Phone: (860) 429-2805<br>Energize CT?: Yes]]></description>
      <styleUrl>#pt</styleUrl>
      <Point><coordinates>-72.21885254735,41.905072534578,0</coordinates></Point>
    </Placemark>
    <Placemark>
      <name>CT Weatherproof Insulation</name>
      <description><![CDATA[Display Name: CWI<br>Town: Fairfield<br>Phone:  203-813-1597<br>Services: HES, HES/IE, Attic, Windows, DHW, DHW/IE, Heat, Heat/IE, Cool, Cool/IE<br>Energize CT?: Yes]]></description>
      <styleUrl>#pt</styleUrl>
      <Point><coordinates>-73.239144784075,41.162562142701,0</coordinates></Point>
    </Placemark>
    <Placemark>
      <name>D and G Heating And Air Conditioning</name>
      <description><![CDATA[Display Name: D and G Heating And Air Conditioning<br>Phone: (203) 947-8161<br>Energize CT?: Yes]]></description>
      <styleUrl>#pt</styleUrl>
      <Point><coordinates>-73.381350238086,41.562743321907,0</coordinates></Point>
    </Placemark>
    <Placemark>
      <name>D/E/F Services Group, Ltd</name>
      <description><![CDATA[Display Name: D/E/F Services Group, Ltd<br>Phone: (860) 376-4896<br>Energize CT?: Yes]]></description>
      <styleUrl>#pt</styleUrl>
      <Point><coordinates>-72.386190934722,41.298487041986,0</coordinates></Point>
    </Placemark>
    <Placemark>
      <name>D&amp;D Mechanical</name>
      <description><![CDATA[Display Name: D&D Mechanical<br>Phone: (203) 808-7467<br>Energize CT?: Yes]]></description>
      <styleUrl>#pt</styleUrl>
      <Point><coordinates>-72.87295806661,41.254864893452,0</coordinates></Point>
    </Placemark>
    <Placemark>
      <name>D&amp;E Air Solutions LLC</name>
      <description><![CDATA[Display Name: D&E Air Solutions LLC<br>Town: Bristol<br>Phone: (860) 637-4309<br>Services: DHW, Heat, Cool<br>Energize CT?: Yes]]></description>
      <styleUrl>#pt</styleUrl>
      <Point><coordinates>-72.948241556823,41.706500145719,0</coordinates></Point>
    </Placemark>
    <Placemark>
      <name>D&amp;E Heating And Cooling</name>
      <description><![CDATA[Display Name: D&E Heating And Cooling<br>Phone: (203) 996-7705<br>Energize CT?: Yes]]></description>
      <styleUrl>#pt</styleUrl>
      <Point><coordinates>-72.793588458072,41.372457453333,0</coordinates></Point>
    </Placemark>
    <Placemark>
      <name>D&amp;S Mechanical LLP</name>
      <description><![CDATA[Display Name: D&S Mechanical LLP<br>Phone: (860) 777-4822<br>Energize CT?: Yes]]></description>
      <styleUrl>#pt</styleUrl>
      <Point><coordinates>-72.909489987992,41.994815025459,0</coordinates></Point>
    </Placemark>
    <Placemark>
      <name>D&amp;V Mechanical</name>
      <description><![CDATA[Display Name: D&V Mechanical<br>Phone: (401) 741-2704<br>Energize CT?: Yes]]></description>
      <styleUrl>#pt</styleUrl>
      <Point><coordinates>-71.806116884376,41.379486819184,0</coordinates></Point>
    </Placemark>
    <Placemark>
      <name>Dadalt Heat And Air Conditioning LLC</name>
      <description><![CDATA[Display Name: Dadalt Heat And Air Conditioning LLC<br>Phone: (860) 836-3458<br>Energize CT?: Yes]]></description>
      <styleUrl>#pt</styleUrl>
      <Point><coordinates>-72.480305565201,41.827060759947,0</coordinates></Point>
    </Placemark>
    <Placemark>
      <name>Dalling Heating &amp; Air Conditioning LLC</name>
      <description><![CDATA[Display Name: Dalling Heating & Air Conditioning LLC<br>Phone: (203) 231-3943<br>Energize CT?: Yes]]></description>
      <styleUrl>#pt</styleUrl>
      <Point><coordinates>-73.148363760888,41.327960605513,0</coordinates></Point>
    </Placemark>
    <Placemark>
      <name>Danbury Insulation Co</name>
      <description><![CDATA[Display Name: Danbury Insulation Co<br>Phone: (475) 289-8048<br>Energize CT?: Yes]]></description>
      <styleUrl>#pt</styleUrl>
      <Point><coordinates>-73.431398322762,41.394895629924,0</coordinates></Point>
    </Placemark>
    <Placemark>
      <name>Dandelion Energy, Inc.</name>
      <description><![CDATA[Display Name: Dandelion Energy, Inc.<br>Town: Mount Kisco<br>Phone: (833) 436-4255<br>Services: DHW, Heat, Cool, GSHP<br>Energize CT?: Yes]]></description>
      <styleUrl>#pt</styleUrl>
      <Point><coordinates>-73.717532926729,41.219112173833,0</coordinates></Point>
    </Placemark>
    <Placemark>
      <name>Daniels Oil Company Inc.</name>
      <description><![CDATA[Display Name: Daniels Oil Company Inc.<br>Town: Portland<br>Phone: (860) 342-3778<br>Services: DHW, Heat, Cool<br>Energize CT?: Yes]]></description>
      <styleUrl>#pt</styleUrl>
      <Point><coordinates>-72.631261615339,41.57043983702,0</coordinates></Point>
    </Placemark>
    <Placemark>
      <name>Dave&apos;S Hvac LLC</name>
      <description><![CDATA[Display Name: Dave'S Hvac LLC<br>Town: Southington<br>Phone: (860) 637-0115<br>Services: DHW, Heat, Cool<br>Energize CT?: Yes]]></description>
      <styleUrl>#pt</styleUrl>
      <Point><coordinates>-72.846298928402,41.57396142307,0</coordinates></Point>
    </Placemark>
    <Placemark>
      <name>Daves Heating and Air</name>
      <description><![CDATA[Display Name: Daves Heating and Air<br>Phone: (860) 799-0755<br>Energize CT?: Yes]]></description>
      <styleUrl>#pt</styleUrl>
      <Point><coordinates>-73.4102606288,41.534089810318,0</coordinates></Point>
    </Placemark>
    <Placemark>
      <name>DCC Propane/Saveway Petroleum</name>
      <description><![CDATA[Display Name: DCC Propane/Saveway Petroleum<br>Phone: (860) 779-2500<br>Energize CT?: Yes]]></description>
      <styleUrl>#pt</styleUrl>
      <Point><coordinates>-71.8686407845,41.809197642246,0</coordinates></Point>
    </Placemark>
    <Placemark>
      <name>Debow Mechanical Services LLC</name>
      <description><![CDATA[Display Name: Debow Mechanical Services LLC<br>Town: Wethersfield<br>Phone: (860) 956-8716<br>Services: DHW, Heat, Cool<br>Energize CT?: Yes]]></description>
      <styleUrl>#pt</styleUrl>
      <Point><coordinates>-72.65343,41.7101,0</coordinates></Point>
    </Placemark>
    <Placemark>
      <name>Delponte Plumbing &amp; Heating, LLC</name>
      <description><![CDATA[Display Name: Delponte Plumbing & Heating, LLC<br>Phone: (860) 633-3374<br>Energize CT?: Yes]]></description>
      <styleUrl>#pt</styleUrl>
      <Point><coordinates>-72.591495623735,41.711399295599,0</coordinates></Point>
    </Placemark>
    <Placemark>
      <name>Densmore Oil Co Inc</name>
      <description><![CDATA[Display Name: Densmore Oil Co Inc<br>Phone: (860) 536-7927<br>Energize CT?: Yes]]></description>
      <styleUrl>#pt</styleUrl>
      <Point><coordinates>-71.972577607837,41.351416987124,0</coordinates></Point>
    </Placemark>
    <Placemark>
      <name>Dependable Energy</name>
      <description><![CDATA[Display Name: Dependable Energy<br>Phone: (203) 758-5831<br>Energize CT?: Yes]]></description>
      <styleUrl>#pt</styleUrl>
      <Point><coordinates>-73.001113718,41.505962069227,0</coordinates></Point>
    </Placemark>
    <Placemark>
      <name>Dependable Heating &amp; Cooling</name>
      <description><![CDATA[Display Name: Dependable Heating & Cooling<br>Phone: (203) 823-2648<br>Energize CT?: Yes]]></description>
      <styleUrl>#pt</styleUrl>
      <Point><coordinates>-72.757564565791,41.332750631844,0</coordinates></Point>
    </Placemark>
    <Placemark>
      <name>Designed Air Systems, LLC</name>
      <description><![CDATA[Display Name: Designed Air Systems, LLC<br>Town: East Hampton<br>Phone: (860) 839-2021<br>Services: DHW, Heat, Cool<br>Energize CT?: Yes]]></description>
      <styleUrl>#pt</styleUrl>
      <Point><coordinates>-72.484612124683,41.608071063301,0</coordinates></Point>
    </Placemark>
    <Placemark>
      <name>Diamond Mechanical</name>
      <description><![CDATA[Display Name: Diamond Mechanical<br>Phone: (959) 799-3506<br>Energize CT?: Yes]]></description>
      <styleUrl>#pt</styleUrl>
      <Point><coordinates>-73.272234558311,41.435193844758,0</coordinates></Point>
    </Placemark>
    <Placemark>
      <name>DME Ductless and HVAC</name>
      <description><![CDATA[Display Name: DME Ductless and HVAC<br>Phone: (203) 586-9026<br>Energize CT?: Yes]]></description>
      <styleUrl>#pt</styleUrl>
      <Point><coordinates>-73.215483007536,41.476874601471,0</coordinates></Point>
    </Placemark>
    <Placemark>
      <name>Donnelly Heating &amp; A/C Maintenance, Inc.</name>
      <description><![CDATA[Display Name: Donnelly Heating & A/C Maintenance, Inc.<br>Town: Danbury<br>Phone: (203) 744-1045<br>Services: DHW, Heat, Cool<br>Energize CT?: Yes]]></description>
      <styleUrl>#pt</styleUrl>
      <Point><coordinates>-73.420979063812,41.384583705005,0</coordinates></Point>
    </Placemark>
    <Placemark>
      <name>Douglas Mechanical Service, Inc</name>
      <description><![CDATA[Display Name: Douglas<br>Town: Berlin<br>Phone: (860) 357-4952<br>Services: DHW, Heat, Cool<br>Energize CT?: Yes]]></description>
      <styleUrl>#pt</styleUrl>
      <Point><coordinates>-72.764311257278,41.607267071173,0</coordinates></Point>
    </Placemark>
    <Placemark>
      <name>Douglas Plumbing Heating &amp; Air Conditioning LLC</name>
      <description><![CDATA[Display Name: Douglas Plumbing Heating & Air Conditioning LLC<br>Phone: (860) 677-4522<br>Energize CT?: Yes]]></description>
      <styleUrl>#pt</styleUrl>
      <Point><coordinates>-72.866060918598,41.73820863787,0</coordinates></Point>
    </Placemark>
    <Placemark>
      <name>Dr. Energy Saver of Connecticut</name>
      <description><![CDATA[Display Name: Dr. Energy Saver of Connecticut<br>Phone: (800) 541-0487<br>Energize CT?: Yes]]></description>
      <styleUrl>#pt</styleUrl>
      <Point><coordinates>-73.055053637232,41.391307516334,0</coordinates></Point>
    </Placemark>
    <Placemark>
      <name>DS Comfort Control LLC</name>
      <description><![CDATA[Display Name: DS Comfort Control LLC<br>Phone: (860) 729-6697<br>Energize CT?: Yes]]></description>
      <styleUrl>#pt</styleUrl>
      <Point><coordinates>-72.366534965715,41.79343401317,0</coordinates></Point>
    </Placemark>
    <Placemark>
      <name>Duct Diagnostics</name>
      <description><![CDATA[Display Name: Duct Diagnostics<br>Town: Milford<br>Phone: 203.734.1532<br>Services: Aeroseal, Duct clean<br>Energize CT?: Yes]]></description>
      <styleUrl>#pt</styleUrl>
      <Point><coordinates>-73.080436038853,41.211344383772,0</coordinates></Point>
    </Placemark>
    <Placemark>
      <name>Ductless Homes</name>
      <description><![CDATA[Display Name: Ductless Homes<br>Town: North Branford<br>Phone: (203) 208-1398<br>Services: DHW, Heat, Cool<br>Energize CT?: Yes]]></description>
      <styleUrl>#pt</styleUrl>
      <Point><coordinates>-72.808372409617,41.340696879372,0</coordinates></Point>
    </Placemark>
    <Placemark>
      <name>Ductworks Hvac Services LLC</name>
      <description><![CDATA[Display Name: Ductworks<br>Town: Southington<br>Phone: (860) 621-6295<br>Services: DHW, Heat, Cool<br>Energize CT?: Yes]]></description>
      <styleUrl>#pt</styleUrl>
      <Point><coordinates>-72.880503713179,41.63217248405,0</coordinates></Point>
    </Placemark>
    <Placemark>
      <name>Duncklee, Inc.</name>
      <description><![CDATA[Display Name: Duncklee, Inc.<br>Town: Stonington<br>Phone: (860) 535-2552<br>Services: DHW, Heat, Cool<br>Energize CT?: Yes]]></description>
      <styleUrl>#pt</styleUrl>
      <Point><coordinates>-71.898920836135,41.395635201975,0</coordinates></Point>
    </Placemark>
    <Placemark>
      <name>Dutch Oil Co. &amp; Propane, LLC</name>
      <description><![CDATA[Display Name: Dutch Oil Co. & Propane, LLC<br>Town: Moodus<br>Phone: (860) 873-3876<br>Services: DHW, Heat, Cool<br>Energize CT?: Yes]]></description>
      <styleUrl>#pt</styleUrl>
      <Point><coordinates>-72.446154506089,41.502592455706,0</coordinates></Point>
    </Placemark>
    <Placemark>
      <name>Dynamic Building &amp; Energy Solutions</name>
      <description><![CDATA[Display Name: DynaBuild<br>Town: Stonington<br>Phone: 8605358118<br>Services: HES, Attic, Bsmt, Wall<br>Energize CT?: Yes]]></description>
      <styleUrl>#pt</styleUrl>
      <Point><coordinates>-71.90166,41.38383,0</coordinates></Point>
    </Placemark>
    <Placemark>
      <name>Dynamic Mechanical Plumbing Heating &amp; Air Conditioning</name>
      <description><![CDATA[Display Name: Dynamic Mechanical Plumbing Heating & Air Conditioning<br>Town: Plainville<br>Phone: (860) 589-8367<br>Services: DHW, Heat, Cool<br>Energize CT?: Yes]]></description>
      <styleUrl>#pt</styleUrl>
      <Point><coordinates>-72.874839957273,41.657341869546,0</coordinates></Point>
    </Placemark>
    <Placemark>
      <name>E. Debrito Co., Inc</name>
      <description><![CDATA[Display Name: E. Debrito Co., Inc<br>Phone: (203) 798-2350<br>Energize CT?: Yes]]></description>
      <styleUrl>#pt</styleUrl>
      <Point><coordinates>-73.426396922339,41.409629819133,0</coordinates></Point>
    </Placemark>
    <Placemark>
      <name>EAM Associates</name>
      <description><![CDATA[Display Name: EAM Associates<br>Phone: (732) 556-9190 ext. 210<br>Energize CT?: Yes]]></description>
      <styleUrl>#pt</styleUrl>
      <Point><coordinates>-72.58551,41.97906,0</coordinates></Point>
    </Placemark>
    <Placemark>
      <name>Earth Core Energy Services</name>
      <description><![CDATA[Display Name: Earth Core Energy Services<br>Town: Waterbury<br>Phone: (203) 819-2473<br>Services: DHW, Heat, Cool<br>Energize CT?: Yes]]></description>
      <styleUrl>#pt</styleUrl>
      <Point><coordinates>-73.042510983387,41.55495486231,0</coordinates></Point>
    </Placemark>
    <Placemark>
      <name>Earth Smart Solar</name>
      <description><![CDATA[Display Name: Earth Smart Solar<br>Town: Rocky Hill <br>Phone: (203) 200-0084<br>Energize CT?: Yes]]></description>
      <styleUrl>#pt</styleUrl>
      <Point><coordinates>-72.63106189613,41.647621987699,0</coordinates></Point>
    </Placemark>
    <Placemark>
      <name>Earthlight Technologies, LLC</name>
      <description><![CDATA[Display Name: Earthlight<br>Town: Ellington<br>Phone: (860) 871-9700 ext. 145<br>Services: PV, Storage<br>Energize CT?: Yes]]></description>
      <styleUrl>#pt</styleUrl>
      <Point><coordinates>-72.464211277938,41.880984604115,0</coordinates></Point>
    </Placemark>
    <Placemark>
      <name>East Coast Mechanical, Inc.</name>
      <description><![CDATA[Display Name: East Coast Mechanical, Inc.<br>Phone: (203) 915-0151<br>Energize CT?: Yes]]></description>
      <styleUrl>#pt</styleUrl>
      <Point><coordinates>-72.894818975083,41.531845885897,0</coordinates></Point>
    </Placemark>
    <Placemark>
      <name>East River Energy</name>
      <description><![CDATA[Display Name: East River Energy<br>Phone: (203) 453-1200<br>Energize CT?: Yes]]></description>
      <styleUrl>#pt</styleUrl>
      <Point><coordinates>-72.658101262674,41.280168576401,0</coordinates></Point>
    </Placemark>
    <Placemark>
      <name>Eco Energy Guard, LLC</name>
      <description><![CDATA[Display Name: Eco Energy Guard, LLC<br>Phone: (860) 690-5465<br>Energize CT?: Yes]]></description>
      <styleUrl>#pt</styleUrl>
      <Point><coordinates>-72.90460464704,41.82423531716,0</coordinates></Point>
    </Placemark>
    <Placemark>
      <name>Eco Home Comfort System, LLC</name>
      <description><![CDATA[Display Name: Eco Home Comfort System, LLC<br>Phone: (860) 922-6484<br>Energize CT?: Yes]]></description>
      <styleUrl>#pt</styleUrl>
      <Point><coordinates>-73.236066077722,41.843894729889,0</coordinates></Point>
    </Placemark>
    <Placemark>
      <name>EcoSmart Home Services</name>
      <description><![CDATA[Display Name: EcoSmart<br>Town: East Berlin<br>Phone: (860) 828-6626<br>Services: HES, HES/IE, Attic, GSHP, PV, Storage, EV<br>Energize CT?: Yes]]></description>
      <styleUrl>#pt</styleUrl>
      <Point><coordinates>-72.719672019821,41.621993958932,0</coordinates></Point>
    </Placemark>
    <Placemark>
      <name>Edgerton, Inc</name>
      <description><![CDATA[Display Name: Edgerton<br>Town: Monroe<br>Phone: (203) 268-6279<br>Services: DHW, Heat, Cool<br>Energize CT?: Yes]]></description>
      <styleUrl>#pt</styleUrl>
      <Point><coordinates>-73.259838122432,41.34493920361,0</coordinates></Point>
    </Placemark>
    <Placemark>
      <name>Energy Efficiencies Solutions</name>
      <description><![CDATA[Display Name: EES<br>Town: Windsor<br>Phone: 860-580-9076<br>Services: HES, HES/IE, Attic<br>Energize CT?: Yes]]></description>
      <styleUrl>#pt</styleUrl>
      <Point><coordinates>-72.638779410647,41.860837280193,0</coordinates></Point>
    </Placemark>
    <Placemark>
      <name>Efficient Lighting &amp; Maintenance</name>
      <description><![CDATA[Display Name: Efficient Lighting & Maintenance<br>Phone: (203) 794-7506<br>Energize CT?: Yes]]></description>
      <styleUrl>#pt</styleUrl>
      <Point><coordinates>-73.40181581293,41.453012068081,0</coordinates></Point>
    </Placemark>
    <Placemark>
      <name>Evergreen Heating And Cooling LLC</name>
      <description><![CDATA[Display Name: eGreen HVAC<br>Town: Hamden<br>Phone: (203) 288-3315<br>Services: DHW, Heat, Cool, GSHP<br>Energize CT?: Yes]]></description>
      <styleUrl>#pt</styleUrl>
      <Point><coordinates>-72.919859697132,41.401669520909,0</coordinates></Point>
    </Placemark>
    <Placemark>
      <name>EJ HVAC LLC</name>
      <description><![CDATA[Display Name: EJ HVAC LLC<br>Phone: (860) 543-2410<br>Energize CT?: Yes]]></description>
      <styleUrl>#pt</styleUrl>
      <Point><coordinates>-72.647533223918,41.611745238379,0</coordinates></Point>
    </Placemark>
    <Placemark>
      <name>EJB Construction</name>
      <description><![CDATA[Display Name: EJB Construction<br>Phone: (860) 639-0677<br>Energize CT?: Yes]]></description>
      <styleUrl>#pt</styleUrl>
      <Point><coordinates>-72.048233335214,41.559867934203,0</coordinates></Point>
    </Placemark>
    <Placemark>
      <name>El Eden</name>
      <description><![CDATA[Display Name: El Eden<br>Phone: (860) 816-1385<br>Energize CT?: Yes]]></description>
      <styleUrl>#pt</styleUrl>
      <Point><coordinates>-72.800811298887,41.543015248636,0</coordinates></Point>
    </Placemark>
    <Placemark>
      <name>Eli</name>
      <description><![CDATA[Display Name: Eli<br>Phone: (415) 902-0217<br>Energize CT?: Yes]]></description>
      <styleUrl>#pt</styleUrl>
      <Point><coordinates>-122.400543721307,37.790064792158,0</coordinates></Point>
    </Placemark>
    <Placemark>
      <name>Elite Comfort LLC</name>
      <description><![CDATA[Display Name: Elite Comfort LLC<br>Phone: (860) 866-6018<br>Energize CT?: Yes]]></description>
      <styleUrl>#pt</styleUrl>
      <Point><coordinates>-73.104094051788,41.78399689481,0</coordinates></Point>
    </Placemark>
    <Placemark>
      <name>Elite Contracting &amp; Equipment Services</name>
      <description><![CDATA[Display Name: Elite Contracting & Equipment Services<br>Phone: (860) 218-5158<br>Energize CT?: Yes]]></description>
      <styleUrl>#pt</styleUrl>
      <Point><coordinates>-72.549069830847,41.796075952829,0</coordinates></Point>
    </Placemark>
    <Placemark>
      <name>Elite Heating And Cooling LLC</name>
      <description><![CDATA[Display Name: Elite Heating And Cooling LLC<br>Phone: (203) 516-5595<br>Energize CT?: Yes]]></description>
      <styleUrl>#pt</styleUrl>
      <Point><coordinates>-73.103900764282,41.347152369735,0</coordinates></Point>
    </Placemark>
    <Placemark>
      <name>ELM Consulting</name>
      <description><![CDATA[Display Name: ELM Consulting<br>Phone: (203) 219-0318<br>Energize CT?: Yes]]></description>
      <styleUrl>#pt</styleUrl>
      <Point><coordinates>-73.470112696528,41.074530112623,0</coordinates></Point>
    </Placemark>
    <Placemark>
      <name>Emcor Services New England Mechanical</name>
      <description><![CDATA[Display Name: Emcor Services New England Mechanical<br>Town: South Windsor<br>Phone: (860) 871-1111<br>Services: DHW, Heat, Cool<br>Energize CT?: Yes]]></description>
      <styleUrl>#pt</styleUrl>
      <Point><coordinates>-72.505530659713,41.82239448736,0</coordinates></Point>
    </Placemark>
    <Placemark>
      <name>Eastern Mechancical Services</name>
      <description><![CDATA[Display Name: EMS<br>Town: Oxford<br>Phone: (203) 792-7668<br>Energize CT?: Yes]]></description>
      <styleUrl>#pt</styleUrl>
      <Point><coordinates>-73.151330401292,41.463499296646,0</coordinates></Point>
    </Placemark>
    <Placemark>
      <name>Encon Heating &amp; AC</name>
      <description><![CDATA[Display Name: Encon Heating & AC<br>Phone: (203) 375-5228<br>Energize CT?: Yes]]></description>
      <styleUrl>#pt</styleUrl>
      <Point><coordinates>-73.145654992299,41.168260696635,0</coordinates></Point>
    </Placemark>
    <Placemark>
      <name>Energy Air</name>
      <description><![CDATA[Display Name: Energy Air<br>Town: Guilford<br>Phone: (203) 453-8354<br>Services: DHW, Heat, Cool<br>Energize CT?: Yes]]></description>
      <styleUrl>#pt</styleUrl>
      <Point><coordinates>-72.658912708444,41.283778440349,0</coordinates></Point>
    </Placemark>
    <Placemark>
      <name>Energy Resources Usa LLC.</name>
      <description><![CDATA[Display Name: Energy Resources Usa LLC.<br>Town: Thomaston<br>Phone: (860) 880-8300<br>Services: DHW, Heat, Cool<br>Energize CT?: Yes]]></description>
      <styleUrl>#pt</styleUrl>
      <Point><coordinates>-73.083155095295,41.659240165978,0</coordinates></Point>
    </Placemark>
    <Placemark>
      <name>Energy Solutions</name>
      <description><![CDATA[Display Name: Energy Solutions<br>Phone: (203) 922-8200, ext. 3<br>Energize CT?: Yes]]></description>
      <styleUrl>#pt</styleUrl>
      <Point><coordinates>-73.114808270685,41.276433924513,0</coordinates></Point>
    </Placemark>
    <Placemark>
      <name>Energy Spray Systems, LLC</name>
      <description><![CDATA[Display Name: Energy Spray Systems, LLC<br>Phone: (203) 536-3388<br>Energize CT?: Yes]]></description>
      <styleUrl>#pt</styleUrl>
      <Point><coordinates>-73.547870808826,41.042101369957,0</coordinates></Point>
    </Placemark>
    <Placemark>
      <name>Energy Testing Services</name>
      <description><![CDATA[Display Name: Energy Testing Services<br>Phone: (203) 952-1328<br>Energize CT?: Yes]]></description>
      <styleUrl>#pt</styleUrl>
      <Point><coordinates>-73.403491821313,41.107480094013,0</coordinates></Point>
    </Placemark>
    <Placemark>
      <name>Energy Unlimited, LLC</name>
      <description><![CDATA[Display Name: Energy Unlimited, LLC<br>Town: Bolton<br>Phone: (860) 643-8334<br>Services: Heat, Cool, Duct clean<br>Energize CT?: Yes]]></description>
      <styleUrl>#pt</styleUrl>
      <Point><coordinates>-72.421348281643,41.797347214175,0</coordinates></Point>
    </Placemark>
    <Placemark>
      <name>EnergyMasters LLC</name>
      <description><![CDATA[Display Name: EnergyMasters LLC<br>Phone: (860) 922-9197<br>Energize CT?: Yes]]></description>
      <styleUrl>#pt</styleUrl>
      <Point><coordinates>-72.661843952026,41.933071191424,0</coordinates></Point>
    </Placemark>
    <Placemark>
      <name>Environmental Engineering Inc</name>
      <description><![CDATA[Display Name: Environmental Engineering Inc<br>Town: Milford<br>Phone: (203) 874-0812<br>Services: DHW, Heat, Cool<br>Energize CT?: Yes]]></description>
      <styleUrl>#pt</styleUrl>
      <Point><coordinates>-73.031812297344,41.22858366479,0</coordinates></Point>
    </Placemark>
    <Placemark>
      <name>Environmental Systems Corp</name>
      <description><![CDATA[Display Name: Environmental Systems Corp<br>Town: West Hartford<br>Phone: (860) 953-8800<br>Services: DHW, Heat, Cool<br>Energize CT?: Yes]]></description>
      <styleUrl>#pt</styleUrl>
      <Point><coordinates>-72.726400369616,41.722948939603,0</coordinates></Point>
    </Placemark>
    <Placemark>
      <name>Evolution Air, LLC</name>
      <description><![CDATA[Display Name: Evolution Air, LLC<br>Town: Stamford<br>Phone: (203) 724-9814<br>Services: DHW, Heat, Cool<br>Energize CT?: Yes]]></description>
      <styleUrl>#pt</styleUrl>
      <Point><coordinates>-73.551538831514,41.036014505394,0</coordinates></Point>
    </Placemark>
    <Placemark>
      <name>F. J. Chard &amp; Son, Inc.</name>
      <description><![CDATA[Display Name: F. J. Chard & Son, Inc.<br>Phone: (860) 777-5144<br>Energize CT?: Yes]]></description>
      <styleUrl>#pt</styleUrl>
      <Point><coordinates>-72.942159125937,41.73306578824,0</coordinates></Point>
    </Placemark>
    <Placemark>
      <name>F+F Mechanical Service, LLC</name>
      <description><![CDATA[Display Name: F+F Mechanical Service, LLC<br>Phone: (203) 239-7025<br>Energize CT?: Yes]]></description>
      <styleUrl>#pt</styleUrl>
      <Point><coordinates>-72.846657684639,41.42165396943,0</coordinates></Point>
    </Placemark>
    <Placemark>
      <name>Fahrenheit Mechanical Services, Inc.</name>
      <description><![CDATA[Display Name: Fahrenheit Mechanical Services, Inc.<br>Town: Broad Brook<br>Phone: (860) 623-1991<br>Services: DHW, Heat, Cool<br>Energize CT?: Yes]]></description>
      <styleUrl>#pt</styleUrl>
      <Point><coordinates>-72.539974433691,41.917330380372,0</coordinates></Point>
    </Placemark>
    <Placemark>
      <name>Fairgrounds Heating And Air Conditioning LLC</name>
      <description><![CDATA[Display Name: Fairgrounds Heating And Air Conditioning LLC<br>Phone: (203) 994-4315<br>Energize CT?: Yes]]></description>
      <styleUrl>#pt</styleUrl>
      <Point><coordinates>-73.481073516908,41.364608049956,0</coordinates></Point>
    </Placemark>
    <Placemark>
      <name>Farmington Valley Home Services</name>
      <description><![CDATA[Display Name: Farmington Valley Home Services<br>Town: Goshen<br>Phone: (860) 480-2545<br>Services: DHW, Heat, Cool<br>Energize CT?: Yes]]></description>
      <styleUrl>#pt</styleUrl>
      <Point><coordinates>-73.237432085814,41.831087208115,0</coordinates></Point>
    </Placemark>
    <Placemark>
      <name>F. F. Hitchcock Company, Inc.</name>
      <description><![CDATA[Display Name: FF Hitchcock<br>Town: Cheshire<br>Phone: (203) 272-5400<br>Services: DHW, Heat, Cool, Elect<br>Energize CT?: Yes]]></description>
      <styleUrl>#pt</styleUrl>
      <Point><coordinates>-72.88755,41.52187,0</coordinates></Point>
    </Placemark>
    <Placemark>
      <name>FHC LLC</name>
      <description><![CDATA[Display Name: FHC LLC<br>Phone: (203) 372-9460<br>Energize CT?: Yes]]></description>
      <styleUrl>#pt</styleUrl>
      <Point><coordinates>-73.202283766585,41.178841886753,0</coordinates></Point>
    </Placemark>
    <Placemark>
      <name>Fire And Ice Heating And Air Conditioning</name>
      <description><![CDATA[Display Name: Fire Ice<br>Town: Granby<br>Phone: (860) 982-0638<br>Services: DHW, Heat, Cool<br>Energize CT?: Yes]]></description>
      <styleUrl>#pt</styleUrl>
      <Point><coordinates>-72.800618390943,41.986758308358,0</coordinates></Point>
    </Placemark>
    <Placemark>
      <name>Fogarty&apos;s Home Services</name>
      <description><![CDATA[Display Name: Fogarty's Home Services<br>Phone: (860) 219-0499<br>Energize CT?: Yes]]></description>
      <styleUrl>#pt</styleUrl>
      <Point><coordinates>-72.708416136946,41.881445924629,0</coordinates></Point>
    </Placemark>
    <Placemark>
      <name>Fontaine Mechanical Heating, Cooling &amp; Plumbing</name>
      <description><![CDATA[Display Name: Fontaine Mechanical Heating, Cooling & Plumbing<br>Town: Bristol<br>Phone: (860) 589-4900<br>Services: DHW, Heat, Cool<br>Energize CT?: Yes]]></description>
      <styleUrl>#pt</styleUrl>
      <Point><coordinates>-72.900645012804,41.679497737218,0</coordinates></Point>
    </Placemark>
    <Placemark>
      <name>Foremost Mechanical Services LLC</name>
      <description><![CDATA[Display Name: Foremost Mechanical Services LLC<br>Town: East Windsor<br>Phone: (860) 758-4218<br>Services: DHW, Heat, Cool<br>Energize CT?: Yes]]></description>
      <styleUrl>#pt</styleUrl>
      <Point><coordinates>-72.594067478126,41.874447494857,0</coordinates></Point>
    </Placemark>
    <Placemark>
      <name>Four Point Mechanical, LLC</name>
      <description><![CDATA[Display Name: Four Point Mechanical, LLC<br>Phone: (860) 262-1850<br>Energize CT?: Yes]]></description>
      <styleUrl>#pt</styleUrl>
      <Point><coordinates>-72.486753403702,41.601835032963,0</coordinates></Point>
    </Placemark>
    <Placemark>
      <name>Fox Heating Service Inc</name>
      <description><![CDATA[Display Name: Fox Heating Service Inc<br>Town: Tolland<br>Phone: (860) 875-1416<br>Services: DHW, Heat, Cool<br>Energize CT?: Yes]]></description>
      <styleUrl>#pt</styleUrl>
      <Point><coordinates>-72.36869,41.87148,0</coordinates></Point>
    </Placemark>
    <Placemark>
      <name>Fox Hill Luxury Real Estate Services</name>
      <description><![CDATA[Display Name: Fox Hill Luxury Real Estate Services<br>Phone: (203) 864-3250<br>Energize CT?: Yes]]></description>
      <styleUrl>#pt</styleUrl>
      <Point><coordinates>-73.496247040438,41.290732338858,0</coordinates></Point>
    </Placemark>
    <Placemark>
      <name>Fresh Air Mechanical, LLC</name>
      <description><![CDATA[Display Name: Fresh Air Mechanical, LLC<br>Town: Ivoryton<br>Phone: (860) 215-5601<br>Services: DHW, Heat, Cool<br>Energize CT?: Yes]]></description>
      <styleUrl>#pt</styleUrl>
      <Point><coordinates>-72.438254259436,41.346150008293,0</coordinates></Point>
    </Placemark>
    <Placemark>
      <name>Fritz Air LLC</name>
      <description><![CDATA[Display Name: Fritz Air LLC<br>Town: Harwinton<br>Phone: (860) 459-5207<br>Services: DHW, Heat, Cool<br>Energize CT?: Yes]]></description>
      <styleUrl>#pt</styleUrl>
      <Point><coordinates>-73.071685965448,41.783467799763,0</coordinates></Point>
    </Placemark>
    <Placemark>
      <name>G J Giacco Inc</name>
      <description><![CDATA[Display Name: G J Giacco Inc<br>Phone: (203) 235-0840<br>Energize CT?: Yes]]></description>
      <styleUrl>#pt</styleUrl>
      <Point><coordinates>-72.804877089086,41.533151877216,0</coordinates></Point>
    </Placemark>
    <Placemark>
      <name>G&amp;G Mechanical LLC</name>
      <description><![CDATA[Display Name: G&G Mechanical LLC<br>Town: Waterbury<br>Phone: (203) 565-7879<br>Services: DHW, Heat, Cool<br>Energize CT?: Yes]]></description>
      <styleUrl>#pt</styleUrl>
      <Point><coordinates>-72.984177189675,41.550504711998,0</coordinates></Point>
    </Placemark>
    <Placemark>
      <name>Galaski Mechanical LLC</name>
      <description><![CDATA[Display Name: Galaski Mechanical LLC<br>Phone: (203) 641-0452<br>Energize CT?: Yes]]></description>
      <styleUrl>#pt</styleUrl>
      <Point><coordinates>-72.828599839622,41.38794658596,0</coordinates></Point>
    </Placemark>
    <Placemark>
      <name>Gargano Heating and Cooling, LLC</name>
      <description><![CDATA[Display Name: Gargano Heating and Cooling, LLC<br>Phone: (203) 654-0712<br>Energize CT?: Yes]]></description>
      <styleUrl>#pt</styleUrl>
      <Point><coordinates>-72.709430131725,41.587209503023,0</coordinates></Point>
    </Placemark>
    <Placemark>
      <name>Garrow Mechanical LLC</name>
      <description><![CDATA[Display Name: Garrow Mechanical LLC<br>Phone: (860) 281-4205<br>Energize CT?: Yes]]></description>
      <styleUrl>#pt</styleUrl>
      <Point><coordinates>-72.460643579756,41.875577162023,0</coordinates></Point>
    </Placemark>
    <Placemark>
      <name>Gem Plumbing and Heating Co LLC</name>
      <description><![CDATA[Display Name: Gem Plumbing and Heating Co LLC<br>Phone: (401) 867-5309<br>Energize CT?: Yes]]></description>
      <styleUrl>#pt</styleUrl>
      <Point><coordinates>-71.479377966624,41.918804620486,0</coordinates></Point>
    </Placemark>
    <Placemark>
      <name>Geothermal Works, Inc.</name>
      <description><![CDATA[Display Name: Geothermal Works, Inc.<br>Phone: (914) 960-1424<br>Energize CT?: Yes]]></description>
      <styleUrl>#pt</styleUrl>
      <Point><coordinates>-73.778758197732,40.965678221121,0</coordinates></Point>
    </Placemark>
    <Placemark>
      <name>Gh Technical Services LLC</name>
      <description><![CDATA[Display Name: Gh Technical Services LLC<br>Town: Stratford<br>Phone: (203) 564-0066<br>Services: DHW, Heat, Cool<br>Energize CT?: Yes]]></description>
      <styleUrl>#pt</styleUrl>
      <Point><coordinates>-73.140296605925,41.236413315745,0</coordinates></Point>
    </Placemark>
    <Placemark>
      <name>Giordanos Heating And Air Conditioning</name>
      <description><![CDATA[Display Name: Giordanos Heating And Air Conditioning<br>Town: Derby<br>Phone: (203) 734-7648<br>Services: DHW, Heat, Cool<br>Energize CT?: Yes]]></description>
      <styleUrl>#pt</styleUrl>
      <Point><coordinates>-73.09048,41.32019,0</coordinates></Point>
    </Placemark>
    <Placemark>
      <name>Glacier Mechanical Services LLC</name>
      <description><![CDATA[Display Name: Glacier Mechanical Services LLC<br>Phone: (860) 909-1022<br>Energize CT?: Yes]]></description>
      <styleUrl>#pt</styleUrl>
      <Point><coordinates>-73.012031637378,41.889366121593,0</coordinates></Point>
    </Placemark>
    <Placemark>
      <name>Glasco Heating &amp; Air Conditioning, Inc.</name>
      <description><![CDATA[Display Name: Glasco<br>Town: South Windsor<br>Phone: (860) 387-7389<br>Services: DHW, Heat, Cool<br>Energize CT?: Yes]]></description>
      <styleUrl>#pt</styleUrl>
      <Point><coordinates>-72.604467754843,41.83798031452,0</coordinates></Point>
    </Placemark>
    <Placemark>
      <name>Glastonbury Mechanical Corp.</name>
      <description><![CDATA[Display Name: Glastonbury Mechanical Corp.<br>Town: Glastonbury<br>Phone: (860) 659-4120<br>Services: DHW, Heat, Cool<br>Energize CT?: Yes]]></description>
      <styleUrl>#pt</styleUrl>
      <Point><coordinates>-72.585152452389,41.712590767219,0</coordinates></Point>
    </Placemark>
    <Placemark>
      <name>Good Hill Mechanical Services Inc</name>
      <description><![CDATA[Display Name: Good Hill Mechanical Services Inc<br>Phone: (203) 263-4557<br>Energize CT?: Yes]]></description>
      <styleUrl>#pt</styleUrl>
      <Point><coordinates>-73.206485574188,41.548506159994,0</coordinates></Point>
    </Placemark>
    <Placemark>
      <name>Good Life Energy Savers LLC</name>
      <description><![CDATA[Display Name: Good Life<br>Town: Danbury<br>Phone: (203) 403-6369<br>Services: HES, Attic, Bsmt, Wall<br>Energize CT?: Yes]]></description>
      <styleUrl>#pt</styleUrl>
      <Point><coordinates>-73.426616079865,41.407322099951,0</coordinates></Point>
    </Placemark>
    <Placemark>
      <name>Grahn Plumbing, Heating And Air Conditioning</name>
      <description><![CDATA[Display Name: Grahn Plumbing, Heating And Air Conditioning<br>Phone: (860) 491-1046<br>Energize CT?: Yes]]></description>
      <styleUrl>#pt</styleUrl>
      <Point><coordinates>-73.224163698104,41.830391078773,0</coordinates></Point>
    </Placemark>
    <Placemark>
      <name>Green Built Connecticut</name>
      <description><![CDATA[Display Name: Green Built Connecticut<br>Phone: (203) 570-4273<br>Energize CT?: Yes]]></description>
      <styleUrl>#pt</styleUrl>
      <Point><coordinates>-73.530857982081,41.081077551745,0</coordinates></Point>
    </Placemark>
    <Placemark>
      <name>Green Collar LLC</name>
      <description><![CDATA[Display Name: Green Collar LLC<br>Phone: (413) 532-1817<br>Energize CT?: Yes]]></description>
      <styleUrl>#pt</styleUrl>
      <Point><coordinates>-72.592143349167,42.217690113351,0</coordinates></Point>
    </Placemark>
    <Placemark>
      <name>Green Comfort Solutions</name>
      <description><![CDATA[Display Name: Green Comfort<br>Town: Danbury<br>Phone: 203-740-0176<br>Services: Attic<br>Energize CT?: Yes]]></description>
      <styleUrl>#pt</styleUrl>
      <Point><coordinates>-73.430135302916,41.402023866752,0</coordinates></Point>
    </Placemark>
    <Placemark>
      <name>Green Mechanicals Heating And Cooling LLC</name>
      <description><![CDATA[Display Name: Green Mechanicals Heating And Cooling LLC<br>Town: Stamford<br>Phone: (203) 243-4925<br>Services: DHW, Heat, Cool<br>Energize CT?: Yes]]></description>
      <styleUrl>#pt</styleUrl>
      <Point><coordinates>-73.515781301075,41.097039546012,0</coordinates></Point>
    </Placemark>
    <Placemark>
      <name>Greentemp Mechanical Services LLC</name>
      <description><![CDATA[Display Name: Greentemp Mechanical Services LLC<br>Phone: (860) 333-2352<br>Energize CT?: Yes]]></description>
      <styleUrl>#pt</styleUrl>
      <Point><coordinates>-72.032338969261,41.388553281153,0</coordinates></Point>
    </Placemark>
    <Placemark>
      <name>Grimaldi Heating &amp; Cooling LLC</name>
      <description><![CDATA[Display Name: Grimaldi Heating & Cooling LLC<br>Phone: (860) 916-6312<br>Energize CT?: Yes]]></description>
      <styleUrl>#pt</styleUrl>
      <Point><coordinates>-72.670312102194,41.623362213368,0</coordinates></Point>
    </Placemark>
    <Placemark>
      <name>Guaranteed Mechanical Services LLC</name>
      <description><![CDATA[Display Name: Guaranteed Mechanical Services LLC<br>Phone: (860) 500-6420<br>Energize CT?: Yes]]></description>
      <styleUrl>#pt</styleUrl>
      <Point><coordinates>-72.471354352054,41.802374728771,0</coordinates></Point>
    </Placemark>
    <Placemark>
      <name>Guardian Mechanical Service, LLC</name>
      <description><![CDATA[Display Name: Guardian Mechanical Service, LLC<br>Phone: (860) 989-7265<br>Energize CT?: Yes]]></description>
      <styleUrl>#pt</styleUrl>
      <Point><coordinates>-73.121359140024,41.809740973274,0</coordinates></Point>
    </Placemark>
    <Placemark>
      <name>Guy&apos;s Heating And Cooling</name>
      <description><![CDATA[Display Name: Guy's Heating And Cooling<br>Town: Thomaston<br>Phone: (860) 417-6553<br>Services: DHW, Heat, Cool<br>Energize CT?: Yes]]></description>
      <styleUrl>#pt</styleUrl>
      <Point><coordinates>-73.081570986171,41.65717425774,0</coordinates></Point>
    </Placemark>
    <Placemark>
      <name>H.A.T INC</name>
      <description><![CDATA[Display Name: H.A.T INC<br>Phone: (203) 852-0666<br>Energize CT?: Yes]]></description>
      <styleUrl>#pt</styleUrl>
      <Point><coordinates>-73.421442310596,41.107805823815,0</coordinates></Point>
    </Placemark>
    <Placemark>
      <name>H.Hulse Inc</name>
      <description><![CDATA[Display Name: H.Hulse Inc<br>Town: Stratford<br>Phone: (203) 380-2692<br>Services: DHW, Heat, Cool<br>Energize CT?: Yes]]></description>
      <styleUrl>#pt</styleUrl>
      <Point><coordinates>-73.142992616797,41.17316207645,0</coordinates></Point>
    </Placemark>
    <Placemark>
      <name>H&amp;M Heating and Cooling LLC</name>
      <description><![CDATA[Display Name: H&M Heating and Cooling LLC<br>Phone: (860) 707-9059<br>Energize CT?: Yes]]></description>
      <styleUrl>#pt</styleUrl>
      <Point><coordinates>-72.710066824587,41.687914274012,0</coordinates></Point>
    </Placemark>
    <Placemark>
      <name>Halovatch Mechanical</name>
      <description><![CDATA[Display Name: Halovatch Mechanical<br>Phone: (203) 248-6592<br>Energize CT?: Yes]]></description>
      <styleUrl>#pt</styleUrl>
      <Point><coordinates>-72.879274057958,41.367890904742,0</coordinates></Point>
    </Placemark>
    <Placemark>
      <name>Handyman Express, LLC</name>
      <description><![CDATA[Display Name: Handyman Express, LLC<br>Phone: (203) 550-3084<br>Energize CT?: Yes]]></description>
      <styleUrl>#pt</styleUrl>
      <Point><coordinates>-73.138784861069,41.196367044786,0</coordinates></Point>
    </Placemark>
    <Placemark>
      <name>Harisi Energy</name>
      <description><![CDATA[Display Name: Harisi<br>Town: Watertown<br>Phone: 475-888-0080<br>Services: HES<br>Energize CT?: Yes]]></description>
      <styleUrl>#pt</styleUrl>
      <Point><coordinates>-73.110926374543,41.602181175198,0</coordinates></Point>
    </Placemark>
    <Placemark>
      <name>Harp Home Services</name>
      <description><![CDATA[Display Name: Harp Home Services<br>Town: Windsor<br>Phone: 860-821-7809<br>Services: DHW, Heat, Cool<br>Energize CT?: Yes]]></description>
      <styleUrl>#pt</styleUrl>
      <Point><coordinates>-72.685287643553,41.864948002922,0</coordinates></Point>
    </Placemark>
    <Placemark>
      <name>Harpco Mechanical</name>
      <description><![CDATA[Display Name: Harpco Mechanical<br>Town: Preston<br>Phone: (860) 334-7874<br>Services: DHW, Heat, Cool<br>Energize CT?: Yes]]></description>
      <styleUrl>#pt</styleUrl>
      <Point><coordinates>-71.981990720956,41.519275385017,0</coordinates></Point>
    </Placemark>
    <Placemark>
      <name>Harry Grodsky &amp; Co</name>
      <description><![CDATA[Display Name: Harry Grodsky & Co<br>Town: Rocky Hill<br>Phone: (413) 530-8188<br>Services: DHW, Heat, Cool<br>Energize CT?: Yes]]></description>
      <styleUrl>#pt</styleUrl>
      <Point><coordinates>-72.636199704404,41.648303827912,0</coordinates></Point>
    </Placemark>
    <Placemark>
      <name>Home Comfort Practice</name>
      <description><![CDATA[Display Name: HCP<br>Town: Stratford<br>Phone: (203) 450-3000<br>Services: HES, HES/IE, Attic, Attic/IE, Bsmt, Bsmt/IE, Wall, Wall/IE, Windows, Windows/IE, DHW, DHW/IE, Heat, Heat/IE, Cool, Cool/IE<br>Energize CT?: Yes]]></description>
      <styleUrl>#pt</styleUrl>
      <Point><coordinates>-73.144407759038,41.1737297112,0</coordinates></Point>
    </Placemark>
    <Placemark>
      <name>Handyman Express Energy Solutions</name>
      <description><![CDATA[Display Name: HE Soln<br>Town: Stratford<br>Phone: 203-307-5395<br>Services: HES, HES/IE, Attic, Attic/IE, Bsmt, Bsmt/IE, Wall, Wall/IE, Windows, Windows/IE, Plumb, DHW, DHW/IE, Heat, Heat/IE, Cool, Cool/IE<br>Energize CT?: Yes]]></description>
      <styleUrl>#pt</styleUrl>
      <Point><coordinates>-73.138784861069,41.196367044786,0</coordinates></Point>
    </Placemark>
    <Placemark>
      <name>Heating &amp; Cooling Solutions, LLC</name>
      <description><![CDATA[Display Name: Heating & Cooling Solutions, LLC<br>Phone: (860) 885-1761<br>Energize CT?: Yes]]></description>
      <styleUrl>#pt</styleUrl>
      <Point><coordinates>-72.104394161074,41.576536142114,0</coordinates></Point>
    </Placemark>
    <Placemark>
      <name>Heatpumppros LLC</name>
      <description><![CDATA[Display Name: Heatpumppros LLC<br>Town: Vernon<br>Phone: (860) 803-0042<br>Services: DHW, Heat, Cool<br>Energize CT?: Yes]]></description>
      <styleUrl>#pt</styleUrl>
      <Point><coordinates>-72.454660321866,41.848025707005,0</coordinates></Point>
    </Placemark>
    <Placemark>
      <name>Hefferon Heating &amp; Cooling LLC</name>
      <description><![CDATA[Display Name: Hefferon Heating & Cooling LLC<br>Town: Danbury<br>Phone: (203) 790-8826<br>Services: DHW, Heat, Cool<br>Energize CT?: Yes]]></description>
      <styleUrl>#pt</styleUrl>
      <Point><coordinates>-73.463309391965,41.41769452172,0</coordinates></Point>
    </Placemark>
    <Placemark>
      <name>Helio Solar</name>
      <description><![CDATA[Display Name: Helio<br>Town: Shelton<br>Phone: (888) 868-4562<br>Services: DHW, Cool, Controls, GSHP, PV, Storage, EV, Elect<br>Energize CT?: Yes]]></description>
      <styleUrl>#pt</styleUrl>
      <Point><coordinates>-73.134063885625,41.272341654663,0</coordinates></Point>
    </Placemark>
    <Placemark>
      <name>Heritage Air LLC</name>
      <description><![CDATA[Display Name: Heritage Air LLC<br>Town: Brookfield<br>Phone: (203) 948-8962<br>Services: DHW, Heat, Cool<br>Energize CT?: Yes]]></description>
      <styleUrl>#pt</styleUrl>
      <Point><coordinates>-73.443373712499,41.476424334586,0</coordinates></Point>
    </Placemark>
    <Placemark>
      <name>Heritage Heating &amp; Air, LLC</name>
      <description><![CDATA[Display Name: Heritage Heating & Air, LLC<br>Phone: (203) 874-9984<br>Energize CT?: Yes]]></description>
      <styleUrl>#pt</styleUrl>
      <Point><coordinates>-73.10986,41.21323,0</coordinates></Point>
    </Placemark>
    <Placemark>
      <name>Hi-Tech Mechanical LLC</name>
      <description><![CDATA[Display Name: Hi-Tech Mechanical LLC<br>Phone: (860) 309-9241<br>Energize CT?: Yes]]></description>
      <styleUrl>#pt</styleUrl>
      <Point><coordinates>-73.081271568912,41.789415798507,0</coordinates></Point>
    </Placemark>
    <Placemark>
      <name>Hi-Tech Mechanical Services, LLC</name>
      <description><![CDATA[Display Name: Hi-Tech Mechanical Services, LLC<br>Phone: (860) 726-8458<br>Energize CT?: Yes]]></description>
      <styleUrl>#pt</styleUrl>
      <Point><coordinates>-72.718207608526,41.736370147204,0</coordinates></Point>
    </Placemark>
    <Placemark>
      <name>High Limit HVAC LLC</name>
      <description><![CDATA[Display Name: High Limit HVAC LLC<br>Phone: (860) 382-3411<br>Energize CT?: Yes]]></description>
      <styleUrl>#pt</styleUrl>
      <Point><coordinates>-71.905630661418,41.914710638074,0</coordinates></Point>
    </Placemark>
    <Placemark>
      <name>High Performance Energy Solutions</name>
      <description><![CDATA[Display Name: High Performance Energy Solutions<br>Town: Brookfield<br>Phone: (203) 297-2529<br>Services: DHW, Heat, Cool<br>Energize CT?: Yes]]></description>
      <styleUrl>#pt</styleUrl>
      <Point><coordinates>-73.40248795809,41.442003087741,0</coordinates></Point>
    </Placemark>
    <Placemark>
      <name>High Quality Heating And Cooling</name>
      <description><![CDATA[Display Name: High Quality Heating And Cooling<br>Phone: (203) 437-1955<br>Energize CT?: Yes]]></description>
      <styleUrl>#pt</styleUrl>
      <Point><coordinates>-73.076717423717,41.386830534855,0</coordinates></Point>
    </Placemark>
    <Placemark>
      <name>High Tech Comfort LLC</name>
      <description><![CDATA[Display Name: High Tech Comfort LLC<br>Phone: (860) 436-4369<br>Energize CT?: Yes]]></description>
      <styleUrl>#pt</styleUrl>
      <Point><coordinates>-72.571428385584,41.868716655735,0</coordinates></Point>
    </Placemark>
    <Placemark>
      <name>HIHO ENERGY</name>
      <description><![CDATA[Display Name: HIHO ENERGY<br>Phone: (203) 335-0101<br>Energize CT?: Yes]]></description>
      <styleUrl>#pt</styleUrl>
      <Point><coordinates>-73.218735203796,41.169325160077,0</coordinates></Point>
    </Placemark>
    <Placemark>
      <name>HillCrest Fuel Inc.</name>
      <description><![CDATA[Display Name: HillCrest Fuel Inc.<br>Phone: (203) 735-1847<br>Energize CT?: Yes]]></description>
      <styleUrl>#pt</styleUrl>
      <Point><coordinates>-73.086826105979,41.335698910777,0</coordinates></Point>
    </Placemark>
    <Placemark>
      <name>HL Bowman</name>
      <description><![CDATA[Display Name: HL Bowman<br>Phone: (203) 513-4130<br>Energize CT?: Yes]]></description>
      <styleUrl>#pt</styleUrl>
      <Point><coordinates>-73.075652549237,41.214132961633,0</coordinates></Point>
    </Placemark>
    <Placemark>
      <name>Hoffman Energy</name>
      <description><![CDATA[Display Name: Hoffman Energy<br>Phone: (203) 373-5999<br>Energize CT?: Yes]]></description>
      <styleUrl>#pt</styleUrl>
      <Point><coordinates>-73.18148580477,41.227133494627,0</coordinates></Point>
    </Placemark>
    <Placemark>
      <name>Home Comfort Heating &amp; Cooling LLC</name>
      <description><![CDATA[Display Name: Home Comfort Heat<br>Town: East Haven<br>Phone: (203) 290-1005<br>Services: DHW, Heat, Cool<br>Energize CT?: Yes]]></description>
      <styleUrl>#pt</styleUrl>
      <Point><coordinates>-72.850508084174,41.323589276323,0</coordinates></Point>
    </Placemark>
    <Placemark>
      <name>Home Comfort Practice, Inc.</name>
      <description><![CDATA[Display Name: Home Comfort Practice, Inc.<br>Phone: (203) 450-3000<br>Energize CT?: Yes]]></description>
      <styleUrl>#pt</styleUrl>
      <Point><coordinates>-73.144407759038,41.1737297112,0</coordinates></Point>
    </Placemark>
    <Placemark>
      <name>Home Doctor of America</name>
      <description><![CDATA[Display Name: Home Doctor<br>Town:  Sandy Hook<br>Phone: (203) 405-3040<br>Services: HES, HES/IE, Aeroseal<br>Energize CT?: Yes]]></description>
      <styleUrl>#pt</styleUrl>
      <Point><coordinates>-73.240434531066,41.38394602865,0</coordinates></Point>
    </Placemark>
    <Placemark>
      <name>Homestead</name>
      <description><![CDATA[Display Name: Homestead<br>Town: Ellington<br>Phone: (860) 870-8700<br>Services: HES, DHW, Heat, Cool<br>Energize CT?: Yes]]></description>
      <styleUrl>#pt</styleUrl>
      <Point><coordinates>-72.464283319515,41.881817139596,0</coordinates></Point>
    </Placemark>
    <Placemark>
      <name>Hometown Heating &amp; Cooling LLC</name>
      <description><![CDATA[Display Name: Hometown Heating & Cooling LLC<br>Town: Weatogue<br>Phone: (860) 387-9533<br>Services: DHW, Heat, Cool<br>Energize CT?: Yes]]></description>
      <styleUrl>#pt</styleUrl>
      <Point><coordinates>-72.80648846195,41.844429339592,0</coordinates></Point>
    </Placemark>
    <Placemark>
      <name>Honest Air LLC</name>
      <description><![CDATA[Display Name: Honest Air LLC<br>Town: Southington<br>Phone: (860) 620-4329<br>Services: DHW, Heat, Cool<br>Energize CT?: Yes]]></description>
      <styleUrl>#pt</styleUrl>
      <Point><coordinates>-72.860353500686,41.59781947433,0</coordinates></Point>
    </Placemark>
    <Placemark>
      <name>Hope Plumbing, LLC</name>
      <description><![CDATA[Display Name: Hope<br>Town: Prospect<br>Phone: (203) 217-3380<br>Services: DHW, Heat, Cool<br>Energize CT?: Yes]]></description>
      <styleUrl>#pt</styleUrl>
      <Point><coordinates>-72.985765390124,41.505350074729,0</coordinates></Point>
    </Placemark>
    <Placemark>
      <name>Hubert Mechanical LLC</name>
      <description><![CDATA[Display Name: Hubert Mechanical LLC<br>Town: Shelton<br>Phone: (203) 828-8804<br>Services: DHW, Heat, Cool<br>Energize CT?: Yes]]></description>
      <styleUrl>#pt</styleUrl>
      <Point><coordinates>-73.178508074696,41.323924921583,0</coordinates></Point>
    </Placemark>
    <Placemark>
      <name>Hunter Mechanical LLC</name>
      <description><![CDATA[Display Name: Hunter Mechanical LLC<br>Phone: (860) 806-4955<br>Energize CT?: Yes]]></description>
      <styleUrl>#pt</styleUrl>
      <Point><coordinates>-73.277594872175,41.846142349758,0</coordinates></Point>
    </Placemark>
    <Placemark>
      <name>Husky Energy And Propane LLC</name>
      <description><![CDATA[Display Name: Husky Energy And Propane LLC<br>Phone: (203) 586-1116<br>Energize CT?: Yes]]></description>
      <styleUrl>#pt</styleUrl>
      <Point><coordinates>-73.182756762949,41.574490364547,0</coordinates></Point>
    </Placemark>
    <Placemark>
      <name>HVAC Restorations LLC</name>
      <description><![CDATA[Display Name: HVAC Restorations LLC<br>Phone: (860) 912-8483<br>Energize CT?: Yes]]></description>
      <styleUrl>#pt</styleUrl>
      <Point><coordinates>-72.124216918494,41.545016017083,0</coordinates></Point>
    </Placemark>
    <Placemark>
      <name>Hybrid Services LLC</name>
      <description><![CDATA[Display Name: Hybrid Services LLC<br>Town: Woodstock<br>Phone: (844) 484-4927<br>Services: DHW, Heat, Cool<br>Energize CT?: Yes]]></description>
      <styleUrl>#pt</styleUrl>
      <Point><coordinates>-72.040418972562,41.97783238494,0</coordinates></Point>
    </Placemark>
    <Placemark>
      <name>Hydro Dynamic Engineering, Llc</name>
      <description><![CDATA[Display Name: HydroD Eng<br>Town: Southington<br>Phone: (860) 620-7452<br>Services: GSHP<br>Energize CT?: Yes]]></description>
      <styleUrl>#pt</styleUrl>
      <Point><coordinates>-72.843075787887,41.648167400855,0</coordinates></Point>
    </Placemark>
    <Placemark>
      <name>Hygrade Mechanical Services LLC</name>
      <description><![CDATA[Display Name: Hygrade<br>Town: Avon<br>Phone: (860) 918-3068<br>Services: DHW, Heat, Cool<br>Energize CT?: Yes]]></description>
      <styleUrl>#pt</styleUrl>
      <Point><coordinates>-72.879816056972,41.769475539782,0</coordinates></Point>
    </Placemark>
    <Placemark>
      <name>Hyper Fusion Heating And Cooling</name>
      <description><![CDATA[Display Name: Hyper Fusion Heating And Cooling<br>Town: Shelton<br>Phone: (203) 751-5053<br>Services: DHW, Heat, Cool<br>Energize CT?: Yes]]></description>
      <styleUrl>#pt</styleUrl>
      <Point><coordinates>-73.112919083455,41.32393820444,0</coordinates></Point>
    </Placemark>
    <Placemark>
      <name>Hyper Heat &amp; Cool LLC</name>
      <description><![CDATA[Display Name: Hyper Heat & Cool LLC<br>Phone: (860) 839-8000<br>Energize CT?: Yes]]></description>
      <styleUrl>#pt</styleUrl>
      <Point><coordinates>-72.720077669006,41.686626661464,0</coordinates></Point>
    </Placemark>
    <Placemark>
      <name>I-HVACR, LLC</name>
      <description><![CDATA[Display Name: I-HVACR, LLC<br>Town: Manchester<br>Phone: (860) 812-5278<br>Services: DHW, Heat, Cool<br>Energize CT?: Yes]]></description>
      <styleUrl>#pt</styleUrl>
      <Point><coordinates>-72.51333070825,41.787254828263,0</coordinates></Point>
    </Placemark>
    <Placemark>
      <name>Ideal Mechanical Services LLC</name>
      <description><![CDATA[Display Name: Ideal Mech<br>Town: Tolland<br>Phone: (860) 368-7625<br>Services: Plumb, DHW, Heat, Cool<br>Energize CT?: Yes]]></description>
      <styleUrl>#pt</styleUrl>
      <Point><coordinates>-72.311226466961,41.854066000333,0</coordinates></Point>
    </Placemark>
    <Placemark>
      <name>Imperial Heating &amp; Air Conditioning LLC</name>
      <description><![CDATA[Display Name: Imperial Heating & Air Conditioning LLC<br>Phone: (860) 797-1199<br>Energize CT?: Yes]]></description>
      <styleUrl>#pt</styleUrl>
      <Point><coordinates>-72.593378932731,41.62481962322,0</coordinates></Point>
    </Placemark>
    <Placemark>
      <name>Independent Heating and Cooling, LLC</name>
      <description><![CDATA[Display Name: Independent Heating and Cooling, LLC<br>Phone: (860) 863-8370<br>Energize CT?: Yes]]></description>
      <styleUrl>#pt</styleUrl>
      <Point><coordinates>-72.709685615773,41.619459983474,0</coordinates></Point>
    </Placemark>
    <Placemark>
      <name>Independent Homes, LLC</name>
      <description><![CDATA[Display Name: Independent Homes, LLC<br>Phone: (888) 513-6688<br>Energize CT?: Yes]]></description>
      <styleUrl>#pt</styleUrl>
      <Point><coordinates>-72.753252380425,41.714989757159,0</coordinates></Point>
    </Placemark>
    <Placemark>
      <name>Independent Mechanical Inc</name>
      <description><![CDATA[Display Name: Independent Mechanical Inc<br>Town: Uncasville<br>Phone: (860) 949-4401<br>Services: DHW, Heat, Cool<br>Energize CT?: Yes]]></description>
      <styleUrl>#pt</styleUrl>
      <Point><coordinates>-72.10924,41.43426,0</coordinates></Point>
    </Placemark>
    <Placemark>
      <name>Infinite HVAC Solutions, LLC</name>
      <description><![CDATA[Display Name: Infinite HVAC Solutions, LLC<br>Phone: (860) 302-7262<br>Energize CT?: Yes]]></description>
      <styleUrl>#pt</styleUrl>
      <Point><coordinates>-73.084723401772,41.763079270826,0</coordinates></Point>
    </Placemark>
    <Placemark>
      <name>Innovative Heating &amp; Cooling</name>
      <description><![CDATA[Display Name: Innovative<br>Town: Milford<br>Phone: (203) 283-7272<br>Services: DHW, Heat, Cool<br>Energize CT?: Yes]]></description>
      <styleUrl>#pt</styleUrl>
      <Point><coordinates>-73.01098719291,41.23521355616,0</coordinates></Point>
    </Placemark>
    <Placemark>
      <name>Insulation Solutions of CT</name>
      <description><![CDATA[Display Name: Insul Soln<br>Town: East Hartford<br>Phone: 860-586-8111<br>Services: HES<br>Energize CT?: Yes]]></description>
      <styleUrl>#pt</styleUrl>
      <Point><coordinates>-72.619202197421,41.781598520203,0</coordinates></Point>
    </Placemark>
    <Placemark>
      <name>Insulation Solutions of CT, LLC</name>
      <description><![CDATA[Display Name: Insulation Solutions of CT, LLC<br>Phone: (860) 586-8111<br>Energize CT?: Yes]]></description>
      <styleUrl>#pt</styleUrl>
      <Point><coordinates>-72.637448408576,41.774388798688,0</coordinates></Point>
    </Placemark>
    <Placemark>
      <name>Integrity Mechanical</name>
      <description><![CDATA[Display Name: Integrity Mechanical<br>Phone: (203) 668-0846<br>Energize CT?: Yes]]></description>
      <styleUrl>#pt</styleUrl>
      <Point><coordinates>-73.033038318479,41.28832201198,0</coordinates></Point>
    </Placemark>
    <Placemark>
      <name>Irie Energy Heating &amp; Cooling, LLC</name>
      <description><![CDATA[Display Name: Irie Energy Heating & Cooling, LLC<br>Town: Niantic<br>Phone: (860) 334-1823<br>Services: DHW, Heat, Cool<br>Energize CT?: Yes]]></description>
      <styleUrl>#pt</styleUrl>
      <Point><coordinates>-72.189272454072,41.328100201881,0</coordinates></Point>
    </Placemark>
    <Placemark>
      <name>Island Mechanical Services LLC</name>
      <description><![CDATA[Display Name: Island Mechanical Services LLC<br>Phone: (860) 338-4440<br>Energize CT?: Yes]]></description>
      <styleUrl>#pt</styleUrl>
      <Point><coordinates>-72.539404874279,41.860381511026,0</coordinates></Point>
    </Placemark>
    <Placemark>
      <name>Ives Brothers Inc.</name>
      <description><![CDATA[Display Name: Ives Brothers Inc.<br>Town: Willimantic<br>Phone: (860) 423-6381<br>Services: DHW, Heat, Cool<br>Energize CT?: Yes]]></description>
      <styleUrl>#pt</styleUrl>
      <Point><coordinates>-72.226937313981,41.714375394858,0</coordinates></Point>
    </Placemark>
    <Placemark>
      <name>J Breault Heating and Cooling LLC</name>
      <description><![CDATA[Display Name: J Breault Heating and Cooling LLC<br>Phone: (860) 383-6247<br>Energize CT?: Yes]]></description>
      <styleUrl>#pt</styleUrl>
      <Point><coordinates>-72.120920096926,41.532379893651,0</coordinates></Point>
    </Placemark>
    <Placemark>
      <name>J Serenson Heating And Cooling, LLC</name>
      <description><![CDATA[Display Name: J Serenson Heating And Cooling, LLC<br>Phone: (860) 637-5593<br>Energize CT?: Yes]]></description>
      <styleUrl>#pt</styleUrl>
      <Point><coordinates>-73.104755344681,41.61971993418,0</coordinates></Point>
    </Placemark>
    <Placemark>
      <name>J SIX Home Services</name>
      <description><![CDATA[Display Name: J SIX Home Services<br>Phone: (203) 397-6211<br>Energize CT?: Yes]]></description>
      <styleUrl>#pt</styleUrl>
      <Point><coordinates>-72.961916690461,41.316751610607,0</coordinates></Point>
    </Placemark>
    <Placemark>
      <name>J. Gasper Heating And Air Conditioning</name>
      <description><![CDATA[Display Name: J. Gasper Heating And Air Conditioning<br>Phone: (860) 496-0101<br>Energize CT?: Yes]]></description>
      <styleUrl>#pt</styleUrl>
      <Point><coordinates>-73.084082160412,41.834739149051,0</coordinates></Point>
    </Placemark>
    <Placemark>
      <name>J. M. Cipriano And Sons LLC</name>
      <description><![CDATA[Display Name: J. M. Cipriano And Sons LLC<br>Town: Prospect<br>Phone: (203) 410-9155<br>Services: DHW, Heat, Cool<br>Energize CT?: Yes]]></description>
      <styleUrl>#pt</styleUrl>
      <Point><coordinates>-72.97344,41.50148,0</coordinates></Point>
    </Placemark>
    <Placemark>
      <name>J. M. Curtis Energy Solutions</name>
      <description><![CDATA[Display Name: J. M. Curtis Energy Solutions<br>Phone: (860) 264-5118<br>Energize CT?: Yes]]></description>
      <styleUrl>#pt</styleUrl>
      <Point><coordinates>-72.765162673144,41.882512563638,0</coordinates></Point>
    </Placemark>
    <Placemark>
      <name>J.J. Sullivan, Inc.</name>
      <description><![CDATA[Display Name: J.J. Sullivan, Inc.<br>Town: Guilford<br>Phone: (203) 453-2781<br>Services: DHW, Heat, Cool<br>Energize CT?: Yes]]></description>
      <styleUrl>#pt</styleUrl>
      <Point><coordinates>-72.68733459181,41.285026253214,0</coordinates></Point>
    </Placemark>
    <Placemark>
      <name>Jay Adam Mechanical</name>
      <description><![CDATA[Display Name: Jay Adam Mechanical<br>Phone: (203) 650-8267<br>Energize CT?: Yes]]></description>
      <styleUrl>#pt</styleUrl>
      <Point><coordinates>-73.215896532511,41.214206703365,0</coordinates></Point>
    </Placemark>
    <Placemark>
      <name>JC Heating</name>
      <description><![CDATA[Display Name: JC Heating<br>Phone: (860) 204-0373<br>Energize CT?: Yes]]></description>
      <styleUrl>#pt</styleUrl>
      <Point><coordinates>-72.156320831463,41.565275933341,0</coordinates></Point>
    </Placemark>
    <Placemark>
      <name>Jennings Oil &amp; Propane Co</name>
      <description><![CDATA[Display Name: Jennings Oil & Propane Co<br>Town: Danbury<br>Phone: (203) 790-1406<br>Services: DHW, Heat, Cool<br>Energize CT?: Yes]]></description>
      <styleUrl>#pt</styleUrl>
      <Point><coordinates>-73.456991706061,41.400033099141,0</coordinates></Point>
    </Placemark>
    <Placemark>
      <name>JH Mechanical LLC</name>
      <description><![CDATA[Display Name: JH Mechanical LLC<br>Phone: (860) 917-0490<br>Energize CT?: Yes]]></description>
      <styleUrl>#pt</styleUrl>
      <Point><coordinates>-72.134039044304,41.546405645871,0</coordinates></Point>
    </Placemark>
    <Placemark>
      <name>Jim&apos;s Heating &amp; A/C Co., LLC</name>
      <description><![CDATA[Display Name: Jim's Heating & A/C Co., LLC<br>Phone: (203) 217-0554<br>Energize CT?: Yes]]></description>
      <styleUrl>#pt</styleUrl>
      <Point><coordinates>-73.197279916963,41.502925449241,0</coordinates></Point>
    </Placemark>
    <Placemark>
      <name>JLP Heating &amp; Cooling LLC</name>
      <description><![CDATA[Display Name: JLP<br>Town: Norwalk<br>Phone: (203) 524-0297<br>Services: DHW, Heat, Cool<br>Energize CT?: Yes]]></description>
      <styleUrl>#pt</styleUrl>
      <Point><coordinates>-73.424546875664,41.135669936386,0</coordinates></Point>
    </Placemark>
    <Placemark>
      <name>John A Samperi Heating &amp; Cooling</name>
      <description><![CDATA[Display Name: John A Samperi Heating & Cooling<br>Phone: (860) 581-3085<br>Energize CT?: Yes]]></description>
      <styleUrl>#pt</styleUrl>
      <Point><coordinates>-72.584985610116,41.402421625535,0</coordinates></Point>
    </Placemark>
    <Placemark>
      <name>Johnnycake Mountain Associates, Inc</name>
      <description><![CDATA[Display Name: Johnnycake Mountain Associates, Inc<br>Phone: (860) 539-8942<br>Energize CT?: Yes]]></description>
      <styleUrl>#pt</styleUrl>
      <Point><coordinates>-72.964187844582,41.769327408117,0</coordinates></Point>
    </Placemark>
    <Placemark>
      <name>JP Heating &amp; Cooling, LLC</name>
      <description><![CDATA[Display Name: JP<br>Town: Stratford<br>Phone: (203) 650-5366<br>Services: DHW, Heat, Cool<br>Energize CT?: Yes]]></description>
      <styleUrl>#pt</styleUrl>
      <Point><coordinates>-73.153555098494,41.186508091512,0</coordinates></Point>
    </Placemark>
    <Placemark>
      <name>JP Dunn Heating &amp; Cooling, LLC</name>
      <description><![CDATA[Display Name: JP Dunn Heating & Cooling, LLC<br>Town: Northfield<br>Phone: (860) 283-1167<br>Services: DHW, Heat, Cool<br>Energize CT?: Yes]]></description>
      <styleUrl>#pt</styleUrl>
      <Point><coordinates>-73.104759296071,41.696768604981,0</coordinates></Point>
    </Placemark>
    <Placemark>
      <name>JP Parks Heating And Cooling LLC</name>
      <description><![CDATA[Display Name: JP Parks Heating And Cooling LLC<br>Town: Woodbury<br>Phone: (203) 560-6795<br>Services: DHW, Heat, Cool<br>Energize CT?: Yes]]></description>
      <styleUrl>#pt</styleUrl>
      <Point><coordinates>-73.189311454753,41.555598124778,0</coordinates></Point>
    </Placemark>
    <Placemark>
      <name>JR Heating And Cooling, LLC</name>
      <description><![CDATA[Display Name: JR Heating And Cooling, LLC<br>Town: Plainville<br>Phone: (860) 793-2686<br>Services: DHW, Heat, Cool<br>Energize CT?: Yes]]></description>
      <styleUrl>#pt</styleUrl>
      <Point><coordinates>-72.86843,41.67149,0</coordinates></Point>
    </Placemark>
    <Placemark>
      <name>JT Energy, LLC</name>
      <description><![CDATA[Display Name: JT Energy, LLC<br>Phone: (860) 808-7299<br>Energize CT?: Yes]]></description>
      <styleUrl>#pt</styleUrl>
      <Point><coordinates>-72.61473863946,41.799255656644,0</coordinates></Point>
    </Placemark>
    <Placemark>
      <name>JV Mechanical Contractors, Inc.</name>
      <description><![CDATA[Display Name: JV Mechanical Contractors, Inc.<br>Town: Webster<br>Phone: (508) 943-3222<br>Services: DHW, Heat, Cool<br>Energize CT?: Yes]]></description>
      <styleUrl>#pt</styleUrl>
      <Point><coordinates>-71.88418,42.04696,0</coordinates></Point>
    </Placemark>
    <Placemark>
      <name>Kawi Energy Group</name>
      <description><![CDATA[Display Name: Kawi Energy Group<br>Phone: (646) 341-2039<br>Energize CT?: Yes]]></description>
      <styleUrl>#pt</styleUrl>
      <Point><coordinates>-73.984315941985,40.748891742114,0</coordinates></Point>
    </Placemark>
    <Placemark>
      <name>Keep Cool Heating And A/C</name>
      <description><![CDATA[Display Name: Keep Cool Heating And A/C<br>Phone: (203) 648-0611<br>Energize CT?: Yes]]></description>
      <styleUrl>#pt</styleUrl>
      <Point><coordinates>-73.414426738424,41.442835079864,0</coordinates></Point>
    </Placemark>
    <Placemark>
      <name>Kelley&apos;S Heating &amp; Cooling, LLC</name>
      <description><![CDATA[Display Name: Kelley'S Heating & Cooling, LLC<br>Town: New Milford<br>Phone: (203) 241-3168<br>Services: DHW, Heat, Cool<br>Energize CT?: Yes]]></description>
      <styleUrl>#pt</styleUrl>
      <Point><coordinates>-73.390054281825,41.618807339746,0</coordinates></Point>
    </Placemark>
    <Placemark>
      <name>King Energy, LLC</name>
      <description><![CDATA[Display Name: King Energy, LLC<br>Town: Willington<br>Phone: (860) 420-7134<br>Services: DHW, Heat, Cool<br>Energize CT?: Yes]]></description>
      <styleUrl>#pt</styleUrl>
      <Point><coordinates>-72.297718407977,41.847258760734,0</coordinates></Point>
    </Placemark>
    <Placemark>
      <name>Kleeberg Mechanical Services LLC</name>
      <description><![CDATA[Display Name: Kleeberg Mechanical Services LLC<br>Phone: (413) 547-8142<br>Energize CT?: Yes]]></description>
      <styleUrl>#pt</styleUrl>
      <Point><coordinates>-72.505572763248,42.189280806291,0</coordinates></Point>
    </Placemark>
    <Placemark>
      <name>KMK Mechanical</name>
      <description><![CDATA[Display Name: KMK Mechanical<br>Phone: (860) 626-6772<br>Energize CT?: Yes]]></description>
      <styleUrl>#pt</styleUrl>
      <Point><coordinates>-72.303954742738,41.357215927527,0</coordinates></Point>
    </Placemark>
    <Placemark>
      <name>Koala Insulation of Central Connecticut</name>
      <description><![CDATA[Display Name: Koala Insulation of Central Connecticut<br>Phone: (860) 815-9355<br>Energize CT?: Yes]]></description>
      <styleUrl>#pt</styleUrl>
      <Point><coordinates>-72.63268396148,41.652422594914,0</coordinates></Point>
    </Placemark>
    <Placemark>
      <name>Koala Insulation of Eastern CT</name>
      <description><![CDATA[Display Name: Koala Insulation of Eastern CT<br>Phone: (860) 264-6976<br>Energize CT?: Yes]]></description>
      <styleUrl>#pt</styleUrl>
      <Point><coordinates>-72.504091998309,41.802462926309,0</coordinates></Point>
    </Placemark>
    <Placemark>
      <name>Koala Insulation of Southern Connecticut</name>
      <description><![CDATA[Display Name: Koala Insulation of Southern Connecticut<br>Phone: (203) 646-3772<br>Energize CT?: Yes]]></description>
      <styleUrl>#pt</styleUrl>
      <Point><coordinates>-73.383623695355,41.15150979962,0</coordinates></Point>
    </Placemark>
    <Placemark>
      <name>Kool Energy Technology, LLC.</name>
      <description><![CDATA[Display Name: Kool Energy Technology, LLC.<br>Town: Mount Vernon<br>Phone:  (347)-789-0789<br>Services: DHW, Heat, Cool<br>Energize CT?: Yes]]></description>
      <styleUrl>#pt</styleUrl>
      <Point><coordinates>-73.842439069308,40.919148146265,0</coordinates></Point>
    </Placemark>
    <Placemark>
      <name>Peter Kupchick Heating&amp;Cooling Inc.</name>
      <description><![CDATA[Display Name: Kupchick<br>Town: Fairfield<br>Phone: (203) 259-9787<br>Services: DHW, DHW/IE, Heat, Heat/IE, Cool, Cool/IE<br>Energize CT?: Yes]]></description>
      <styleUrl>#pt</styleUrl>
      <Point><coordinates>-73.248771199592,41.183070513602,0</coordinates></Point>
    </Placemark>
    <Placemark>
      <name>Kynghdom 1 LLC / Kynghdom LLC</name>
      <description><![CDATA[Display Name: Kynghdom 1 LLC / Kynghdom LLC<br>Town: Waterbury<br>Phone: (914) 484-2289<br>Services: DHW, Heat, Cool<br>Energize CT?: Yes]]></description>
      <styleUrl>#pt</styleUrl>
      <Point><coordinates>-73.076868208975,41.535916398505,0</coordinates></Point>
    </Placemark>
    <Placemark>
      <name>L.H. Gault &amp; Son Inc</name>
      <description><![CDATA[Display Name: L.H. Gault & Son Inc<br>Phone: (203) 227-5181<br>Energize CT?: Yes]]></description>
      <styleUrl>#pt</styleUrl>
      <Point><coordinates>-73.370716189885,41.118442041121,0</coordinates></Point>
    </Placemark>
    <Placemark>
      <name>Labbe Heating &amp; Cooling LLC</name>
      <description><![CDATA[Display Name: Labbe Heating & Cooling LLC<br>Town: Watertown<br>Phone: (860) 274-7615<br>Services: DHW, Heat, Cool<br>Energize CT?: Yes]]></description>
      <styleUrl>#pt</styleUrl>
      <Point><coordinates>-73.148899332938,41.642453786209,0</coordinates></Point>
    </Placemark>
    <Placemark>
      <name>Lance &amp; Sons</name>
      <description><![CDATA[Display Name: Lance & Sons<br>Phone: (860) 753-6320<br>Energize CT?: Yes]]></description>
      <styleUrl>#pt</styleUrl>
      <Point><coordinates>-72.228749809689,41.703946014536,0</coordinates></Point>
    </Placemark>
    <Placemark>
      <name>Landmark Air Systems, Inc</name>
      <description><![CDATA[Display Name: Landmark Air Systems, Inc<br>Town: Danbury<br>Phone: (203) 798-1199<br>Services: DHW, Heat, Cool<br>Energize CT?: Yes]]></description>
      <styleUrl>#pt</styleUrl>
      <Point><coordinates>-73.494257572567,41.378993502765,0</coordinates></Point>
    </Placemark>
    <Placemark>
      <name>Lantern Energy</name>
      <description><![CDATA[Display Name: Lantern Energy<br>Town: Glastonbury<br>Phone: (877) 878-3006 x109<br>Services: HES, HES/IE, Attic, Aeroseal<br>Energize CT?: Yes]]></description>
      <styleUrl>#pt</styleUrl>
      <Point><coordinates>-72.579797241888,41.711536660583,0</coordinates></Point>
    </Placemark>
    <Placemark>
      <name>Lassen Heating &amp; Cooling LLC</name>
      <description><![CDATA[Display Name: Lassen Heating & Cooling LLC<br>Phone: (860) 951-5086<br>Energize CT?: Yes]]></description>
      <styleUrl>#pt</styleUrl>
      <Point><coordinates>-72.874839957273,41.657341869546,0</coordinates></Point>
    </Placemark>
    <Placemark>
      <name>LC Mechanical LLC</name>
      <description><![CDATA[Display Name: LC Mechanical LLC<br>Phone: (860) 593-1102<br>Energize CT?: Yes]]></description>
      <styleUrl>#pt</styleUrl>
      <Point><coordinates>-72.608128759511,41.791225664844,0</coordinates></Point>
    </Placemark>
    <Placemark>
      <name>LDA Mechanical LLC</name>
      <description><![CDATA[Display Name: LDA Mechanical LLC<br>Phone: (203) 627-3428<br>Energize CT?: Yes]]></description>
      <styleUrl>#pt</styleUrl>
      <Point><coordinates>-72.775744658059,41.29083921257,0</coordinates></Point>
    </Placemark>
    <Placemark>
      <name>Leahys Fuels Inc</name>
      <description><![CDATA[Display Name: Leahys Fuels Inc<br>Phone: (203) 748-3535<br>Energize CT?: Yes]]></description>
      <styleUrl>#pt</styleUrl>
      <Point><coordinates>-73.450287697064,41.398210444836,0</coordinates></Point>
    </Placemark>
    <Placemark>
      <name>LeClaire Heating</name>
      <description><![CDATA[Display Name: LeClaire Heating<br>Phone: (203) 735-1700<br>Energize CT?: Yes]]></description>
      <styleUrl>#pt</styleUrl>
      <Point><coordinates>-73.05554461363,41.401070148059,0</coordinates></Point>
    </Placemark>
    <Placemark>
      <name>Lessard AC &amp; Heating LLC</name>
      <description><![CDATA[Display Name: Lessard AC & Heating LLC<br>Phone: (860) 228-1579<br>Energize CT?: Yes]]></description>
      <styleUrl>#pt</styleUrl>
      <Point><coordinates>-72.301092193234,41.649048651057,0</coordinates></Point>
    </Placemark>
    <Placemark>
      <name>Lestage Heating And Cooling LLC</name>
      <description><![CDATA[Display Name: Lestage Heating And Cooling LLC<br>Town: Tolland<br>Phone: (682) 347-7982<br>Services: DHW, Heat, Cool<br>Energize CT?: Yes]]></description>
      <styleUrl>#pt</styleUrl>
      <Point><coordinates>-72.383550724475,41.882135369708,0</coordinates></Point>
    </Placemark>
    <Placemark>
      <name>Levco Tech Inc</name>
      <description><![CDATA[Display Name: Levco Tech Inc<br>Town: Trumbull<br>Phone: (203) 846-6500<br>Services: DHW, Heat, Cool<br>Energize CT?: Yes]]></description>
      <styleUrl>#pt</styleUrl>
      <Point><coordinates>-73.146139263089,41.240834736403,0</coordinates></Point>
    </Placemark>
    <Placemark>
      <name>Link Mechanical Services, Inc</name>
      <description><![CDATA[Display Name: Link<br>Town: New Britain<br>Phone: (860) 826-5880<br>Services: Plumb, DHW, Heat, Cool<br>Energize CT?: Yes]]></description>
      <styleUrl>#pt</styleUrl>
      <Point><coordinates>-72.757470965985,41.664899281504,0</coordinates></Point>
    </Placemark>
    <Placemark>
      <name>Linton Heating &amp; Plumbing</name>
      <description><![CDATA[Display Name: Linton Heating & Plumbing<br>Phone: (203) 820-0622<br>Energize CT?: Yes]]></description>
      <styleUrl>#pt</styleUrl>
      <Point><coordinates>-73.50920210254,41.060173566505,0</coordinates></Point>
    </Placemark>
    <Placemark>
      <name>Lionheart Energy</name>
      <description><![CDATA[Display Name: Lionheart Energy<br>Phone: (860) 988-5299<br>Energize CT?: Yes]]></description>
      <styleUrl>#pt</styleUrl>
      <Point><coordinates>-73.147439864806,41.23606618158,0</coordinates></Point>
    </Placemark>
    <Placemark>
      <name>Litchfield County Mechanical</name>
      <description><![CDATA[Display Name: Litchfield County Mechanical<br>Phone: (860) 601-2621<br>Energize CT?: Yes]]></description>
      <styleUrl>#pt</styleUrl>
      <Point><coordinates>-73.059910916587,41.770579336533,0</coordinates></Point>
    </Placemark>
    <Placemark>
      <name>L&amp;L Mechanical-Blue Marlin Plumbing LLC</name>
      <description><![CDATA[Display Name: LL<br>Town: Goshen<br>Phone: (860) 491-4007<br>Services: DHW, Heat, Cool<br>Energize CT?: Yes]]></description>
      <styleUrl>#pt</styleUrl>
      <Point><coordinates>-73.218937427351,41.823736749386,0</coordinates></Point>
    </Placemark>
    <Placemark>
      <name>Lodge Heating And Cooling LLC.</name>
      <description><![CDATA[Display Name: Lodge Heating And Cooling LLC.<br>Phone: (860) 798-1452<br>Energize CT?: Yes]]></description>
      <styleUrl>#pt</styleUrl>
      <Point><coordinates>-72.500604966075,41.792416145279,0</coordinates></Point>
    </Placemark>
    <Placemark>
      <name>Long Hill Energy, LLC.</name>
      <description><![CDATA[Display Name: Long Hill Energy, LLC.<br>Phone: (860) 664-3835<br>Energize CT?: Yes]]></description>
      <styleUrl>#pt</styleUrl>
      <Point><coordinates>-72.536255481019,41.278674319018,0</coordinates></Point>
    </Placemark>
    <Placemark>
      <name>Lovett Heating And Cooling LLC</name>
      <description><![CDATA[Display Name: Lovett Heating And Cooling LLC<br>Town: Broad Brook<br>Phone: (860) 372-5775<br>Services: DHW, Heat, Cool<br>Energize CT?: Yes]]></description>
      <styleUrl>#pt</styleUrl>
      <Point><coordinates>-72.528149382751,41.87909895296,0</coordinates></Point>
    </Placemark>
    <Placemark>
      <name>LRP Mechanical, LLC</name>
      <description><![CDATA[Display Name: LRP Mechanical, LLC<br>Phone: (203) 627-2771<br>Energize CT?: Yes]]></description>
      <styleUrl>#pt</styleUrl>
      <Point><coordinates>-72.891830980088,41.252582258638,0</coordinates></Point>
    </Placemark>
    <Placemark>
      <name>M J Fahy &amp; Sons Inc</name>
      <description><![CDATA[Display Name: M J Fahy & Sons Inc<br>Phone: (203) 574-4808<br>Energize CT?: Yes]]></description>
      <styleUrl>#pt</styleUrl>
      <Point><coordinates>-73.048277831096,41.557821095625,0</coordinates></Point>
    </Placemark>
    <Placemark>
      <name>M.A.Garamella Co</name>
      <description><![CDATA[Display Name: M.A.Garamella Co<br>Phone: (203) 925-9828<br>Energize CT?: Yes]]></description>
      <styleUrl>#pt</styleUrl>
      <Point><coordinates>-73.202657945084,41.299052465046,0</coordinates></Point>
    </Placemark>
    <Placemark>
      <name>M.J. Emonds Mechanical Contractors</name>
      <description><![CDATA[Display Name: M.J. Emonds Mechanical Contractors<br>Town: Glastonbury<br>Phone: (860) 462-7659<br>Services: DHW, Heat, Cool<br>Energize CT?: Yes]]></description>
      <styleUrl>#pt</styleUrl>
      <Point><coordinates>-72.592682100543,41.710552192432,0</coordinates></Point>
    </Placemark>
    <Placemark>
      <name>M.J. Williams Heating &amp; Air Cond., Inc</name>
      <description><![CDATA[Display Name: M.J. Williams Heating & Air Cond., Inc<br>Town: Woodstock<br>Phone: (508) 949-0035<br>Services: DHW, Heat, Cool<br>Energize CT?: Yes]]></description>
      <styleUrl>#pt</styleUrl>
      <Point><coordinates>-71.96732491016,41.995488348315,0</coordinates></Point>
    </Placemark>
    <Placemark>
      <name>M&amp;M Energy Solutions</name>
      <description><![CDATA[Display Name: M&M Energy Solutions<br>Town: Bolton<br>Phone: (800) 593-1521<br>Energize CT?: Yes]]></description>
      <styleUrl>#pt</styleUrl>
      <Point><coordinates>-72.4321593887,41.783809338556,0</coordinates></Point>
    </Placemark>
    <Placemark>
      <name>M&amp;M Heating &amp; Cooling, LLC</name>
      <description><![CDATA[Display Name: M&M Heating & Cooling, LLC<br>Town: Bridgeport<br>Phone: (203) 377-5866<br>Services: DHW, Heat, Cool<br>Energize CT?: Yes]]></description>
      <styleUrl>#pt</styleUrl>
      <Point><coordinates>-73.18878164033,41.195725384231,0</coordinates></Point>
    </Placemark>
    <Placemark>
      <name>M &amp; R Mechanical Services</name>
      <description><![CDATA[Display Name: M&R Mech<br>Town: Milford<br>Phone: (203) 874-7914<br>Services: DHW, Heat, Cool<br>Energize CT?: Yes]]></description>
      <styleUrl>#pt</styleUrl>
      <Point><coordinates>-73.069737876965,41.216480959501,0</coordinates></Point>
    </Placemark>
    <Placemark>
      <name>Mac Air Systems, LLC</name>
      <description><![CDATA[Display Name: Mac<br>Town: Trumbull<br>Phone: (203) 261-7185<br>Services: DHW, Heat, Cool<br>Energize CT?: Yes]]></description>
      <styleUrl>#pt</styleUrl>
      <Point><coordinates>-73.250960905852,41.271670090065,0</coordinates></Point>
    </Placemark>
    <Placemark>
      <name>MAC Heating And Cooling</name>
      <description><![CDATA[Display Name: MAC Heating And Cooling<br>Phone: (203) 217-9041<br>Energize CT?: Yes]]></description>
      <styleUrl>#pt</styleUrl>
      <Point><coordinates>-73.027465709444,41.529589792749,0</coordinates></Point>
    </Placemark>
    <Placemark>
      <name>MaGrann Associates</name>
      <description><![CDATA[Display Name: MaGrann Associates<br>Town: Chester <br>Phone: (877) 800-6440<br>Energize CT?: Yes]]></description>
      <styleUrl>#pt</styleUrl>
      <Point><coordinates>-72.45037,41.4026,0</coordinates></Point>
    </Placemark>
    <Placemark>
      <name>Maleton Plumbing And Heating</name>
      <description><![CDATA[Display Name: Maleton Plumbing And Heating<br>Phone: (203) 727-7924<br>Energize CT?: Yes]]></description>
      <styleUrl>#pt</styleUrl>
      <Point><coordinates>-73.15541142595,41.210965849391,0</coordinates></Point>
    </Placemark>
    <Placemark>
      <name>Marec Heating And Air Conditioning</name>
      <description><![CDATA[Display Name: Marec Heating And Air Conditioning<br>Town: West Hartford<br>Phone: (860) 953-2881<br>Services: DHW, Heat, Cool<br>Energize CT?: Yes]]></description>
      <styleUrl>#pt</styleUrl>
      <Point><coordinates>-72.726248268743,41.722940105715,0</coordinates></Point>
    </Placemark>
    <Placemark>
      <name>Massey Heating &amp; Cooling LLC</name>
      <description><![CDATA[Display Name: Massey Heating & Cooling LLC<br>Town: Monroe<br>Phone: (203) 650-1530<br>Services: DHW, Heat, Cool<br>Energize CT?: Yes]]></description>
      <styleUrl>#pt</styleUrl>
      <Point><coordinates>-73.225417140387,41.328038272082,0</coordinates></Point>
    </Placemark>
    <Placemark>
      <name>Massimo Heating And Cooling LLC</name>
      <description><![CDATA[Display Name: Massimo Heating And Cooling LLC<br>Town: Oakville<br>Phone: (888) 316-2774<br>Services: DHW, Heat, Cool<br>Energize CT?: Yes]]></description>
      <styleUrl>#pt</styleUrl>
      <Point><coordinates>-73.075453180554,41.597702210408,0</coordinates></Point>
    </Placemark>
    <Placemark>
      <name>Masters Heating and A/C</name>
      <description><![CDATA[Display Name: Masters Heating and A/C<br>Phone: (203) 265-4434<br>Energize CT?: Yes]]></description>
      <styleUrl>#pt</styleUrl>
      <Point><coordinates>-72.819020746716,41.454611137426,0</coordinates></Point>
    </Placemark>
    <Placemark>
      <name>Mavericks Foam and Coatings</name>
      <description><![CDATA[Display Name: Mavericks Foam and Coatings<br>Phone: (203) 556-2992<br>Energize CT?: Yes]]></description>
      <styleUrl>#pt</styleUrl>
      <Point><coordinates>-73.227569662526,41.19682912923,0</coordinates></Point>
    </Placemark>
    <Placemark>
      <name>Mccarthy Heating Oil Service, Inc.</name>
      <description><![CDATA[Display Name: Mccarthy Heating Oil Service, Inc.<br>Town: Quaker Hill<br>Phone: (860) 443-2839<br>Energize CT?: Yes]]></description>
      <styleUrl>#pt</styleUrl>
      <Point><coordinates>-72.11588,41.39868,0</coordinates></Point>
    </Placemark>
    <Placemark>
      <name>MCK Heating And Cooling LLC</name>
      <description><![CDATA[Display Name: MCK Heating And Cooling LLC<br>Town: Norwalk<br>Phone: (203) 515-9939<br>Services: DHW, Heat, Cool<br>Energize CT?: Yes]]></description>
      <styleUrl>#pt</styleUrl>
      <Point><coordinates>-73.400074264526,41.099124943552,0</coordinates></Point>
    </Placemark>
    <Placemark>
      <name>Mckenney Mechanical Contractors Inc.</name>
      <description><![CDATA[Display Name: Mckenney Mechanical Contractors Inc.<br>Phone: (203) 364-1000<br>Energize CT?: Yes]]></description>
      <styleUrl>#pt</styleUrl>
      <Point><coordinates>-73.289024658222,41.413978713336,0</coordinates></Point>
    </Placemark>
    <Placemark>
      <name>MCR Refrigeraiton LLC</name>
      <description><![CDATA[Display Name: MCR Refrigeraiton LLC<br>Town: Danielson<br>Phone: (860) 382-5977<br>Services: DHW, Heat, Cool<br>Energize CT?: Yes]]></description>
      <styleUrl>#pt</styleUrl>
      <Point><coordinates>-71.878518121122,41.814534458151,0</coordinates></Point>
    </Placemark>
    <Placemark>
      <name>Mechanitech Hvac Solutions LLC</name>
      <description><![CDATA[Display Name: Mechanitech Hvac Solutions LLC<br>Town: Bethlehem<br>Phone: (203) 592-1775<br>Services: DHW, Heat, Cool<br>Energize CT?: Yes]]></description>
      <styleUrl>#pt</styleUrl>
      <Point><coordinates>-73.1979802167,41.659307002407,0</coordinates></Point>
    </Placemark>
    <Placemark>
      <name>Mid-State Mechanical Contractors</name>
      <description><![CDATA[Display Name: Mid-State Mechanical Contractors<br>Town: Middletown<br>Phone: 860-635-3230<br>Services: DHW, Heat<br>Energize CT?: Yes]]></description>
      <styleUrl>#pt</styleUrl>
      <Point><coordinates>-72.672492567163,41.579887188802,0</coordinates></Point>
    </Placemark>
    <Placemark>
      <name>Middlebury Mechanical LLC</name>
      <description><![CDATA[Display Name: Middle Mech<br>Town: Middlebury<br>Phone: (203) 725-4757<br>Services: DHW, Heat, Cool<br>Energize CT?: Yes]]></description>
      <styleUrl>#pt</styleUrl>
      <Point><coordinates>-73.102478249299,41.546941946537,0</coordinates></Point>
    </Placemark>
    <Placemark>
      <name>Middlesex Mechanical Services LLC</name>
      <description><![CDATA[Display Name: Middlesex Mechanical Services LLC<br>Phone: (860) 949-5711<br>Energize CT?: Yes]]></description>
      <styleUrl>#pt</styleUrl>
      <Point><coordinates>-72.608337535173,41.57945132006,0</coordinates></Point>
    </Placemark>
    <Placemark>
      <name>Midstate HVAC and R/Oil</name>
      <description><![CDATA[Display Name: Midstate HVAC and R/Oil<br>Town: Hope Valley<br>Phone: (401) 651-7848<br>Energize CT?: Yes]]></description>
      <styleUrl>#pt</styleUrl>
      <Point><coordinates>-71.706660979368,41.522095905445,0</coordinates></Point>
    </Placemark>
    <Placemark>
      <name>Miele Mechanical Services LLC</name>
      <description><![CDATA[Display Name: Miele<br>Town: New Britain<br>Phone: (860) 357-3323<br>Services: DHW, Heat, Cool<br>Energize CT?: Yes]]></description>
      <styleUrl>#pt</styleUrl>
      <Point><coordinates>-72.777550322984,41.658214901192,0</coordinates></Point>
    </Placemark>
    <Placemark>
      <name>Mikes Plumbing Services</name>
      <description><![CDATA[Display Name: Mikes Plumbing Services<br>Town: Fairfield<br>Phone: (203) 223-8286<br>Services: DHW, Heat, Cool<br>Energize CT?: Yes]]></description>
      <styleUrl>#pt</styleUrl>
      <Point><coordinates>-73.2637,41.1412,0</coordinates></Point>
    </Placemark>
    <Placemark>
      <name>Millas Heating &amp; Cooling LLC</name>
      <description><![CDATA[Display Name: Millas<br>Town: Mystic<br>Phone: (860) 415-9962<br>Services: DHW, Heat, Cool<br>Energize CT?: Yes]]></description>
      <styleUrl>#pt</styleUrl>
      <Point><coordinates>-71.96645,41.35426,0</coordinates></Point>
    </Placemark>
    <Placemark>
      <name>Minutemen Plumbing And Heating LLC</name>
      <description><![CDATA[Display Name: Minutemen Plumbing And Heating LLC<br>Phone: (860) 806-7070<br>Energize CT?: Yes]]></description>
      <styleUrl>#pt</styleUrl>
      <Point><coordinates>-73.116810360294,41.803509115719,0</coordinates></Point>
    </Placemark>
    <Placemark>
      <name>Mitchell Fuel Company, Inc.</name>
      <description><![CDATA[Display Name: Mitchell Fuel Company, Inc.<br>Town: South Windsor<br>Phone: (860) 644-2561<br>Services: DHW, Heat, Cool<br>Energize CT?: Yes]]></description>
      <styleUrl>#pt</styleUrl>
      <Point><coordinates>-72.558907543211,41.838620111988,0</coordinates></Point>
    </Placemark>
    <Placemark>
      <name>M&amp;M Mechanical</name>
      <description><![CDATA[Display Name: MM<br>Town: Bolton<br>Phone: (860) 649-2871<br>Services: DHW, Heat, Cool<br>Energize CT?: Yes]]></description>
      <styleUrl>#pt</styleUrl>
      <Point><coordinates>-72.44141,41.79159,0</coordinates></Point>
    </Placemark>
    <Placemark>
      <name>Mobilio And Son Hvac LLC</name>
      <description><![CDATA[Display Name: Mobilio And Son Hvac LLC<br>Town: Cheshire<br>Phone: (203) 404-0407<br>Services: DHW, Heat, Cool<br>Energize CT?: Yes]]></description>
      <styleUrl>#pt</styleUrl>
      <Point><coordinates>-72.902579735962,41.535622097449,0</coordinates></Point>
    </Placemark>
    <Placemark>
      <name>Modern Comfort Mechanical</name>
      <description><![CDATA[Display Name: Modern Comfort Mechanical<br>Town: Enfield<br>Phone: (860) 692-2733<br>Services: DHW, Heat, Cool<br>Energize CT?: Yes]]></description>
      <styleUrl>#pt</styleUrl>
      <Point><coordinates>-72.592440407161,42.005213065759,0</coordinates></Point>
    </Placemark>
    <Placemark>
      <name>Modern Heating &amp; Air Conditioning LLC</name>
      <description><![CDATA[Display Name: Modern Heating & Air Conditioning LLC<br>Town: Milford<br>Phone: (203) 283-0593<br>Services: Plumb, DHW, Heat, Cool, Duct clean, GSHP<br>Energize CT?: Yes]]></description>
      <styleUrl>#pt</styleUrl>
      <Point><coordinates>-73.071151744863,41.215834500508,0</coordinates></Point>
    </Placemark>
    <Placemark>
      <name>Modern Mechanical Systems</name>
      <description><![CDATA[Display Name: Modern Mechanical Systems<br>Phone: (860) 677-2222<br>Energize CT?: Yes]]></description>
      <styleUrl>#pt</styleUrl>
      <Point><coordinates>-72.844374084963,41.695669446182,0</coordinates></Point>
    </Placemark>
    <Placemark>
      <name>Montanari Fuel Service</name>
      <description><![CDATA[Display Name: Montanari Fuel Service<br>Phone: (203) 438-2688<br>Energize CT?: Yes]]></description>
      <styleUrl>#pt</styleUrl>
      <Point><coordinates>-73.494608983596,41.290596682572,0</coordinates></Point>
    </Placemark>
    <Placemark>
      <name>Mountain Side Mechanical LLC</name>
      <description><![CDATA[Display Name: Mountain Side Mechanical LLC<br>Phone: (203) 883-3977<br>Energize CT?: Yes]]></description>
      <styleUrl>#pt</styleUrl>
      <Point><coordinates>-72.756243583118,41.542325719732,0</coordinates></Point>
    </Placemark>
    <Placemark>
      <name>MPC Heating And Cooling LLC</name>
      <description><![CDATA[Display Name: MPC Heating And Cooling LLC<br>Phone: (203) 470-6651<br>Energize CT?: Yes]]></description>
      <styleUrl>#pt</styleUrl>
      <Point><coordinates>-73.199369212999,41.358812814865,0</coordinates></Point>
    </Placemark>
    <Placemark>
      <name>MR Heating &amp; Cooling L.L.C.</name>
      <description><![CDATA[Display Name: MR<br>Town: Harwinton<br>Phone: (860) 459-1908<br>Services: DHW, Heat, Cool<br>Energize CT?: Yes]]></description>
      <styleUrl>#pt</styleUrl>
      <Point><coordinates>-73.084401093648,41.761858960245,0</coordinates></Point>
    </Placemark>
    <Placemark>
      <name>Ms Insulation of CT LLC</name>
      <description><![CDATA[Display Name: Ms Insulation of CT LLC<br>Phone: (860) 884-0146<br>Energize CT?: Yes]]></description>
      <styleUrl>#pt</styleUrl>
      <Point><coordinates>-72.347041796934,41.580182722963,0</coordinates></Point>
    </Placemark>
    <Placemark>
      <name>Mull Brothers Oil Inc</name>
      <description><![CDATA[Display Name: Mull Brothers Oil Inc<br>Phone: (860) 529-8255<br>Energize CT?: Yes]]></description>
      <styleUrl>#pt</styleUrl>
      <Point><coordinates>-72.661743195635,41.710473562677,0</coordinates></Point>
    </Placemark>
    <Placemark>
      <name>Mull Mechanical, LLC</name>
      <description><![CDATA[Display Name: Mull Mechanical, LLC<br>Phone: (203) 500-3096<br>Energize CT?: Yes]]></description>
      <styleUrl>#pt</styleUrl>
      <Point><coordinates>-72.658114800139,41.664042800366,0</coordinates></Point>
    </Placemark>
    <Placemark>
      <name>Mullen Mechanical Heating And Cooling</name>
      <description><![CDATA[Display Name: Mullen Mechanical Heating And Cooling<br>Phone: (860) 328-2657<br>Energize CT?: Yes]]></description>
      <styleUrl>#pt</styleUrl>
      <Point><coordinates>-72.59727849838,41.759919241253,0</coordinates></Point>
    </Placemark>
    <Placemark>
      <name>Northern Comfort Services LLC</name>
      <description><![CDATA[Display Name: N.Comfort<br>Town: Prospect <br>Phone: (203) 920-4870<br>Services: DHW, Heat<br>Energize CT?: Yes]]></description>
      <styleUrl>#pt</styleUrl>
      <Point><coordinates>-72.912848839375,41.48709270314,0</coordinates></Point>
    </Placemark>
    <Placemark>
      <name>A&amp;S Nathan Heating &amp; Cooling LLC</name>
      <description><![CDATA[Display Name: Nathan<br>Town: Ansonia<br>Phone: (203) 735-5332<br>Services: DHW, Heat, Cool<br>Energize CT?: Yes]]></description>
      <styleUrl>#pt</styleUrl>
      <Point><coordinates>-73.08525250564,41.334959162773,0</coordinates></Point>
    </Placemark>
    <Placemark>
      <name>New England Smart Energy Group, LLC</name>
      <description><![CDATA[Display Name: NE-SEG<br>Town: Fairfield<br>Phone: (203) 292-8088, 203-292-9655<br>Services: HES, HES/IE, Attic, Windows, DHW, DHW/IE, Heat, Heat/IE, Cool, Cool/IE<br>Energize CT?: Yes]]></description>
      <styleUrl>#pt</styleUrl>
      <Point><coordinates>-73.239144784075,41.162562142701,0</coordinates></Point>
    </Placemark>
    <Placemark>
      <name>Nealon Energy Solutions, LLC</name>
      <description><![CDATA[Display Name: Nealon Energy Solutions, LLC<br>Phone: (860) 669-0333<br>Energize CT?: Yes]]></description>
      <styleUrl>#pt</styleUrl>
      <Point><coordinates>-72.491797717521,41.274326076452,0</coordinates></Point>
    </Placemark>
    <Placemark>
      <name>New England Performance Insulation</name>
      <description><![CDATA[Display Name: NEPI<br>Town: Milford<br>Phone: (203) 783-0748<br>Services: Attic<br>Energize CT?: Yes]]></description>
      <styleUrl>#pt</styleUrl>
      <Point><coordinates>-73.013316132222,41.239135587829,0</coordinates></Point>
    </Placemark>
    <Placemark>
      <name>Nero Air Conditioning, Heating &amp; Refrigeration, Inc.</name>
      <description><![CDATA[Display Name: Nero<br>Town: North Haven<br>Phone: (203) 248-8110<br>Services: DHW, Heat, Cool<br>Energize CT?: Yes]]></description>
      <styleUrl>#pt</styleUrl>
      <Point><coordinates>-72.886458679441,41.370449954586,0</coordinates></Point>
    </Placemark>
    <Placemark>
      <name>New Ecology, Inc</name>
      <description><![CDATA[Display Name: New Ecology, Inc<br>Phone: (617) 557-1700<br>Energize CT?: Yes]]></description>
      <styleUrl>#pt</styleUrl>
      <Point><coordinates>-71.05872752793,42.358555768263,0</coordinates></Point>
    </Placemark>
    <Placemark>
      <name>New England Air Systems LLC</name>
      <description><![CDATA[Display Name: New England Air Systems LLC<br>Town: Danbury<br>Phone: (203) 798-9375<br>Services: DHW, Heat, Cool<br>Energize CT?: Yes]]></description>
      <styleUrl>#pt</styleUrl>
      <Point><coordinates>-73.432519483404,41.40196983772,0</coordinates></Point>
    </Placemark>
    <Placemark>
      <name>New England Building Products</name>
      <description><![CDATA[Display Name: New England Building Products<br>Phone: (203) 427-2223<br>Energize CT?: Yes]]></description>
      <styleUrl>#pt</styleUrl>
      <Point><coordinates>-72.759161148586,41.636230494792,0</coordinates></Point>
    </Placemark>
    <Placemark>
      <name>New England Energy Raters, LLC</name>
      <description><![CDATA[Display Name: New England Energy Raters, LLC<br>Phone: (413) 570-5750<br>Energize CT?: Yes]]></description>
      <styleUrl>#pt</styleUrl>
      <Point><coordinates>-72.71690428534,42.316614392292,0</coordinates></Point>
    </Placemark>
    <Placemark>
      <name>New England Green Homes</name>
      <description><![CDATA[Display Name: New England Green Homes<br>Phone: (860) 930-7794<br>Energize CT?: Yes]]></description>
      <styleUrl>#pt</styleUrl>
      <Point><coordinates>-72.379201441598,41.923726127117,0</coordinates></Point>
    </Placemark>
    <Placemark>
      <name>New England Oil Company Inc</name>
      <description><![CDATA[Display Name: New England Oil Company Inc<br>Phone: (203) 869-5869<br>Energize CT?: Yes]]></description>
      <styleUrl>#pt</styleUrl>
      <Point><coordinates>-73.642227895575,41.020489939367,0</coordinates></Point>
    </Placemark>
    <Placemark>
      <name>New England Property Pros</name>
      <description><![CDATA[Display Name: New England Property Pros<br>Town: Plainville<br>Phone: (860) 335-9634<br>Services: DHW, Heat, Cool<br>Energize CT?: Yes]]></description>
      <styleUrl>#pt</styleUrl>
      <Point><coordinates>-72.848999929318,41.692637845073,0</coordinates></Point>
    </Placemark>
    <Placemark>
      <name>New England Service and Controls</name>
      <description><![CDATA[Display Name: New England Service and Controls<br>Phone: (860) 564-5008<br>Energize CT?: Yes]]></description>
      <styleUrl>#pt</styleUrl>
      <Point><coordinates>-71.896445762879,41.72093099569,0</coordinates></Point>
    </Placemark>
    <Placemark>
      <name>New Perspective Mechanical</name>
      <description><![CDATA[Display Name: New Perspective Mechanical<br>Phone: (203) 500-0892<br>Energize CT?: Yes]]></description>
      <styleUrl>#pt</styleUrl>
      <Point><coordinates>-73.038163780614,41.500224599637,0</coordinates></Point>
    </Placemark>
    <Placemark>
      <name>Newera Mechanical Services LLC</name>
      <description><![CDATA[Display Name: Newera Mechanical Services LLC<br>Town: New Britain<br>Phone: (860) 395-9700<br>Services: DHW, Heat, Cool<br>Energize CT?: Yes]]></description>
      <styleUrl>#pt</styleUrl>
      <Point><coordinates>-72.796485300791,41.673851808462,0</coordinates></Point>
    </Placemark>
    <Placemark>
      <name>NexAir Mechanical</name>
      <description><![CDATA[Display Name: NexAir Mechanical<br>Phone: (203) 240-6262<br>Energize CT?: Yes]]></description>
      <styleUrl>#pt</styleUrl>
      <Point><coordinates>-73.48833,41.36531,0</coordinates></Point>
    </Placemark>
    <Placemark>
      <name>NexGen Energy</name>
      <description><![CDATA[Display Name: NexGen Energy<br>Phone: (860) 436-5849<br>Energize CT?: Yes]]></description>
      <styleUrl>#pt</styleUrl>
      <Point><coordinates>-72.677025493031,41.641545757925,0</coordinates></Point>
    </Placemark>
    <Placemark>
      <name>NextAir LLC</name>
      <description><![CDATA[Display Name: NextAir LLC<br>Phone: (860) 325-2030<br>Energize CT?: Yes]]></description>
      <styleUrl>#pt</styleUrl>
      <Point><coordinates>-72.839729677338,41.956258424805,0</coordinates></Point>
    </Placemark>
    <Placemark>
      <name>No BS Home Services LLC</name>
      <description><![CDATA[Display Name: No BS Home Services LLC<br>Phone: (203) 836-6270<br>Energize CT?: Yes]]></description>
      <styleUrl>#pt</styleUrl>
      <Point><coordinates>-73.066911814339,41.337009572484,0</coordinates></Point>
    </Placemark>
    <Placemark>
      <name>Non-Stop Heating &amp; Cooling LLC</name>
      <description><![CDATA[Display Name: Non-Stop Heating & Cooling LLC<br>Phone: (203) 410-9360<br>Energize CT?: Yes]]></description>
      <styleUrl>#pt</styleUrl>
      <Point><coordinates>-72.837423914439,41.343575001614,0</coordinates></Point>
    </Placemark>
    <Placemark>
      <name>Norbert E. Mitchell Co., Inc.</name>
      <description><![CDATA[Display Name: Norbert E. Mitchell Co., Inc.<br>Town: Danbury<br>Phone: (203) 744-0600<br>Services: DHW, Heat, Cool<br>Energize CT?: Yes]]></description>
      <styleUrl>#pt</styleUrl>
      <Point><coordinates>-73.429567974736,41.406606736046,0</coordinates></Point>
    </Placemark>
    <Placemark>
      <name>North Air Systems, LLC</name>
      <description><![CDATA[Display Name: North Air Systems, LLC<br>Phone: (203) 484-3333<br>Energize CT?: Yes]]></description>
      <styleUrl>#pt</styleUrl>
      <Point><coordinates>-72.81057,41.40118,0</coordinates></Point>
    </Placemark>
    <Placemark>
      <name>Northeast Heating &amp; Cooling</name>
      <description><![CDATA[Display Name: Northeast Heating & Cooling<br>Phone: (959) 595-2327<br>Energize CT?: Yes]]></description>
      <styleUrl>#pt</styleUrl>
      <Point><coordinates>-72.973636492128,41.403301415235,0</coordinates></Point>
    </Placemark>
    <Placemark>
      <name>Northeast Mechanical LLC</name>
      <description><![CDATA[Display Name: Northeast Mechanical LLC<br>Phone: (860) 690-3009<br>Energize CT?: Yes]]></description>
      <styleUrl>#pt</styleUrl>
      <Point><coordinates>-72.302988938437,41.873226153015,0</coordinates></Point>
    </Placemark>
    <Placemark>
      <name>Northstar Service LLC</name>
      <description><![CDATA[Display Name: Northstar Service LLC<br>Town: Southington<br>Phone: (860) 919-4482<br>Services: DHW, Heat, Cool<br>Energize CT?: Yes]]></description>
      <styleUrl>#pt</styleUrl>
      <Point><coordinates>-72.875697137701,41.606490438507,0</coordinates></Point>
    </Placemark>
    <Placemark>
      <name>Now Mechanical LLC</name>
      <description><![CDATA[Display Name: Now Mechanical LLC<br>Phone: (860) 793-1113<br>Energize CT?: Yes]]></description>
      <styleUrl>#pt</styleUrl>
      <Point><coordinates>-72.854608895316,41.671301948686,0</coordinates></Point>
    </Placemark>
    <Placemark>
      <name>NTA202,LLC</name>
      <description><![CDATA[Display Name: NTA202,LLC<br>Town: New Milford<br>Phone: (203) 948-0560<br>Services: DHW, Heat, Cool<br>Energize CT?: Yes]]></description>
      <styleUrl>#pt</styleUrl>
      <Point><coordinates>-73.417210038048,41.555275720775,0</coordinates></Point>
    </Placemark>
    <Placemark>
      <name>Nutmeg Mechanical Services, Inc.</name>
      <description><![CDATA[Display Name: Nutmeg<br>Town: Manchester<br>Phone: (860) 643-2042<br>Services: DHW, Heat, Cool, Duct clean<br>Energize CT?: Yes]]></description>
      <styleUrl>#pt</styleUrl>
      <Point><coordinates>-72.510641065286,41.803231906513,0</coordinates></Point>
    </Placemark>
    <Placemark>
      <name>Nutmeg Plumbing And Heating</name>
      <description><![CDATA[Display Name: Nutmeg Plumbing And Heating<br>Phone: (203) 751-2841<br>Energize CT?: Yes]]></description>
      <styleUrl>#pt</styleUrl>
      <Point><coordinates>-72.514460365195,41.515417790933,0</coordinates></Point>
    </Placemark>
    <Placemark>
      <name>Nyzio Sheet Metal LLC</name>
      <description><![CDATA[Display Name: Nyzio Sheet Metal LLC<br>Phone: (413) 534-3320<br>Energize CT?: Yes]]></description>
      <styleUrl>#pt</styleUrl>
      <Point><coordinates>-72.598860722614,42.194192572429,0</coordinates></Point>
    </Placemark>
    <Placemark>
      <name>Omni Mechanical Services LLC</name>
      <description><![CDATA[Display Name: Omni<br>Town: South Windsor<br>Phone: (860) 422-4314<br>Services: DHW, Heat, Cool, Duct clean, Controls<br>Energize CT?: Yes]]></description>
      <styleUrl>#pt</styleUrl>
      <Point><coordinates>-72.60492942526,41.836257844137,0</coordinates></Point>
    </Placemark>
    <Placemark>
      <name>One Hour Heating And Air Conditioning</name>
      <description><![CDATA[Display Name: One Hour Heating And Air Conditioning<br>Town: Derby<br>Phone: (203) 922-1910<br>Services: DHW, Heat, Cool<br>Energize CT?: Yes]]></description>
      <styleUrl>#pt</styleUrl>
      <Point><coordinates>-73.075280415499,41.307163947947,0</coordinates></Point>
    </Placemark>
    <Placemark>
      <name>Onega Inspection Services</name>
      <description><![CDATA[Display Name: Onega Inspection Services<br>Town: Danbury <br>Phone: (401) 284-7455<br>Energize CT?: Yes]]></description>
      <styleUrl>#pt</styleUrl>
      <Point><coordinates>-73.4544,41.3961,0</coordinates></Point>
    </Placemark>
    <Placemark>
      <name>Onofreo Home Comfort Systems, LLC.</name>
      <description><![CDATA[Display Name: Onofreo Home Comfort Systems, LLC.<br>Town: Milford<br>Phone: (203) 301-4151<br>Services: DHW, Heat, Cool, GSHP<br>Energize CT?: Yes]]></description>
      <styleUrl>#pt</styleUrl>
      <Point><coordinates>-73.013296583793,41.238732346036,0</coordinates></Point>
    </Placemark>
    <Placemark>
      <name>OnTime Plumbing &amp; Heating LLC</name>
      <description><![CDATA[Display Name: OnTime Plumbing & Heating LLC<br>Phone: (203) 528-5176<br>Energize CT?: Yes]]></description>
      <styleUrl>#pt</styleUrl>
      <Point><coordinates>-72.964095038565,41.631548610751,0</coordinates></Point>
    </Placemark>
    <Placemark>
      <name>Optimum Energy LLC</name>
      <description><![CDATA[Display Name: Optimum Energy LLC<br>Town: Meriden<br>Phone: (860) 996-1341<br>Services: DHW, Heat, Cool<br>Energize CT?: Yes]]></description>
      <styleUrl>#pt</styleUrl>
      <Point><coordinates>-72.794122057872,41.531596963701,0</coordinates></Point>
    </Placemark>
    <Placemark>
      <name>Ortiz Refrigeration A/C And Heating LLC</name>
      <description><![CDATA[Display Name: Ortiz Refrigeration A/C And Heating LLC<br>Phone: (860) 799-6283<br>Energize CT?: Yes]]></description>
      <styleUrl>#pt</styleUrl>
      <Point><coordinates>-73.45588179832,41.594329334295,0</coordinates></Point>
    </Placemark>
    <Placemark>
      <name>OSA Heating &amp; Cooling, LLC</name>
      <description><![CDATA[Display Name: OSA Heating & Cooling, LLC<br>Phone: (203) 338-0371<br>Energize CT?: Yes]]></description>
      <styleUrl>#pt</styleUrl>
      <Point><coordinates>-73.138908126867,41.17036638792,0</coordinates></Point>
    </Placemark>
    <Placemark>
      <name>Otis Mechanical LLC</name>
      <description><![CDATA[Display Name: Otis Mechanical LLC<br>Phone: (860) 997-9713<br>Energize CT?: Yes]]></description>
      <styleUrl>#pt</styleUrl>
      <Point><coordinates>-72.700575402713,41.673603156222,0</coordinates></Point>
    </Placemark>
    <Placemark>
      <name>Pack-Timco Inc</name>
      <description><![CDATA[Display Name: Pack-Timco Inc<br>Town: Stratford<br>Phone: (203) 847-8781<br>Services: DHW, Heat, Cool<br>Energize CT?: Yes]]></description>
      <styleUrl>#pt</styleUrl>
      <Point><coordinates>-73.147420529969,41.175143965795,0</coordinates></Point>
    </Placemark>
    <Placemark>
      <name>Paraco Hvac</name>
      <description><![CDATA[Display Name: Paraco Hvac<br>Town: West Haven<br>Phone: (800) 325-9815<br>Services: DHW, Heat, Cool<br>Energize CT?: Yes]]></description>
      <styleUrl>#pt</styleUrl>
      <Point><coordinates>-72.945415807233,41.282757269854,0</coordinates></Point>
    </Placemark>
    <Placemark>
      <name>Paragon Heating &amp; Cooling LLC</name>
      <description><![CDATA[Display Name: Paragon Heating & Cooling LLC<br>Town: New Milford<br>Phone: (475)-296-4750<br>Services: DHW, Heat, Cool<br>Energize CT?: Yes]]></description>
      <styleUrl>#pt</styleUrl>
      <Point><coordinates>-73.382294405459,41.608383132266,0</coordinates></Point>
    </Placemark>
    <Placemark>
      <name>Parker Home Services</name>
      <description><![CDATA[Display Name: Parker Home Services<br>Town: Old Saybrook<br>Phone: (860) 934-8441<br>Energize CT?: Yes]]></description>
      <styleUrl>#pt</styleUrl>
      <Point><coordinates>-72.367708385448,41.303575407329,0</coordinates></Point>
    </Placemark>
    <Placemark>
      <name>Parks Heating and Cooling LLC</name>
      <description><![CDATA[Display Name: Parks Heating and Cooling LLC<br>Town: Woodbury<br>Phone: (203) 560-6795<br>Energize CT?: Yes]]></description>
      <styleUrl>#pt</styleUrl>
      <Point><coordinates>-73.20817,41.54454,0</coordinates></Point>
    </Placemark>
    <Placemark>
      <name>Patriot Home Services LLC</name>
      <description><![CDATA[Display Name: Patriot Home Services LLC<br>Town: Wolcott<br>Phone: (203) 592-2126<br>Energize CT?: Yes]]></description>
      <styleUrl>#pt</styleUrl>
      <Point><coordinates>-72.975597326928,41.635403508842,0</coordinates></Point>
    </Placemark>
    <Placemark>
      <name>Pelletier Mechanical Services LLC</name>
      <description><![CDATA[Display Name: Pelletier Mechanical Services LLC<br>Town: Thomaston<br>Phone: (203) 228-6023<br>Services: DHW, Heat, Cool<br>Energize CT?: Yes]]></description>
      <styleUrl>#pt</styleUrl>
      <Point><coordinates>-73.07289,41.67426,0</coordinates></Point>
    </Placemark>
    <Placemark>
      <name>Pennywise Oil Co Inc</name>
      <description><![CDATA[Display Name: Pennywise Oil Co Inc<br>Town: Westbrook<br>Phone: (860) 399-8244<br>Services: DHW, Heat, Cool<br>Energize CT?: Yes]]></description>
      <styleUrl>#pt</styleUrl>
      <Point><coordinates>-72.451160744191,41.28998792908,0</coordinates></Point>
    </Placemark>
    <Placemark>
      <name>Perfect Timing Heating &amp; Cooling</name>
      <description><![CDATA[Display Name: Perfect Timing Heating & Cooling<br>Town: Thomaston<br>Phone: (860) 283-0316<br>Energize CT?: Yes]]></description>
      <styleUrl>#pt</styleUrl>
      <Point><coordinates>-73.07289,41.67426,0</coordinates></Point>
    </Placemark>
    <Placemark>
      <name>Perfect Wall LLC</name>
      <description><![CDATA[Display Name: Perfect Wall LLC<br>Town: East Haven<br>Phone: (203) 829-1556<br>Energize CT?: Yes]]></description>
      <styleUrl>#pt</styleUrl>
      <Point><coordinates>-72.85966,41.31427,0</coordinates></Point>
    </Placemark>
    <Placemark>
      <name>Performance Plumbing &amp; Heating, LLC.</name>
      <description><![CDATA[Display Name: Performance Plumbing & Heating, LLC.<br>Town: Torrington<br>Phone: (860) 496-0168<br>Services: DHW, Heat, Cool<br>Energize CT?: Yes]]></description>
      <styleUrl>#pt</styleUrl>
      <Point><coordinates>-73.13695609832,41.811833263436,0</coordinates></Point>
    </Placemark>
    <Placemark>
      <name>Personal Energy Co LLC</name>
      <description><![CDATA[Display Name: Personal Energy Co LLC<br>Town: New Britain<br>Phone: (860) 229-7327<br>Energize CT?: Yes]]></description>
      <styleUrl>#pt</styleUrl>
      <Point><coordinates>-72.766746578543,41.669652077801,0</coordinates></Point>
    </Placemark>
    <Placemark>
      <name>Peters Mechanical LLC</name>
      <description><![CDATA[Display Name: Peters Mechanical LLC<br>Town: Chester<br>Phone: (203) 772-5387<br>Energize CT?: Yes]]></description>
      <styleUrl>#pt</styleUrl>
      <Point><coordinates>-72.506082355322,41.405034721578,0</coordinates></Point>
    </Placemark>
    <Placemark>
      <name>Petro Home Services</name>
      <description><![CDATA[Display Name: Petro Home Services<br>Town: North Haven<br>Phone: (203) 541-1361<br>Energize CT?: Yes]]></description>
      <styleUrl>#pt</styleUrl>
      <Point><coordinates>-72.864886319452,41.375481627374,0</coordinates></Point>
    </Placemark>
    <Placemark>
      <name>Phoenix Mechanical Corp.</name>
      <description><![CDATA[Display Name: Phoenix Mechanical Corp.<br>Town: Elmsford<br>Phone: (914) 690-1000<br>Services: DHW, Heat, Cool<br>Energize CT?: Yes]]></description>
      <styleUrl>#pt</styleUrl>
      <Point><coordinates>-73.819925926561,41.05558161933,0</coordinates></Point>
    </Placemark>
    <Placemark>
      <name>PHS Mechanical LLC</name>
      <description><![CDATA[Display Name: PHS Mechanical LLC<br>Town: Shelton<br>Phone: (203) 395-2188<br>Energize CT?: Yes]]></description>
      <styleUrl>#pt</styleUrl>
      <Point><coordinates>-73.158191802203,41.302046105214,0</coordinates></Point>
    </Placemark>
    <Placemark>
      <name>Plumbtech LLC</name>
      <description><![CDATA[Display Name: Plumbtech LLC<br>Town: Watertown<br>Phone: (203) 565-6487<br>Services: DHW, Heat, Cool<br>Energize CT?: Yes]]></description>
      <styleUrl>#pt</styleUrl>
      <Point><coordinates>-73.138601248071,41.63438398105,0</coordinates></Point>
    </Placemark>
    <Placemark>
      <name>PM Mechanical LLC</name>
      <description><![CDATA[Display Name: PM Mechanical LLC<br>Town: Windsor Locks<br>Phone: (860) 805-1545<br>Energize CT?: Yes]]></description>
      <styleUrl>#pt</styleUrl>
      <Point><coordinates>-72.633386181989,41.940250311889,0</coordinates></Point>
    </Placemark>
    <Placemark>
      <name>Polytemp Inc.</name>
      <description><![CDATA[Display Name: Polytemp Inc.<br>Town: Port Chester<br>Phone: (914) 939-2400<br>Services: DHW, Heat, Cool<br>Energize CT?: Yes]]></description>
      <styleUrl>#pt</styleUrl>
      <Point><coordinates>-73.665624911988,41.001754029592,0</coordinates></Point>
    </Placemark>
    <Placemark>
      <name>Potential Energy, LLC</name>
      <description><![CDATA[Display Name: Potential Energy, LLC<br>Town: New Britain<br>Phone: (844) 564-7283<br>Energize CT?: Yes]]></description>
      <styleUrl>#pt</styleUrl>
      <Point><coordinates>-72.81675597204,41.666520242329,0</coordinates></Point>
    </Placemark>
    <Placemark>
      <name>Precise HVAC Home Services</name>
      <description><![CDATA[Display Name: Precise HVAC Home Services<br>Town: Bristol<br>Phone: (860) 222-9907<br>Energize CT?: Yes]]></description>
      <styleUrl>#pt</styleUrl>
      <Point><coordinates>-72.88986313712,41.677444892557,0</coordinates></Point>
    </Placemark>
    <Placemark>
      <name>Precision Air Mechanical LLC</name>
      <description><![CDATA[Display Name: Precision Air Mechanical LLC<br>Town: Prospect<br>Phone: (203) 383-9517<br>Energize CT?: Yes]]></description>
      <styleUrl>#pt</styleUrl>
      <Point><coordinates>-72.990742947943,41.488257191624,0</coordinates></Point>
    </Placemark>
    <Placemark>
      <name>Preferred Air Systems Inc</name>
      <description><![CDATA[Display Name: Pref Air<br>Town: Brookfield<br>Phone: (203) 778-6286<br>Services: DHW, Heat, Cool<br>Energize CT?: Yes]]></description>
      <styleUrl>#pt</styleUrl>
      <Point><coordinates>-73.402902565279,41.439371315578,0</coordinates></Point>
    </Placemark>
    <Placemark>
      <name>Preferred Propane</name>
      <description><![CDATA[Display Name: Preferred Propane<br>Town: Vernon<br>Phone: (860) 870-9276<br>Energize CT?: Yes]]></description>
      <styleUrl>#pt</styleUrl>
      <Point><coordinates>-72.473134956762,41.865263697909,0</coordinates></Point>
    </Placemark>
    <Placemark>
      <name>Premier Comfort Inc.</name>
      <description><![CDATA[Display Name: Premier Comfort Inc.<br>Town: Peekskill<br>Phone: (914) 736-0487<br>Energize CT?: Yes]]></description>
      <styleUrl>#pt</styleUrl>
      <Point><coordinates>-73.939973289015,41.274840694631,0</coordinates></Point>
    </Placemark>
    <Placemark>
      <name>Prestige Air Inc.</name>
      <description><![CDATA[Display Name: Prestige Air Inc.<br>Town: New Milford<br>Phone: (860) 350-1600<br>Services: DHW, Heat, Cool<br>Energize CT?: Yes]]></description>
      <styleUrl>#pt</styleUrl>
      <Point><coordinates>-73.379161837198,41.641479889013,0</coordinates></Point>
    </Placemark>
    <Placemark>
      <name>Priority Fuel, LLC</name>
      <description><![CDATA[Display Name: Priority Fuel, LLC<br>Town: East Hartford<br>Phone: (860) 527-5515<br>Energize CT?: Yes]]></description>
      <styleUrl>#pt</styleUrl>
      <Point><coordinates>-72.600563153341,41.734397276163,0</coordinates></Point>
    </Placemark>
    <Placemark>
      <name>Priority Mechanical</name>
      <description><![CDATA[Display Name: Priority Mechanical<br>Town: Bristol<br>Phone: (203) 440-5938<br>Energize CT?: Yes]]></description>
      <styleUrl>#pt</styleUrl>
      <Point><coordinates>-72.888095631464,41.667570433724,0</coordinates></Point>
    </Placemark>
    <Placemark>
      <name>Pronto Environmental</name>
      <description><![CDATA[Display Name: Pronto Environmental<br>Town: Brookfield<br>Phone: (203) 791-9612<br>Energize CT?: Yes]]></description>
      <styleUrl>#pt</styleUrl>
      <Point><coordinates>-73.412388152341,41.482393312091,0</coordinates></Point>
    </Placemark>
    <Placemark>
      <name>PSC, LLC</name>
      <description><![CDATA[Display Name: PSC, LLC<br>Town: Bristol<br>Phone: (860) 479-0543<br>Energize CT?: Yes]]></description>
      <styleUrl>#pt</styleUrl>
      <Point><coordinates>-72.897233477457,41.661973093674,0</coordinates></Point>
    </Placemark>
    <Placemark>
      <name>Quality Mechanical Corporation</name>
      <description><![CDATA[Display Name: Quality<br>Town: East Haven<br>Phone: (203) 467-6712<br>Services: Plumb, Heat, Cool<br>Energize CT?: Yes]]></description>
      <styleUrl>#pt</styleUrl>
      <Point><coordinates>-72.874629411121,41.25937299458,0</coordinates></Point>
    </Placemark>
    <Placemark>
      <name>Quality Home Systems</name>
      <description><![CDATA[Display Name: Quality Home Systems<br>Town: Berlin<br>Phone: (860) 416-6581<br>Energize CT?: Yes]]></description>
      <styleUrl>#pt</styleUrl>
      <Point><coordinates>-72.787406053273,41.587079636343,0</coordinates></Point>
    </Placemark>
    <Placemark>
      <name>Quality Insulation of Eastern CT</name>
      <description><![CDATA[Display Name: Quality Insulation of Eastern CT<br>Town: Taftville<br>Phone: (860) 886-2638<br>Energize CT?: Yes]]></description>
      <styleUrl>#pt</styleUrl>
      <Point><coordinates>-72.04583420124,41.566073720833,0</coordinates></Point>
    </Placemark>
    <Placemark>
      <name>Quiet Corners Mechanical Services LLC</name>
      <description><![CDATA[Display Name: Quiet Corners Mechanical Services LLC<br>Town: Chaplin<br>Phone: (860) 423-8560<br>Services: DHW, Heat, Cool<br>Energize CT?: Yes]]></description>
      <styleUrl>#pt</styleUrl>
      <Point><coordinates>-72.12841,41.79426,0</coordinates></Point>
    </Placemark>
    <Placemark>
      <name>Quinoco Energy LLC</name>
      <description><![CDATA[Display Name: Quinoco Energy LLC<br>Town: Bristol<br>Phone: (860) 583-4609<br>Services: DHW, Heat, Cool<br>Energize CT?: Yes]]></description>
      <styleUrl>#pt</styleUrl>
      <Point><coordinates>-72.959212921105,41.680803134854,0</coordinates></Point>
    </Placemark>
    <Placemark>
      <name>R &amp; M Sheet Metal, Inc.</name>
      <description><![CDATA[Display Name: R & M Sheet Metal, Inc.<br>Town: Meriden<br>Phone: (203) 543-3025<br>Energize CT?: Yes]]></description>
      <styleUrl>#pt</styleUrl>
      <Point><coordinates>-72.791659572706,41.53548911773,0</coordinates></Point>
    </Placemark>
    <Placemark>
      <name>R&amp;B Refrigeration Inc.</name>
      <description><![CDATA[Display Name: R&B Refrigeration Inc.<br>Town: Guilford<br>Phone: (203) 453-6831<br>Services: DHW, Heat, Cool<br>Energize CT?: Yes]]></description>
      <styleUrl>#pt</styleUrl>
      <Point><coordinates>-72.727016278133,41.309232488246,0</coordinates></Point>
    </Placemark>
    <Placemark>
      <name>R&amp;E Heating and Air Conditioning, LLC</name>
      <description><![CDATA[Display Name: R&E Heating and Air Conditioning, LLC<br>Town: Terryville<br>Phone: (860) 970-9050<br>Energize CT?: Yes]]></description>
      <styleUrl>#pt</styleUrl>
      <Point><coordinates>-73.012369929145,41.679430902952,0</coordinates></Point>
    </Placemark>
    <Placemark>
      <name>R&amp;R Heating And Cooling</name>
      <description><![CDATA[Display Name: R&R Heating And Cooling<br>Town: Bridgeport<br>Phone: (203) 371-0200<br>Energize CT?: Yes]]></description>
      <styleUrl>#pt</styleUrl>
      <Point><coordinates>-73.190445885233,41.220840769511,0</coordinates></Point>
    </Placemark>
    <Placemark>
      <name>R&amp;R Mechanical Services, LLC</name>
      <description><![CDATA[Display Name: R&R Mechanical Services, LLC<br>Town: Milford<br>Phone: (203) 650-1066<br>Energize CT?: Yes]]></description>
      <styleUrl>#pt</styleUrl>
      <Point><coordinates>-73.013197082393,41.232226610593,0</coordinates></Point>
    </Placemark>
    <Placemark>
      <name>R&amp;W Heating Energy Solutions, LLC</name>
      <description><![CDATA[Display Name: R&W Heating Energy Solutions, LLC<br>Town: Salem<br>Phone: (860) 848-9993<br>Services: DHW, Heat, Cool<br>Energize CT?: Yes]]></description>
      <styleUrl>#pt</styleUrl>
      <Point><coordinates>-72.249813404487,41.513202896471,0</coordinates></Point>
    </Placemark>
    <Placemark>
      <name>Ra Levine</name>
      <description><![CDATA[Display Name: Ra Levine<br>Town: North Haven<br>Phone: (203) 933-1619<br>Energize CT?: Yes]]></description>
      <styleUrl>#pt</styleUrl>
      <Point><coordinates>-72.843129093385,41.422576006019,0</coordinates></Point>
    </Placemark>
    <Placemark>
      <name>Ralph Mann &amp; Sons, Inc.</name>
      <description><![CDATA[Display Name: Ralph Mann & Sons, Inc.<br>Town: Ansonia<br>Phone: (203) 735-1879<br>Services: DHW, Heat, Cool<br>Energize CT?: Yes]]></description>
      <styleUrl>#pt</styleUrl>
      <Point><coordinates>-73.0761638066,41.336807620204,0</coordinates></Point>
    </Placemark>
    <Placemark>
      <name>Raps Plumbing &amp; Heating Inc.</name>
      <description><![CDATA[Display Name: RAPS<br>Town: Milford<br>Phone: (203) 876-1212<br>Services: Plumb, DHW, DHW/IE, Heat, Heat/IE, Cool, Cool/IE<br>Energize CT?: Yes]]></description>
      <styleUrl>#pt</styleUrl>
      <Point><coordinates>-73.030377125124,41.230196524939,0</coordinates></Point>
    </Placemark>
    <Placemark>
      <name>Rays Air Systems Llc</name>
      <description><![CDATA[Display Name: Rays Air Systems Llc<br>Town: West Haven<br>Phone: (203) 415-9834<br>Services: DHW, Heat, Cool<br>Energize CT?: Yes]]></description>
      <styleUrl>#pt</styleUrl>
      <Point><coordinates>-72.941989760368,41.272318689241,0</coordinates></Point>
    </Placemark>
    <Placemark>
      <name>RDR Air LLC</name>
      <description><![CDATA[Display Name: RDR Air LLC<br>Town: Stratford<br>Phone: (203) 521-1489<br>Energize CT?: Yes]]></description>
      <styleUrl>#pt</styleUrl>
      <Point><coordinates>-73.122087108314,41.169512876204,0</coordinates></Point>
    </Placemark>
    <Placemark>
      <name>Reed Mechanical Solutions LLC</name>
      <description><![CDATA[Display Name: Reed Mechanical Solutions LLC<br>Town: Southington<br>Phone: (860) 637-7641<br>Services: DHW, Heat, Cool<br>Energize CT?: Yes]]></description>
      <styleUrl>#pt</styleUrl>
      <Point><coordinates>-72.888029629458,41.620349540911,0</coordinates></Point>
    </Placemark>
    <Placemark>
      <name>Regional Water Authority</name>
      <description><![CDATA[Display Name: Regional Water Authority<br>Town: North Franklin<br>Phone: (860) 642-7847<br>Energize CT?: Yes]]></description>
      <styleUrl>#pt</styleUrl>
      <Point><coordinates>-72.151732615094,41.61956524904,0</coordinates></Point>
    </Placemark>
    <Placemark>
      <name>Reilly Mechanical, LLC</name>
      <description><![CDATA[Display Name: Reilly Mechanical, LLC<br>Town: Shelton<br>Phone: (203) 617-5808<br>Energize CT?: Yes]]></description>
      <styleUrl>#pt</styleUrl>
      <Point><coordinates>-73.137573010328,41.317047228382,0</coordinates></Point>
    </Placemark>
    <Placemark>
      <name>Relevant Energy Concepts LLC</name>
      <description><![CDATA[Display Name: Relevant Energy Concepts LLC<br>Town: Enfield <br>Phone: (413) 693-6573<br>Energize CT?: Yes]]></description>
      <styleUrl>#pt</styleUrl>
      <Point><coordinates>-72.514072923521,41.991068035823,0</coordinates></Point>
    </Placemark>
    <Placemark>
      <name>Renova</name>
      <description><![CDATA[Display Name: Renova<br>Town: Branford <br>Phone: (203) 208-9798<br>Energize CT?: Yes]]></description>
      <styleUrl>#pt</styleUrl>
      <Point><coordinates>-72.822088461351,41.279183359547,0</coordinates></Point>
    </Placemark>
    <Placemark>
      <name>Renshaw Plumbing, Heating &amp; Cooling</name>
      <description><![CDATA[Display Name: Renshaw Plumbing, Heating & Cooling<br>Town: New London<br>Phone: (860) 447-3903<br>Services: DHW, Heat, Cool<br>Energize CT?: Yes]]></description>
      <styleUrl>#pt</styleUrl>
      <Point><coordinates>-72.099510977787,41.342366975346,0</coordinates></Point>
    </Placemark>
    <Placemark>
      <name>Renz Heating And Air Conditioning LLC</name>
      <description><![CDATA[Display Name: Renz Heating And Air Conditioning LLC<br>Town: Milford<br>Phone: (203) 260-8665<br>Energize CT?: Yes]]></description>
      <styleUrl>#pt</styleUrl>
      <Point><coordinates>-73.09538806143,41.210707040896,0</coordinates></Point>
    </Placemark>
    <Placemark>
      <name>Resource Lighting And Energy, Inc</name>
      <description><![CDATA[Display Name: Resource Lighting And Energy, Inc<br>Town: Fall River<br>Phone: (860) 966-8695<br>Services: DHW, Heat, Cool<br>Energize CT?: Yes]]></description>
      <styleUrl>#pt</styleUrl>
      <Point><coordinates>-71.124796533292,41.681928236375,0</coordinates></Point>
    </Placemark>
    <Placemark>
      <name>Reutter Mechanical</name>
      <description><![CDATA[Display Name: Reutter Mechanical<br>Town: Ellington<br>Phone: (860) 707-2002<br>Services: DHW, Heat, Cool<br>Energize CT?: Yes]]></description>
      <styleUrl>#pt</styleUrl>
      <Point><coordinates>-72.479637855464,41.941244781956,0</coordinates></Point>
    </Placemark>
    <Placemark>
      <name>ReVireo</name>
      <description><![CDATA[Display Name: ReVireo<br>Town: Cranford <br>Phone: (888) 568-5459<br>Energize CT?: Yes]]></description>
      <styleUrl>#pt</styleUrl>
      <Point><coordinates>-74.302880397185,40.654691367789,0</coordinates></Point>
    </Placemark>
    <Placemark>
      <name>Right Way Mechanical</name>
      <description><![CDATA[Display Name: Right Way Mechanical<br>Town: Bristol <br>Phone: (860) 863-6195<br>Energize CT?: Yes]]></description>
      <styleUrl>#pt</styleUrl>
      <Point><coordinates>-72.940532146278,41.689694342766,0</coordinates></Point>
    </Placemark>
    <Placemark>
      <name>River Valley Oil Service</name>
      <description><![CDATA[Display Name: River Valley Oil Service<br>Town: Middletown <br>Phone: (860) 342-5670<br>Energize CT?: Yes]]></description>
      <styleUrl>#pt</styleUrl>
      <Point><coordinates>-72.650787026698,41.547409359226,0</coordinates></Point>
    </Placemark>
    <Placemark>
      <name>RLD Heating &amp; Cooling Inc</name>
      <description><![CDATA[Display Name: RLD Heating & Cooling Inc<br>Town: Killingworth<br>Phone: (860) 663-3181<br>Energize CT?: Yes]]></description>
      <styleUrl>#pt</styleUrl>
      <Point><coordinates>-72.58552,41.34827,0</coordinates></Point>
    </Placemark>
    <Placemark>
      <name>Robert Bona</name>
      <description><![CDATA[Display Name: Robert Bona<br>Town: Norwalk<br>Phone: (203) 223-1262<br>Energize CT?: Yes]]></description>
      <styleUrl>#pt</styleUrl>
      <Point><coordinates>-73.455933661103,41.108596226954,0</coordinates></Point>
    </Placemark>
    <Placemark>
      <name>Roberts Air</name>
      <description><![CDATA[Display Name: Roberts Air<br>Town: Somers<br>Phone: (860) 965-4379<br>Energize CT?: Yes]]></description>
      <styleUrl>#pt</styleUrl>
      <Point><coordinates>-72.450700939084,41.963701968717,0</coordinates></Point>
    </Placemark>
    <Placemark>
      <name>Roger Crampton Heating And Cooling LLC</name>
      <description><![CDATA[Display Name: Roger Crampton Heating And Cooling LLC<br>Town: Old Lyme<br>Phone: (860) 434-2200<br>Services: DHW, Heat, Cool<br>Energize CT?: Yes]]></description>
      <styleUrl>#pt</styleUrl>
      <Point><coordinates>-72.2957800321,41.350230673264,0</coordinates></Point>
    </Placemark>
    <Placemark>
      <name>Romano Heating and Cooling, LLC</name>
      <description><![CDATA[Display Name: Romano Heating and Cooling, LLC<br>Town: Bethel<br>Phone: (203) 994-8286<br>Energize CT?: Yes]]></description>
      <styleUrl>#pt</styleUrl>
      <Point><coordinates>-73.386869930347,41.370249366283,0</coordinates></Point>
    </Placemark>
    <Placemark>
      <name>Rooterman Hartford LLC</name>
      <description><![CDATA[Display Name: Rooterman Hartford LLC<br>Town: Newington<br>Phone: (860) 227-1928<br>Services: DHW, Heat, Cool<br>Energize CT?: Yes]]></description>
      <styleUrl>#pt</styleUrl>
      <Point><coordinates>-72.717027842947,41.721737644132,0</coordinates></Point>
    </Placemark>
    <Placemark>
      <name>Ross Mechanical Contractors, LLC</name>
      <description><![CDATA[Display Name: Ross Mechanical Contractors, LLC<br>Town: New Britain<br>Phone: (860) 836-1654<br>Energize CT?: Yes]]></description>
      <styleUrl>#pt</styleUrl>
      <Point><coordinates>-72.774848529687,41.652972880207,0</coordinates></Point>
    </Placemark>
    <Placemark>
      <name>Ross One Hour Heating &amp; Air Conditioning</name>
      <description><![CDATA[Display Name: Ross One Hour Heating & Air Conditioning<br>Town: Terryville<br>Phone: (860) 589-8979<br>Services: DHW, Heat, Cool<br>Energize CT?: Yes]]></description>
      <styleUrl>#pt</styleUrl>
      <Point><coordinates>-72.995282955835,41.678934397016,0</coordinates></Point>
    </Placemark>
    <Placemark>
      <name>Ruotolo Mechanical, Inc.</name>
      <description><![CDATA[Display Name: Ruotolo Mechanical, Inc.<br>Town: New Haven<br>Phone: (203) 772-1563<br>Energize CT?: Yes]]></description>
      <styleUrl>#pt</styleUrl>
      <Point><coordinates>-72.947267801002,41.295009063293,0</coordinates></Point>
    </Placemark>
    <Placemark>
      <name>Rush Air Mechanical</name>
      <description><![CDATA[Display Name: Rush Air Mechanical<br>Town: North Granby<br>Phone: (860) 883-9511<br>Energize CT?: Yes]]></description>
      <styleUrl>#pt</styleUrl>
      <Point><coordinates>-72.864371538949,41.986336959268,0</coordinates></Point>
    </Placemark>
    <Placemark>
      <name>RWM Mechanical Services LLC</name>
      <description><![CDATA[Display Name: RWM Mechanical Services LLC<br>Town: Stafford Springs<br>Phone: (860) 247-8857<br>Energize CT?: Yes]]></description>
      <styleUrl>#pt</styleUrl>
      <Point><coordinates>-72.272730644837,41.983422356853,0</coordinates></Point>
    </Placemark>
    <Placemark>
      <name>Ryan F. Murphy Heating &amp; Cooling LLC</name>
      <description><![CDATA[Display Name: Ryan F. Murphy Heating & Cooling LLC<br>Town: New Milford<br>Phone: (860) 799-2300<br>Services: DHW, Heat, Cool<br>Energize CT?: Yes]]></description>
      <styleUrl>#pt</styleUrl>
      <Point><coordinates>-73.410748794056,41.576324669356,0</coordinates></Point>
    </Placemark>
    <Placemark>
      <name>Ryan Oil Company, Inc.</name>
      <description><![CDATA[Display Name: Ryan Oil Company, Inc.<br>Town: Hamden <br>Phone: (203) 248-6984<br>Energize CT?: Yes]]></description>
      <styleUrl>#pt</styleUrl>
      <Point><coordinates>-72.918440061798,41.400022709383,0</coordinates></Point>
    </Placemark>
    <Placemark>
      <name>Eric Sabo Plumbing Heating &amp; Cooling, LLC</name>
      <description><![CDATA[Display Name: Sabo<br>Town: Canterbury<br>Phone: (860) 608-4610<br>Services: DHW, Heat, Cool<br>Energize CT?: Yes]]></description>
      <styleUrl>#pt</styleUrl>
      <Point><coordinates>-72.049019452481,41.698440851378,0</coordinates></Point>
    </Placemark>
    <Placemark>
      <name>Sail Energy DBA Tower Energy</name>
      <description><![CDATA[Display Name: Sail Energy DBA Tower Energy<br>Town: Plainville <br>Phone: (860) 677-7347<br>Energize CT?: Yes]]></description>
      <styleUrl>#pt</styleUrl>
      <Point><coordinates>-72.880213147837,41.649926738172,0</coordinates></Point>
    </Placemark>
    <Placemark>
      <name>Salerno Heating &amp; Air Conditioning LLC</name>
      <description><![CDATA[Display Name: Salerno Heating & Air Conditioning LLC<br>Town: East Haven<br>Phone: (203) 650-1242<br>Energize CT?: Yes]]></description>
      <styleUrl>#pt</styleUrl>
      <Point><coordinates>-72.861564948348,41.247249219925,0</coordinates></Point>
    </Placemark>
    <Placemark>
      <name>Sanroz Heating And Air Conditioning Inc</name>
      <description><![CDATA[Display Name: Sanroz Heating And Air Conditioning Inc<br>Town: Katonah <br>Phone: (914) 943-8908<br>Energize CT?: Yes]]></description>
      <styleUrl>#pt</styleUrl>
      <Point><coordinates>-73.700729238054,41.252091729153,0</coordinates></Point>
    </Placemark>
    <Placemark>
      <name>Santa Energy</name>
      <description><![CDATA[Display Name: Santa Energy<br>Town: Bridgeport<br>Phone: (855) 951-5172<br>Services: DHW, Heat, Cool<br>Energize CT?: Yes]]></description>
      <styleUrl>#pt</styleUrl>
      <Point><coordinates>-73.202201900144,41.166770934566,0</coordinates></Point>
    </Placemark>
    <Placemark>
      <name>Sarracco Mechanical Services</name>
      <description><![CDATA[Display Name: Sarracco Mechanical Services<br>Town: Waterbury <br>Phone: (800) 606-0015<br>Energize CT?: Yes]]></description>
      <styleUrl>#pt</styleUrl>
      <Point><coordinates>-72.979728353426,41.539329151356,0</coordinates></Point>
    </Placemark>
    <Placemark>
      <name>Saucier Mechanical Services</name>
      <description><![CDATA[Display Name: Saucier<br>Town: Plantsville<br>Phone: (860) 628-9999<br>Services: DHW, Heat, Cool, Duct clean<br>Energize CT?: Yes]]></description>
      <styleUrl>#pt</styleUrl>
      <Point><coordinates>-72.89338410267,41.567025170311,0</coordinates></Point>
    </Placemark>
    <Placemark>
      <name>Sav-Mor Cooling &amp; Heating, Inc.</name>
      <description><![CDATA[Display Name: Sav-Mor Cooling & Heating, Inc.<br>Town: Southington<br>Phone: (860) 621-9959<br>Services: DHW, Heat, Cool<br>Energize CT?: Yes]]></description>
      <styleUrl>#pt</styleUrl>
      <Point><coordinates>-72.888213880779,41.644475791712,0</coordinates></Point>
    </Placemark>
    <Placemark>
      <name>Sawmill Sheet Metal</name>
      <description><![CDATA[Display Name: Sawmill Sheet Metal<br>Town: Sterling<br>Phone: (860) 779-3194<br>Services: DHW, Heat, Cool<br>Energize CT?: Yes]]></description>
      <styleUrl>#pt</styleUrl>
      <Point><coordinates>-71.823970714837,41.764524497253,0</coordinates></Point>
    </Placemark>
    <Placemark>
      <name>Sawmill Sheet Metal (Ct)</name>
      <description><![CDATA[Display Name: Sawmill Sheet Metal (Ct)<br>Town: Sterling <br>Phone: (860) 779-3194<br>Energize CT?: Yes]]></description>
      <styleUrl>#pt</styleUrl>
      <Point><coordinates>-71.823970714837,41.764524497253,0</coordinates></Point>
    </Placemark>
    <Placemark>
      <name>Schede Plumbing &amp; Heating</name>
      <description><![CDATA[Display Name: Schede Plumbing & Heating<br>Town: Stamford <br>Phone: (203) 962-1143<br>Energize CT?: Yes]]></description>
      <styleUrl>#pt</styleUrl>
      <Point><coordinates>-73.510438195647,41.06872131586,0</coordinates></Point>
    </Placemark>
    <Placemark>
      <name>SEEL, LLC</name>
      <description><![CDATA[Display Name: SEEL, LLC<br>Town: Detroit <br>Phone: (313) 297-2339<br>Energize CT?: Yes]]></description>
      <styleUrl>#pt</styleUrl>
      <Point><coordinates>-83.114439703655,42.302111419604,0</coordinates></Point>
    </Placemark>
    <Placemark>
      <name>Select Mechanical Services Inc.</name>
      <description><![CDATA[Display Name: Select<br>Town: Southington<br>Phone: (860) 681-6818<br>Services: DHW, Heat, Cool<br>Energize CT?: Yes]]></description>
      <styleUrl>#pt</styleUrl>
      <Point><coordinates>-72.87788,41.59593,0</coordinates></Point>
    </Placemark>
    <Placemark>
      <name>Sensible Mechanical LLC</name>
      <description><![CDATA[Display Name: Sensible Mechanical LLC<br>Town: Stafford Springs<br>Phone: (860) 670-1882<br>Energize CT?: Yes]]></description>
      <styleUrl>#pt</styleUrl>
      <Point><coordinates>-72.303643757842,41.956151899162,0</coordinates></Point>
    </Placemark>
    <Placemark>
      <name>Servcon LLC</name>
      <description><![CDATA[Display Name: Servcon LLC<br>Town: Stamford<br>Phone: (203) 975-9106<br>Services: DHW, Heat, Cool<br>Energize CT?: Yes]]></description>
      <styleUrl>#pt</styleUrl>
      <Point><coordinates>-73.518922780231,41.078163950957,0</coordinates></Point>
    </Placemark>
    <Placemark>
      <name>Service Stars</name>
      <description><![CDATA[Display Name: Service Stars<br>Town: Danbury<br>Phone: (203) 948-2855<br>Services: DHW, Heat, Cool<br>Energize CT?: Yes]]></description>
      <styleUrl>#pt</styleUrl>
      <Point><coordinates>-73.473285641255,41.440672328234,0</coordinates></Point>
    </Placemark>
    <Placemark>
      <name>Setpoint Refrigeration LLC</name>
      <description><![CDATA[Display Name: Setpoint Refrigeration LLC<br>Phone: (860) 375-9058<br>Energize CT?: Yes]]></description>
      <styleUrl>#pt</styleUrl>
      <Point><coordinates>-72.684006258039,41.76132907689,0</coordinates></Point>
    </Placemark>
    <Placemark>
      <name>SG Heating &amp; Cooling LLC</name>
      <description><![CDATA[Display Name: SG<br>Town: Durham <br>Phone: (203) 537-3781<br>Services: DHW, Heat, Cool<br>Energize CT?: Yes]]></description>
      <styleUrl>#pt</styleUrl>
      <Point><coordinates>-72.690996710926,41.455139632894,0</coordinates></Point>
    </Placemark>
    <Placemark>
      <name>Shaffer Beacon Mechanical</name>
      <description><![CDATA[Display Name: Shaff Beacon<br>Town: Granby<br>Phone: (860) 844-0111<br>Services: Plumb, DHW, Heat, Cool, Duct clean<br>Energize CT?: Yes]]></description>
      <styleUrl>#pt</styleUrl>
      <Point><coordinates>-72.795645738733,41.969450490313,0</coordinates></Point>
    </Placemark>
    <Placemark>
      <name>Shelton Insulation and Gutters LLC.</name>
      <description><![CDATA[Display Name: Shelton Insulation and Gutters LLC.<br>Phone: (203) 868-7960<br>Energize CT?: Yes]]></description>
      <styleUrl>#pt</styleUrl>
      <Point><coordinates>-73.158032061863,41.369575311876,0</coordinates></Point>
    </Placemark>
    <Placemark>
      <name>Shippee Solar And Construction LLC</name>
      <description><![CDATA[Display Name: Shippee Solar And Construction LLC<br>Town: Putnam<br>Phone: (860) 450-2345<br>Services: DHW, Heat, Cool<br>Energize CT?: Yes]]></description>
      <styleUrl>#pt</styleUrl>
      <Point><coordinates>-71.917259843481,41.912785295378,0</coordinates></Point>
    </Placemark>
    <Placemark>
      <name>Siddall Heating And Cooling By Design LLC</name>
      <description><![CDATA[Display Name: Siddall Heating And Cooling By Design LLC<br>Phone: (860) 459-6425<br>Energize CT?: Yes]]></description>
      <styleUrl>#pt</styleUrl>
      <Point><coordinates>-73.390008283526,41.755194701335,0</coordinates></Point>
    </Placemark>
    <Placemark>
      <name>Silberman Heating And Cooling LLC</name>
      <description><![CDATA[Display Name: Silberman Heating And Cooling LLC<br>Phone: (203) 605-2236<br>Energize CT?: Yes]]></description>
      <styleUrl>#pt</styleUrl>
      <Point><coordinates>-72.818146472804,41.476157078665,0</coordinates></Point>
    </Placemark>
    <Placemark>
      <name>Silver City Furnace Company</name>
      <description><![CDATA[Display Name: Silver City Furnace Company<br>Town: Meriden<br>Phone: 203) 237-0995<br>Services: Heat<br>Energize CT?: Yes]]></description>
      <styleUrl>#pt</styleUrl>
      <Point><coordinates>-72.793280158812,41.53379836746,0</coordinates></Point>
    </Placemark>
    <Placemark>
      <name>SM Mechanical Services LLC</name>
      <description><![CDATA[Display Name: SM<br>Town: Glastonbury<br>Phone: (860) 296-5100<br>Services: DHW, Heat, Cool<br>Energize CT?: Yes]]></description>
      <styleUrl>#pt</styleUrl>
      <Point><coordinates>-72.61331,41.71618,0</coordinates></Point>
    </Placemark>
    <Placemark>
      <name>Smart Thermal Solutions</name>
      <description><![CDATA[Display Name: Smart Thermal Solutions<br>Phone: (860) 373-8040<br>Energize CT?: Yes]]></description>
      <styleUrl>#pt</styleUrl>
      <Point><coordinates>-71.86811,41.37346,0</coordinates></Point>
    </Placemark>
    <Placemark>
      <name>Smedick Heating &amp; Air Conditioning</name>
      <description><![CDATA[Display Name: Smedick Heating & Air Conditioning<br>Phone: (860) 601-2209<br>Energize CT?: Yes]]></description>
      <styleUrl>#pt</styleUrl>
      <Point><coordinates>-73.121487413384,41.818162784535,0</coordinates></Point>
    </Placemark>
    <Placemark>
      <name>SMR Heating And Cooling</name>
      <description><![CDATA[Display Name: SMR Heating And Cooling<br>Phone: (860) 729-9616<br>Energize CT?: Yes]]></description>
      <styleUrl>#pt</styleUrl>
      <Point><coordinates>-72.463832649002,41.757950027846,0</coordinates></Point>
    </Placemark>
    <Placemark>
      <name>South County Energy LLC</name>
      <description><![CDATA[Display Name: South County Energy LLC<br>Phone: (401) 265-0001<br>Energize CT?: Yes]]></description>
      <styleUrl>#pt</styleUrl>
      <Point><coordinates>-71.826524361436,41.378658790648,0</coordinates></Point>
    </Placemark>
    <Placemark>
      <name>South Shore Heating &amp; Cooling, Inc.</name>
      <description><![CDATA[Display Name: South Shore Heating & Cooling, Inc.<br>Phone: (860) 599-5370<br>Energize CT?: Yes]]></description>
      <styleUrl>#pt</styleUrl>
      <Point><coordinates>-71.838078319405,41.337032489637,0</coordinates></Point>
    </Placemark>
    <Placemark>
      <name>Southbridge Tire Company, Inc.</name>
      <description><![CDATA[Display Name: Southbridge Tire Company, Inc.<br>Phone: (508) 765-0978<br>Energize CT?: Yes]]></description>
      <styleUrl>#pt</styleUrl>
      <Point><coordinates>-72.031106165826,42.078419584032,0</coordinates></Point>
    </Placemark>
    <Placemark>
      <name>Spicer Energy Services</name>
      <description><![CDATA[Display Name: Spicer Energy Services<br>Town: Groton<br>Phone: (860) 445-2436<br>Services: DHW, Heat, Cool<br>Energize CT?: Yes]]></description>
      <styleUrl>#pt</styleUrl>
      <Point><coordinates>-72.083617179832,41.361911512782,0</coordinates></Point>
    </Placemark>
    <Placemark>
      <name>Sprague Heating and Cooling LLC</name>
      <description><![CDATA[Display Name: Sprague Heating and Cooling LLC<br>Phone: (860) 809-0001<br>Energize CT?: Yes]]></description>
      <styleUrl>#pt</styleUrl>
      <Point><coordinates>-72.087592403802,41.640939938579,0</coordinates></Point>
    </Placemark>
    <Placemark>
      <name>Spray Tech Insulation, LLC</name>
      <description><![CDATA[Display Name: Spray Tech Insulation, LLC<br>Phone: (860) 621-3000<br>Energize CT?: Yes]]></description>
      <styleUrl>#pt</styleUrl>
      <Point><coordinates>-72.732591735211,41.642473423196,0</coordinates></Point>
    </Placemark>
    <Placemark>
      <name>Spring Climate</name>
      <description><![CDATA[Display Name: Spring Climate<br>Town: Hamden<br>Phone: (203) 388-8378<br>Services: DHW, Heat, Cool<br>Energize CT?: Yes]]></description>
      <styleUrl>#pt</styleUrl>
      <Point><coordinates>-72.897586966402,41.390465431413,0</coordinates></Point>
    </Placemark>
    <Placemark>
      <name>Spruce Mountain, Inc</name>
      <description><![CDATA[Display Name: Spruce Mountain, Inc<br>Phone: (845) 800-4370<br>Energize CT?: Yes]]></description>
      <styleUrl>#pt</styleUrl>
      <Point><coordinates>-74.519014127664,41.52735125684,0</coordinates></Point>
    </Placemark>
    <Placemark>
      <name>St. Pierre Heating &amp; Cooling</name>
      <description><![CDATA[Display Name: St. Pierre Heating & Cooling<br>Phone: (203) 915-6503<br>Energize CT?: Yes]]></description>
      <styleUrl>#pt</styleUrl>
      <Point><coordinates>-72.365391159414,41.624473466612,0</coordinates></Point>
    </Placemark>
    <Placemark>
      <name>Stafford Mechanical Services Inc.</name>
      <description><![CDATA[Display Name: Stafford Mechanical Services Inc.<br>Town: Stafford Springs<br>Phone: (860) 684-9485<br>Services: DHW, Heat, Cool<br>Energize CT?: Yes]]></description>
      <styleUrl>#pt</styleUrl>
      <Point><coordinates>-72.317233274197,41.989486512344,0</coordinates></Point>
    </Placemark>
    <Placemark>
      <name>Standard Oil Of Connecticut</name>
      <description><![CDATA[Display Name: Standard Oil Of Connecticut<br>Town: Bridgeport<br>Phone: (800) 822-3835<br>Services: DHW, Heat, Cool<br>Energize CT?: Yes]]></description>
      <styleUrl>#pt</styleUrl>
      <Point><coordinates>-73.156933866864,41.186091162351,0</coordinates></Point>
    </Placemark>
    <Placemark>
      <name>State Line Oil</name>
      <description><![CDATA[Display Name: State Line Oil<br>Town: Granby<br>Phone: (860) 413-3131<br>Services: DHW, Heat, Cool<br>Energize CT?: Yes]]></description>
      <styleUrl>#pt</styleUrl>
      <Point><coordinates>-72.800700967134,41.986365989145,0</coordinates></Point>
    </Placemark>
    <Placemark>
      <name>Stephens HVAC Inc</name>
      <description><![CDATA[Display Name: Stephens HVAC Inc<br>Town: Bridgeport<br>Phone: (203) 335-0224<br>Services: DHW, Heat, Cool<br>Energize CT?: Yes]]></description>
      <styleUrl>#pt</styleUrl>
      <Point><coordinates>-73.15624099078,41.18832374217,0</coordinates></Point>
    </Placemark>
    <Placemark>
      <name>Steven Winter Associates</name>
      <description><![CDATA[Display Name: Steven Winter Associates<br>Phone: (203) 857-0200 ext. 303<br>Energize CT?: Yes]]></description>
      <styleUrl>#pt</styleUrl>
      <Point><coordinates>-73.419006791441,41.09906194343,0</coordinates></Point>
    </Placemark>
    <Placemark>
      <name>Stratford Plumbing &amp; Heating, Inc</name>
      <description><![CDATA[Display Name: Stratford Plumbing & Heating, Inc<br>Town: South Southbury<br>Phone: (203) 264-0709<br>Energize CT?: Yes]]></description>
      <styleUrl>#pt</styleUrl>
      <Point><coordinates>-73.243176168636,41.454275333094,0</coordinates></Point>
    </Placemark>
    <Placemark>
      <name>Stratus Mechanical Services</name>
      <description><![CDATA[Display Name: Stratus<br>Town: Naugatuck<br>Phone: (203) 687-2872<br>Services: DHW, Heat, Cool<br>Energize CT?: Yes]]></description>
      <styleUrl>#pt</styleUrl>
      <Point><coordinates>-73.018069458744,41.485459348687,0</coordinates></Point>
    </Placemark>
    <Placemark>
      <name>Superior Comfort Heating And A/C</name>
      <description><![CDATA[Display Name: Superior Comfort Heating And A/C<br>Town: Ansonia<br>Phone: (203) 736-6309<br>Services: DHW, Heat, Cool<br>Energize CT?: Yes]]></description>
      <styleUrl>#pt</styleUrl>
      <Point><coordinates>-73.077003144882,41.341554668396,0</coordinates></Point>
    </Placemark>
    <Placemark>
      <name>Superior Heating And Cooling</name>
      <description><![CDATA[Display Name: Superior Heating And Cooling<br>Town: Berlin<br>Phone: (860) 828-9271<br>Services: DHW, Heat, Cool<br>Energize CT?: Yes]]></description>
      <styleUrl>#pt</styleUrl>
      <Point><coordinates>-72.765596083968,41.616338050688,0</coordinates></Point>
    </Placemark>
    <Placemark>
      <name>Superior HVAC &amp; Tank Removal</name>
      <description><![CDATA[Display Name: Superior HVAC & Tank Removal<br>Town: Waterbury<br>Phone: (475) 755-7400<br>Services: DHW, Heat, Duct clean<br>Energize CT?: Yes]]></description>
      <styleUrl>#pt</styleUrl>
      <Point><coordinates>-73.039184563907,41.537440295791,0</coordinates></Point>
    </Placemark>
    <Placemark>
      <name>Sustainable Comfort</name>
      <description><![CDATA[Display Name: Sustainable Comfort<br>Phone: (413) 329-0608<br>Energize CT?: Yes]]></description>
      <styleUrl>#pt</styleUrl>
      <Point><coordinates>-71.777942975937,42.271941254714,0</coordinates></Point>
    </Placemark>
    <Placemark>
      <name>Synergy Smart Homes LLC</name>
      <description><![CDATA[Display Name: Synergy<br>Town: Middletown <br>Phone: (203) 490-5527<br>Services: DHW, Heat, Cool, PV<br>Energize CT?: Yes]]></description>
      <styleUrl>#pt</styleUrl>
      <Point><coordinates>-72.68063165722,41.594369684632,0</coordinates></Point>
    </Placemark>
    <Placemark>
      <name>T &amp; A Mechanical, LLC</name>
      <description><![CDATA[Display Name: T & A Mechanical, LLC<br>Phone: (860) 234-1760<br>Energize CT?: Yes]]></description>
      <styleUrl>#pt</styleUrl>
      <Point><coordinates>-71.906601632766,41.813145299499,0</coordinates></Point>
    </Placemark>
    <Placemark>
      <name>T Mednick Services</name>
      <description><![CDATA[Display Name: T Mednick Services<br>Phone: (203) 815-5485<br>Energize CT?: Yes]]></description>
      <styleUrl>#pt</styleUrl>
      <Point><coordinates>-73.004358177855,41.222662227464,0</coordinates></Point>
    </Placemark>
    <Placemark>
      <name>Tait Heating And Cooling LLC</name>
      <description><![CDATA[Display Name: Tait Heating And Cooling LLC<br>Phone: (203) 948-3728<br>Energize CT?: Yes]]></description>
      <styleUrl>#pt</styleUrl>
      <Point><coordinates>-73.434185283889,41.249231384858,0</coordinates></Point>
    </Placemark>
    <Placemark>
      <name>Ace Energy LLC Dba Taylor Energy</name>
      <description><![CDATA[Display Name: Taylor Energy<br>Town: Broad Brook<br>Phone: (860) 623-3308<br>Services: DHW, Heat, Cool<br>Energize CT?: Yes]]></description>
      <styleUrl>#pt</styleUrl>
      <Point><coordinates>-72.528716418833,41.9356822318,0</coordinates></Point>
    </Placemark>
    <Placemark>
      <name>Taylor Home Solutions LLC</name>
      <description><![CDATA[Display Name: Taylor Home Solutions LLC<br>Town: Ellington<br>Phone: (860) 338-3435<br>Energize CT?: Yes]]></description>
      <styleUrl>#pt</styleUrl>
      <Point><coordinates>-72.457353903609,41.897760393893,0</coordinates></Point>
    </Placemark>
    <Placemark>
      <name>Temp Air Company, Inc.</name>
      <description><![CDATA[Display Name: Temp Air Company, Inc.<br>Phone: (203) 357-1727<br>Energize CT?: Yes]]></description>
      <styleUrl>#pt</styleUrl>
      <Point><coordinates>-73.547651521523,41.037683365837,0</coordinates></Point>
    </Placemark>
    <Placemark>
      <name>Tempered Heating And Cooling</name>
      <description><![CDATA[Display Name: Tempered Heating And Cooling<br>Town: Broad Brook<br>Phone: (860) 969-9041<br>Energize CT?: Yes]]></description>
      <styleUrl>#pt</styleUrl>
      <Point><coordinates>-72.54537,41.9126,0</coordinates></Point>
    </Placemark>
    <Placemark>
      <name>The Guild LLC</name>
      <description><![CDATA[Display Name: The Guild LLC<br>Phone: (860) 510-6899<br>Energize CT?: Yes]]></description>
      <styleUrl>#pt</styleUrl>
      <Point><coordinates>-72.503277029176,41.400897356855,0</coordinates></Point>
    </Placemark>
    <Placemark>
      <name>The HDL Co LLC</name>
      <description><![CDATA[Display Name: The HDL Co LLC<br>Town: Lisbon<br>Phone: (860) 334-2970<br>Services: DHW, Heat, Cool<br>Energize CT?: Yes]]></description>
      <styleUrl>#pt</styleUrl>
      <Point><coordinates>-72.01258,41.60447,0</coordinates></Point>
    </Placemark>
    <Placemark>
      <name>The Home Energy Pros LLC</name>
      <description><![CDATA[Display Name: The Home Energy Pros LLC<br>Phone: (203) 731-0702<br>Energize CT?: Yes]]></description>
      <styleUrl>#pt</styleUrl>
      <Point><coordinates>-73.345398647292,41.382743193503,0</coordinates></Point>
    </Placemark>
    <Placemark>
      <name>The Levy Partnership</name>
      <description><![CDATA[Display Name: The Levy Partnership<br>Phone: (212) 496-0800 x 130<br>Energize CT?: Yes]]></description>
      <styleUrl>#pt</styleUrl>
      <Point><coordinates>-73.981749901859,40.766423109956,0</coordinates></Point>
    </Placemark>
    <Placemark>
      <name>The Otto Company</name>
      <description><![CDATA[Display Name: The Otto Company<br>Phone: (203) 748-9072<br>Energize CT?: Yes]]></description>
      <styleUrl>#pt</styleUrl>
      <Point><coordinates>-73.430020484645,41.401766848346,0</coordinates></Point>
    </Placemark>
    <Placemark>
      <name>The Stielau Oil Co. Inc.</name>
      <description><![CDATA[Display Name: The Stielau Oil Co. Inc.<br>Phone: (860) 347-1497<br>Energize CT?: Yes]]></description>
      <styleUrl>#pt</styleUrl>
      <Point><coordinates>-72.656363440232,41.568920674001,0</coordinates></Point>
    </Placemark>
    <Placemark>
      <name>Thermal Comfort Solutions</name>
      <description><![CDATA[Display Name: Thermal Comfort Solutions<br>Phone: (860) 488-5083<br>Energize CT?: Yes]]></description>
      <styleUrl>#pt</styleUrl>
      <Point><coordinates>-73.477283798834,41.528243694728,0</coordinates></Point>
    </Placemark>
    <Placemark>
      <name>Thermal Works LLC</name>
      <description><![CDATA[Display Name: Thermal Works LLC<br>Phone: (860) 919-2767<br>Energize CT?: Yes]]></description>
      <styleUrl>#pt</styleUrl>
      <Point><coordinates>-72.827803165055,41.610173085594,0</coordinates></Point>
    </Placemark>
    <Placemark>
      <name>Thermo-Tech LLC</name>
      <description><![CDATA[Display Name: Thermo-Tech LLC<br>Phone: (860) 238-7844<br>Energize CT?: Yes]]></description>
      <styleUrl>#pt</styleUrl>
      <Point><coordinates>-73.035878133876,41.932639313763,0</coordinates></Point>
    </Placemark>
    <Placemark>
      <name>Thomaston Comfort Control</name>
      <description><![CDATA[Display Name: Thomaston Comfort Control<br>Town: Thomaston<br>Phone: (860) 283-9939<br>Services: DHW, Heat, Cool<br>Energize CT?: Yes]]></description>
      <styleUrl>#pt</styleUrl>
      <Point><coordinates>-73.079084444153,41.665896005744,0</coordinates></Point>
    </Placemark>
    <Placemark>
      <name>Thomaston Metalworks LLC</name>
      <description><![CDATA[Display Name: Thomaston Metalworks LLC<br>Phone: (860) 601-1310<br>Energize CT?: Yes]]></description>
      <styleUrl>#pt</styleUrl>
      <Point><coordinates>-73.066881071367,41.687284939401,0</coordinates></Point>
    </Placemark>
    <Placemark>
      <name>Tier 1 Enterprise</name>
      <description><![CDATA[Display Name: Tier 1 Enterprise<br>Phone: (516) 666-1588<br>Energize CT?: Yes]]></description>
      <styleUrl>#pt</styleUrl>
      <Point><coordinates>-72.637042273545,41.774446817971,0</coordinates></Point>
    </Placemark>
    <Placemark>
      <name>Titan LED</name>
      <description><![CDATA[Display Name: Titan LED<br>Phone: (203) 400-1755<br>Energize CT?: Yes]]></description>
      <styleUrl>#pt</styleUrl>
      <Point><coordinates>-73.264655807594,41.19909066279,0</coordinates></Point>
    </Placemark>
    <Placemark>
      <name>Toigo HVAC, LLC</name>
      <description><![CDATA[Display Name: Toigo HVAC, LLC<br>Phone: (203) 868-5595<br>Energize CT?: Yes]]></description>
      <styleUrl>#pt</styleUrl>
      <Point><coordinates>-73.121266130577,41.427433572824,0</coordinates></Point>
    </Placemark>
    <Placemark>
      <name>Tomax Heating &amp; Cooling</name>
      <description><![CDATA[Display Name: Tomax Heating & Cooling<br>Phone: (203) 752-8430<br>Energize CT?: Yes]]></description>
      <styleUrl>#pt</styleUrl>
      <Point><coordinates>-72.988456628417,41.301721519954,0</coordinates></Point>
    </Placemark>
    <Placemark>
      <name>Top Notch Home Solution, LLC</name>
      <description><![CDATA[Display Name: Top Notch Home<br>Phone: (860) 706-8116 <br>Energize CT?: Yes]]></description>
      <styleUrl>#pt</styleUrl>
      <Point><coordinates>-72.701492020283,41.620435728709,0</coordinates></Point>
    </Placemark>
    <Placemark>
      <name>Top Notch Mechanical</name>
      <description><![CDATA[Display Name: Top Notch Mech<br>Phone: (860) 234-2361<br>Energize CT?: Yes]]></description>
      <styleUrl>#pt</styleUrl>
      <Point><coordinates>-72.960648383554,41.549474816479,0</coordinates></Point>
    </Placemark>
    <Placemark>
      <name>Total Comfort Inc</name>
      <description><![CDATA[Display Name: Total Comfort<br>Town: Danbury<br>Phone: (203) 791-2141<br>Services: Plumb, DHW, Heat, Cool, Duct clean<br>Energize CT?: Yes]]></description>
      <styleUrl>#pt</styleUrl>
      <Point><coordinates>-73.491426844059,41.377355198785,0</coordinates></Point>
    </Placemark>
    <Placemark>
      <name>Total Mechanical Systems LLC</name>
      <description><![CDATA[Display Name: Total Mechanical Systems LLC<br>Town: Plainville<br>Phone: (860) 314-1518<br>Services: DHW, Heat, Cool<br>Energize CT?: Yes]]></description>
      <styleUrl>#pt</styleUrl>
      <Point><coordinates>-72.870830409521,41.692857397485,0</coordinates></Point>
    </Placemark>
    <Placemark>
      <name>Total Refrigeration LLC</name>
      <description><![CDATA[Display Name: Total Refrigeration LLC<br>Phone: (860) 668-1459<br>Energize CT?: Yes]]></description>
      <styleUrl>#pt</styleUrl>
      <Point><coordinates>-72.711319124928,42.01410905893,0</coordinates></Point>
    </Placemark>
    <Placemark>
      <name>Town Oil Company, Inc.</name>
      <description><![CDATA[Display Name: Town Oil Company, Inc.<br>Town: Wethersfield<br>Phone: (860) 529-6813<br>Services: DHW, Heat, Cool<br>Energize CT?: Yes]]></description>
      <styleUrl>#pt</styleUrl>
      <Point><coordinates>-72.659940816305,41.702331230613,0</coordinates></Point>
    </Placemark>
    <Placemark>
      <name>Trade Services LLC</name>
      <description><![CDATA[Display Name: Trade Services LLC<br>Phone: (860) 778-9142<br>Energize CT?: Yes]]></description>
      <styleUrl>#pt</styleUrl>
      <Point><coordinates>-72.74877996689,41.610629865349,0</coordinates></Point>
    </Placemark>
    <Placemark>
      <name>Tradesmen Of New England, LLC</name>
      <description><![CDATA[Display Name: Tradesmen Of New England, LLC<br>Phone: (860) 243-3475<br>Energize CT?: Yes]]></description>
      <styleUrl>#pt</styleUrl>
      <Point><coordinates>-72.70932,41.83984,0</coordinates></Point>
    </Placemark>
    <Placemark>
      <name>Tradetwins, LLC</name>
      <description><![CDATA[Display Name: Tradetwins, LLC<br>Town: Watertown<br>Phone: (203) 558-6939<br>Services: DHW, Heat, Cool<br>Energize CT?: Yes]]></description>
      <styleUrl>#pt</styleUrl>
      <Point><coordinates>-73.11078115793,41.581216423564,0</coordinates></Point>
    </Placemark>
    <Placemark>
      <name>Tradewinds Heating And Cooling LLC</name>
      <description><![CDATA[Display Name: Tradewinds Heating And Cooling LLC<br>Town: Branford<br>Phone: (203) 996-9705<br>Services: DHW, Heat, Cool<br>Energize CT?: Yes]]></description>
      <styleUrl>#pt</styleUrl>
      <Point><coordinates>-72.830163118613,41.262447295671,0</coordinates></Point>
    </Placemark>
    <Placemark>
      <name>Trane</name>
      <description><![CDATA[Display Name: Trane<br>Phone: (860) 616-6547<br>Energize CT?: Yes]]></description>
      <styleUrl>#pt</styleUrl>
      <Point><coordinates>-72.671542467759,41.642056661833,0</coordinates></Point>
    </Placemark>
    <Placemark>
      <name>Tri-City Heating And Cooling, LLC</name>
      <description><![CDATA[Display Name: Tri City<br>Town: Milford<br>Phone: (203) 874-8279<br>Services: Plumb, DHW, Heat, Cool, Duct clean<br>Energize CT?: Yes]]></description>
      <styleUrl>#pt</styleUrl>
      <Point><coordinates>-73.029807448517,41.225392251789,0</coordinates></Point>
    </Placemark>
    <Placemark>
      <name>Tri Star Service Inc</name>
      <description><![CDATA[Display Name: Tri Star Service Inc<br>Phone: (203) 586-1820<br>Energize CT?: Yes]]></description>
      <styleUrl>#pt</styleUrl>
      <Point><coordinates>-73.208498084464,41.547230348158,0</coordinates></Point>
    </Placemark>
    <Placemark>
      <name>Tri Tech Mechanical LLC</name>
      <description><![CDATA[Display Name: Tri Tech Mechanical LLC<br>Phone: (203) 943-9966<br>Energize CT?: Yes]]></description>
      <styleUrl>#pt</styleUrl>
      <Point><coordinates>-73.546336780382,41.051637129312,0</coordinates></Point>
    </Placemark>
    <Placemark>
      <name>Tribeca Airconditioning Corp</name>
      <description><![CDATA[Display Name: Tribeca Airconditioning Corp<br>Phone: (914) 363-4420<br>Energize CT?: Yes]]></description>
      <styleUrl>#pt</styleUrl>
      <Point><coordinates>-73.858337026035,40.873523084589,0</coordinates></Point>
    </Placemark>
    <Placemark>
      <name>TruComfort Heating and Cooling</name>
      <description><![CDATA[Display Name: TruComfort Heating and Cooling<br>Phone: (860) 426-6621<br>Energize CT?: Yes]]></description>
      <styleUrl>#pt</styleUrl>
      <Point><coordinates>-72.851458064627,41.577084820199,0</coordinates></Point>
    </Placemark>
    <Placemark>
      <name>T&amp;S Heating And Air Conditioning LLC</name>
      <description><![CDATA[Display Name: TS<br>Town: Portland<br>Phone: (860) 342-1506<br>Services: DHW, Heat, Cool<br>Energize CT?: Yes]]></description>
      <styleUrl>#pt</styleUrl>
      <Point><coordinates>-72.605415160904,41.590714702586,0</coordinates></Point>
    </Placemark>
    <Placemark>
      <name>Tucker Mechanical</name>
      <description><![CDATA[Display Name: Tucker Mechanical<br>Phone: (203) 630-7223<br>Energize CT?: Yes]]></description>
      <styleUrl>#pt</styleUrl>
      <Point><coordinates>-72.674195214509,41.641815257194,0</coordinates></Point>
    </Placemark>
    <Placemark>
      <name>Twin Mechanical LLC</name>
      <description><![CDATA[Display Name: Twin Mechanical LLC<br>Town: Madison<br>Phone: (203) 687-1442<br>Services: DHW, Heat, Cool<br>Energize CT?: Yes]]></description>
      <styleUrl>#pt</styleUrl>
      <Point><coordinates>-72.580950601562,41.286630327578,0</coordinates></Point>
    </Placemark>
    <Placemark>
      <name>Tyler Heating, Ac, Refrigeration LLC</name>
      <description><![CDATA[Display Name: Tyler Heating, Ac, Refrigeration LLC<br>Town: Stratford<br>Phone: (203) 378-4700<br>Services: DHW, Heat, Cool<br>Energize CT?: Yes]]></description>
      <styleUrl>#pt</styleUrl>
      <Point><coordinates>-73.145971952481,41.170708913366,0</coordinates></Point>
    </Placemark>
    <Placemark>
      <name>Ugo DiGrazia Air Conditioning And Heating Inc</name>
      <description><![CDATA[Display Name: Ugo DiGrazia Air Conditioning And Heating Inc<br>Phone: (860) 402-6165<br>Energize CT?: Yes]]></description>
      <styleUrl>#pt</styleUrl>
      <Point><coordinates>-72.675293831361,41.737529168946,0</coordinates></Point>
    </Placemark>
    <Placemark>
      <name>Unified Home Solutions, LLC</name>
      <description><![CDATA[Display Name: Unified Home Solutions, LLC<br>Town: Stamford<br>Phone: (203) 533-9990<br>Energize CT?: Yes]]></description>
      <styleUrl>#pt</styleUrl>
      <Point><coordinates>-73.51958,41.10143,0</coordinates></Point>
    </Placemark>
    <Placemark>
      <name>USA Insulation of Connecticut</name>
      <description><![CDATA[Display Name: USA Insulation of Connecticut<br>Phone: (603) 931-1111<br>Energize CT?: Yes]]></description>
      <styleUrl>#pt</styleUrl>
      <Point><coordinates>-71.498755044444,42.989387606517,0</coordinates></Point>
    </Placemark>
    <Placemark>
      <name>Usa Mechanical &amp; Energy Services LLC</name>
      <description><![CDATA[Display Name: Usa Mechanical & Energy Services LLC<br>Town: East Granby<br>Phone: (860) 653-3536<br>Services: DHW, Heat, Cool<br>Energize CT?: Yes]]></description>
      <styleUrl>#pt</styleUrl>
      <Point><coordinates>-72.709521344518,41.92873194255,0</coordinates></Point>
    </Placemark>
    <Placemark>
      <name>Valentin Cari Insulation &amp; The Fast LLC</name>
      <description><![CDATA[Display Name: Valentin Cari Insulation & The Fast LLC<br>Phone: (203) 993-0440<br>Energize CT?: Yes]]></description>
      <styleUrl>#pt</styleUrl>
      <Point><coordinates>-73.167234790767,41.173564845711,0</coordinates></Point>
    </Placemark>
    <Placemark>
      <name>Valiant Energy Solutions</name>
      <description><![CDATA[Display Name: Valiant<br>Town: Waterbury<br>Phone: (866) 707-1625<br>Services: HES, HES/IE, Attic, Attic/IE, Bsmt, Bsmt/IE, Wall, Wall/IE, Windows, Windows/IE, Plumb, DHW, DHW/IE, Heat, Heat/IE, Cool, Cool/IE, Aeroseal, Duct clean, Controls, Elect, K&T<br>Energize CT?: Yes]]></description>
      <styleUrl>#pt</styleUrl>
      <Point><coordinates>-73.040791644124,41.539708842908,0</coordinates></Point>
    </Placemark>
    <Placemark>
      <name>Valley Mechanical</name>
      <description><![CDATA[Display Name: Valley Mechanical<br>Phone: (860) 658-0371<br>Energize CT?: Yes]]></description>
      <styleUrl>#pt</styleUrl>
      <Point><coordinates>-72.815037520903,41.869905182534,0</coordinates></Point>
    </Placemark>
    <Placemark>
      <name>Valley Oil, Kaufman, DDLC</name>
      <description><![CDATA[Display Name: Valley Oil, Kaufman, DDLC<br>Phone: (860) 342-3500<br>Energize CT?: Yes]]></description>
      <styleUrl>#pt</styleUrl>
      <Point><coordinates>-72.645109464429,41.57055222273,0</coordinates></Point>
    </Placemark>
    <Placemark>
      <name>Varsity Zone HVAC of Norwalk</name>
      <description><![CDATA[Display Name: Varsity Zone HVAC of Norwalk<br>Phone: (203) 697-8339<br>Energize CT?: Yes]]></description>
      <styleUrl>#pt</styleUrl>
      <Point><coordinates>-73.41223956099,41.117622870842,0</coordinates></Point>
    </Placemark>
    <Placemark>
      <name>Vaz Plumbing Heating Cooling</name>
      <description><![CDATA[Display Name: Vaz Plumbing Heating Cooling<br>Phone: (203) 948-6101<br>Energize CT?: Yes]]></description>
      <styleUrl>#pt</styleUrl>
      <Point><coordinates>-73.434054323837,41.398702821581,0</coordinates></Point>
    </Placemark>
    <Placemark>
      <name>Ventrella Mechanicals</name>
      <description><![CDATA[Display Name: Ventrella<br>Town: Trumbull<br>Phone: (203) 246-6577<br>Services: DHW, Heat, Cool<br>Energize CT?: Yes]]></description>
      <styleUrl>#pt</styleUrl>
      <Point><coordinates>-73.197136529787,41.265479634872,0</coordinates></Point>
    </Placemark>
    <Placemark>
      <name>Violette Mechanical</name>
      <description><![CDATA[Display Name: Violette Mechanical<br>Phone: (860) 870-4764<br>Energize CT?: Yes]]></description>
      <styleUrl>#pt</styleUrl>
      <Point><coordinates>-72.473134956762,41.865263697909,0</coordinates></Point>
    </Placemark>
    <Placemark>
      <name>Ward Heating &amp; Cooling, LLC</name>
      <description><![CDATA[Display Name: Ward<br>Town: Oxford<br>Phone: (203) 994-6052<br>Services: DHW, Heat, Cool<br>Energize CT?: Yes]]></description>
      <styleUrl>#pt</styleUrl>
      <Point><coordinates>-73.142980614235,41.436250798831,0</coordinates></Point>
    </Placemark>
    <Placemark>
      <name>Wesleyan University</name>
      <description><![CDATA[Display Name: Wesleyan University<br>Phone: (860) 685-3400<br>Energize CT?: Yes]]></description>
      <styleUrl>#pt</styleUrl>
      <Point><coordinates>-72.663847641462,41.551098238621,0</coordinates></Point>
    </Placemark>
    <Placemark>
      <name>West Side Oil</name>
      <description><![CDATA[Display Name: West Side Oil<br>Town: West Suffield<br>Phone: (860) 668-4322<br>Services: DHW, Heat, Cool<br>Energize CT?: Yes]]></description>
      <styleUrl>#pt</styleUrl>
      <Point><coordinates>-72.748065613182,42.019461162141,0</coordinates></Point>
    </Placemark>
    <Placemark>
      <name>West State Mechanical, Inc.</name>
      <description><![CDATA[Display Name: West State Mechanical, Inc.<br>Phone: (860) 482-5919<br>Energize CT?: Yes]]></description>
      <styleUrl>#pt</styleUrl>
      <Point><coordinates>-73.12591,41.76182,0</coordinates></Point>
    </Placemark>
    <Placemark>
      <name>White Rhino LLC</name>
      <description><![CDATA[Display Name: White Rhino LLC<br>Phone: (860) 224-0000<br>Energize CT?: Yes]]></description>
      <styleUrl>#pt</styleUrl>
      <Point><coordinates>-72.796084876306,41.662756388741,0</coordinates></Point>
    </Placemark>
    <Placemark>
      <name>Wilcox Energy</name>
      <description><![CDATA[Display Name: Wilcox Energy<br>Town: Westbrook<br>Phone: (860) 399-6218<br>Services: DHW, Heat, Cool<br>Energize CT?: Yes]]></description>
      <styleUrl>#pt</styleUrl>
      <Point><coordinates>-72.45781,41.28211,0</coordinates></Point>
    </Placemark>
    <Placemark>
      <name>William Perotti</name>
      <description><![CDATA[Display Name: William Perotti<br>Phone: (860) 824-5181<br>Energize CT?: Yes]]></description>
      <styleUrl>#pt</styleUrl>
      <Point><coordinates>-73.290783014421,42.012956289942,0</coordinates></Point>
    </Placemark>
    <Placemark>
      <name>Windham County Sheet Metal Inc</name>
      <description><![CDATA[Display Name: Windham County Sheet Metal Inc<br>Town: Quinebaug <br>Phone: (860) 935-5153<br>Energize CT?: Yes]]></description>
      <styleUrl>#pt</styleUrl>
      <Point><coordinates>-71.94814,42.02298,0</coordinates></Point>
    </Placemark>
    <Placemark>
      <name>Wittig Mechanical LLC</name>
      <description><![CDATA[Display Name: Wittig Mechanical LLC<br>Town: Somers<br>Phone: (860) 454-0334<br>Services: DHW, Heat, Cool<br>Energize CT?: Yes]]></description>
      <styleUrl>#pt</styleUrl>
      <Point><coordinates>-72.456864003936,41.986609001042,0</coordinates></Point>
    </Placemark>
    <Placemark>
      <name>Woodstock Building Associates,LLC</name>
      <description><![CDATA[Display Name: Woodstock Building Associates,LLC<br>Town: Woodstock<br>Phone: (860) 928-0897<br>Services: DHW, Heat, Cool<br>Energize CT?: Yes]]></description>
      <styleUrl>#pt</styleUrl>
      <Point><coordinates>-71.932288787479,41.9324891038,0</coordinates></Point>
    </Placemark>
    <Placemark>
      <name>WTech 22 Heating And Cooling</name>
      <description><![CDATA[Display Name: WTech 22 Heating And Cooling<br>Phone: (203) 540-9973<br>Energize CT?: Yes]]></description>
      <styleUrl>#pt</styleUrl>
      <Point><coordinates>-73.218912881281,41.228266065188,0</coordinates></Point>
    </Placemark>
    <Placemark>
      <name>Wyman Energy Services Inc.</name>
      <description><![CDATA[Display Name: Wyman Energy Services Inc.<br>Town: Manchester<br>Phone: (860) 643-2453<br>Services: DHW, Heat, Cool<br>Energize CT?: Yes]]></description>
      <styleUrl>#pt</styleUrl>
      <Point><coordinates>-72.52149,41.77593,0</coordinates></Point>
    </Placemark>
    <Placemark>
      <name>Yankee Total Energy</name>
      <description><![CDATA[Display Name: Yankee Total Energy<br>Town: Mansfield Center<br>Phone: (860) 423-9111<br>Services: DHW, Heat, Cool<br>Energize CT?: Yes]]></description>
      <styleUrl>#pt</styleUrl>
      <Point><coordinates>-72.266575325284,41.761694739217,0</coordinates></Point>
    </Placemark>
    <Placemark>
      <name>Zeis Consulating Services</name>
      <description><![CDATA[Display Name: Zeis Consulating Services<br>Phone: (631) 403-0487<br>Energize CT?: Yes]]></description>
      <styleUrl>#pt</styleUrl>
      <Point><coordinates>-73.102769549394,40.895216115388,0</coordinates></Point>
    </Placemark>
    <Placemark>
      <name>ZRL Mechanical LLC</name>
      <description><![CDATA[Display Name: ZRL Mechanical LLC<br>Phone: (203) 815-2308<br>Energize CT?: Yes]]></description>
      <styleUrl>#pt</styleUrl>
      <Point><coordinates>-73.111029086671,41.362638923899,0</coordinates></Point>
    </Placemark>
  </Document>
</kml>