{
  "type": "FeatureCollection",
  "features": [
    {
      "type": "Feature",
      "geometry": {
        "type": "Polygon",
        "coordinates": [
          [
            [
              -73.53366,
              41.0603
            ],
            [
              -73.5324,
              41.05992
            ],
            [
              -73.53127,
              41.06084
            ],
            [
              -73.53064,
              41.05954
            ],
            [
              -73.52429,
              41.05795
            ],
            [
              -73.52412,
              41.05585
            ],
            [
              -73.52239,
              41.05855
            ],
            [
              -73.52046,
              41.06502
            ],
            [
              -73.52007,
              41.06664
            ],
            [
              -73.52147,
              41.06708
            ],
            [
              -73.52057,
              41.06873
            ],
            [
              -73.52633,
              41.0697
            ],
            [
              -73.52674,
              41.06844
            ],
            [
              -73.53279,
              41.06582
            ],
            [
              -73.53366,
              41.0603
            ]
          ]
        ]
      },
      "properties": {
        "geoid": "09001021801",
        "name": "Census Tract 218.01",
        "town": "",
        "total": 1,
        "undefined": 1
      }
    },
    {
      "type": "Feature",
      "geometry": {
        "type": "Polygon",
        "coordinates": [
          [
            [
              -73.51815,
              41.08027
            ],
            [
              -73.51612,
              41.07566
            ],
            [
              -73.51463,
              41.07477
            ],
            [
              -73.51539,
              41.07434
            ],
            [
              -73.51373,
              41.07306
            ],
            [
              -73.51134,
              41.07268
            ],
            [
              -73.51,
              41.07041
            ],
            [
              -73.49195,
              41.06885
            ],
            [
              -73.48843,
              41.07004
            ],
            [
              -73.48181,
              41.07436
            ],
            [
              -73.48218,
              41.07634
            ],
            [
              -73.48321,
              41.076
            ],
            [
              -73.48276,
              41.07785
            ],
            [
              -73.48378,
              41.08116
            ],
            [
              -73.48554,
              41.08216
            ],
            [
              -73.48698,
              41.08007
            ],
            [
              -73.48806,
              41.08068
            ],
            [
              -73.48844,
              41.08247
            ],
            [
              -73.49199,
              41.08169
            ],
            [
              -73.49801,
              41.08215
            ],
            [
              -73.49681,
              41.08592
            ],
            [
              -73.49768,
              41.08782
            ],
            [
              -73.50071,
              41.0875
            ],
            [
              -73.50148,
              41.09373
            ],
            [
              -73.50812,
              41.09505
            ],
            [
              -73.51443,
              41.09528
            ],
            [
              -73.51498,
              41.09324
            ],
            [
              -73.51439,
              41.09156
            ],
            [
              -73.51566,
              41.08934
            ],
            [
              -73.51462,
              41.08873
            ],
            [
              -73.5146,
              41.08771
            ],
            [
              -73.51552,
              41.08568
            ],
            [
              -73.51672,
              41.08508
            ],
            [
              -73.51604,
              41.08359
            ],
            [
              -73.51698,
              41.08117
            ],
            [
              -73.51815,
              41.08027
            ]
          ]
        ]
      },
      "properties": {
        "geoid": "09001030500",
        "name": "Census Tract 305",
        "town": "",
        "total": 1,
        "undefined": 1
      }
    },
    {
      "type": "Feature",
      "geometry": {
        "type": "Polygon",
        "coordinates": [
          [
            [
              -73.42051,
              41.15843
            ],
            [
              -73.41967,
              41.15787
            ],
            [
              -73.41992,
              41.1562
            ],
            [
              -73.41392,
              41.15641
            ],
            [
              -73.41328,
              41.15566
            ],
            [
              -73.41014,
              41.14509
            ],
            [
              -73.40691,
              41.1389
            ],
            [
              -73.40206,
              41.13674
            ],
            [
              -73.40101,
              41.13435
            ],
            [
              -73.39562,
              41.14204
            ],
            [
              -73.39378,
              41.1479
            ],
            [
              -73.38809,
              41.15648
            ],
            [
              -73.38845,
              41.158
            ],
            [
              -73.38677,
              41.1698
            ],
            [
              -73.38707,
              41.17049
            ],
            [
              -73.39484,
              41.17177
            ],
            [
              -73.4154,
              41.16289
            ],
            [
              -73.41898,
              41.1608
            ],
            [
              -73.42051,
              41.15843
            ]
          ]
        ]
      },
      "properties": {
        "geoid": "09001042500",
        "name": "Census Tract 425",
        "town": "",
        "total": 2,
        "undefined": 2
      }
    },
    {
      "type": "Feature",
      "geometry": {
        "type": "Polygon",
        "coordinates": [
          [
            [
              -73.43937,
              41.11937
            ],
            [
              -73.43787,
              41.11775
            ],
            [
              -73.43591,
              41.11873
            ],
            [
              -73.43217,
              41.11863
            ],
            [
              -73.42899,
              41.11679
            ],
            [
              -73.42394,
              41.11773
            ],
            [
              -73.419,
              41.11615
            ],
            [
              -73.42089,
              41.1201
            ],
            [
              -73.42625,
              41.12631
            ],
            [
              -73.43084,
              41.12602
            ],
            [
              -73.43269,
              41.12691
            ],
            [
              -73.43561,
              41.12586
            ],
            [
              -73.43928,
              41.12579
            ],
            [
              -73.43717,
              41.12189
            ],
            [
              -73.43937,
              41.11937
            ]
          ]
        ]
      },
      "properties": {
        "geoid": "09001043300",
        "name": "Census Tract 433",
        "town": "",
        "total": 1,
        "undefined": 1
      }
    },
    {
      "type": "Feature",
      "geometry": {
        "type": "Polygon",
        "coordinates": [
          [
            [
              -73.4288,
              41.1327
            ],
            [
              -73.42614,
              41.12613
            ],
            [
              -73.42056,
              41.11964
            ],
            [
              -73.41698,
              41.11952
            ],
            [
              -73.41192,
              41.12211
            ],
            [
              -73.40869,
              41.12138
            ],
            [
              -73.41037,
              41.12571
            ],
            [
              -73.41128,
              41.12557
            ],
            [
              -73.41959,
              41.13029
            ],
            [
              -73.42297,
              41.12995
            ],
            [
              -73.42464,
              41.13572
            ],
            [
              -73.42752,
              41.13461
            ],
            [
              -73.4288,
              41.1327
            ]
          ]
        ]
      },
      "properties": {
        "geoid": "09001043400",
        "name": "Census Tract 434",
        "town": "",
        "total": 1,
        "undefined": 1
      }
    },
    {
      "type": "Feature",
      "geometry": {
        "type": "Polygon",
        "coordinates": [
          [
            [
              -73.41162,
              41.11076
            ],
            [
              -73.41057,
              41.10744
            ],
            [
              -73.39855,
              41.11123
            ],
            [
              -73.39729,
              41.11561
            ],
            [
              -73.395,
              41.11759
            ],
            [
              -73.39854,
              41.12415
            ],
            [
              -73.40231,
              41.12313
            ],
            [
              -73.40527,
              41.1213
            ],
            [
              -73.40869,
              41.12138
            ],
            [
              -73.40811,
              41.1174
            ],
            [
              -73.40938,
              41.11664
            ],
            [
              -73.40887,
              41.11509
            ],
            [
              -73.40952,
              41.11291
            ],
            [
              -73.41162,
              41.11076
            ]
          ]
        ]
      },
      "properties": {
        "geoid": "09001043600",
        "name": "Census Tract 436",
        "town": "",
        "total": 3,
        "undefined": 3
      }
    },
    {
      "type": "Feature",
      "geometry": {
        "type": "Polygon",
        "coordinates": [
          [
            [
              -73.43945,
              41.11661
            ],
            [
              -73.43857,
              41.11187
            ],
            [
              -73.43709,
              41.11059
            ],
            [
              -73.43405,
              41.11007
            ],
            [
              -73.43008,
              41.10393
            ],
            [
              -73.4238,
              41.10618
            ],
            [
              -73.42004,
              41.10658
            ],
            [
              -73.41877,
              41.10996
            ],
            [
              -73.41886,
              41.11544
            ],
            [
              -73.41975,
              41.11664
            ],
            [
              -73.42394,
              41.11773
            ],
            [
              -73.42899,
              41.11679
            ],
            [
              -73.43217,
              41.11863
            ],
            [
              -73.4358,
              41.11874
            ],
            [
              -73.43766,
              41.11775
            ],
            [
              -73.43848,
              41.11815
            ],
            [
              -73.43945,
              41.11661
            ]
          ]
        ]
      },
      "properties": {
        "geoid": "09001043800",
        "name": "Census Tract 438",
        "town": "",
        "total": 2,
        "undefined": 2
      }
    },
    {
      "type": "Feature",
      "geometry": {
        "type": "Polygon",
        "coordinates": [
          [
            [
              -73.45384,
              41.08774
            ],
            [
              -73.45236,
              41.08768
            ],
            [
              -73.45159,
              41.08869
            ],
            [
              -73.45022,
              41.08652
            ],
            [
              -73.44812,
              41.08596
            ],
            [
              -73.44732,
              41.08475
            ],
            [
              -73.44623,
              41.07728
            ],
            [
              -73.43641,
              41.07875
            ],
            [
              -73.43269,
              41.08034
            ],
            [
              -73.43036,
              41.08265
            ],
            [
              -73.42885,
              41.08589
            ],
            [
              -73.4301,
              41.08615
            ],
            [
              -73.42944,
              41.08757
            ],
            [
              -73.43009,
              41.08814
            ],
            [
              -73.42983,
              41.09118
            ],
            [
              -73.43137,
              41.09487
            ],
            [
              -73.43176,
              41.09823
            ],
            [
              -73.43007,
              41.09846
            ],
            [
              -73.42862,
              41.1
            ],
            [
              -73.43008,
              41.10393
            ],
            [
              -73.43992,
              41.09907
            ],
            [
              -73.44867,
              41.09164
            ],
            [
              -73.45358,
              41.08962
            ],
            [
              -73.45384,
              41.08774
            ]
          ]
        ]
      },
      "properties": {
        "geoid": "09001043900",
        "name": "Census Tract 439",
        "town": "",
        "total": 2,
        "undefined": 2
      }
    },
    {
      "type": "Feature",
      "geometry": {
        "type": "Polygon",
        "coordinates": [
          [
            [
              -73.43176,
              41.09823
            ],
            [
              -73.43137,
              41.09487
            ],
            [
              -73.42983,
              41.09118
            ],
            [
              -73.43009,
              41.08814
            ],
            [
              -73.42944,
              41.08757
            ],
            [
              -73.4301,
              41.08615
            ],
            [
              -73.42885,
              41.08589
            ],
            [
              -73.42686,
              41.09013
            ],
            [
              -73.42347,
              41.09396
            ],
            [
              -73.42321,
              41.09698
            ],
            [
              -73.41996,
              41.102
            ],
            [
              -73.41945,
              41.10655
            ],
            [
              -73.42306,
              41.10637
            ],
            [
              -73.43008,
              41.10393
            ],
            [
              -73.42862,
              41.1
            ],
            [
              -73.43007,
              41.09846
            ],
            [
              -73.43176,
              41.09823
            ]
          ]
        ]
      },
      "properties": {
        "geoid": "09001044000",
        "name": "Census Tract 440",
        "town": "",
        "total": 2,
        "undefined": 2
      }
    },
    {
      "type": "Feature",
      "geometry": {
        "type": "Polygon",
        "coordinates": [
          [
            [
              -73.41539,
              41.10311
            ],
            [
              -73.41447,
              41.09895
            ],
            [
              -73.40946,
              41.0935
            ],
            [
              -73.39918,
              41.09526
            ],
            [
              -73.40134,
              41.10147
            ],
            [
              -73.40291,
              41.10268
            ],
            [
              -73.39986,
              41.10344
            ],
            [
              -73.40117,
              41.10578
            ],
            [
              -73.39848,
              41.10988
            ],
            [
              -73.39855,
              41.11123
            ],
            [
              -73.41057,
              41.10744
            ],
            [
              -73.41048,
              41.10574
            ],
            [
              -73.41436,
              41.10431
            ],
            [
              -73.41539,
              41.10311
            ]
          ]
        ]
      },
      "properties": {
        "geoid": "09001044200",
        "name": "Census Tract 442",
        "town": "",
        "total": 1,
        "undefined": 1
      }
    },
    {
      "type": "Feature",
      "geometry": {
        "type": "Polygon",
        "coordinates": [
          [
            [
              -73.43123,
              41.05461
            ],
            [
              -73.42886,
              41.05238
            ],
            [
              -73.42646,
              41.0481
            ],
            [
              -73.42336,
              41.0461
            ],
            [
              -73.38386,
              41.0577
            ],
            [
              -73.38366,
              41.0913
            ],
            [
              -73.38626,
              41.0899
            ],
            [
              -73.38796,
              41.0879
            ],
            [
              -73.38986,
              41.0831
            ],
            [
              -73.39196,
              41.0815
            ],
            [
              -73.39516,
              41.0807
            ],
            [
              -73.39886,
              41.0816
            ],
            [
              -73.40946,
              41.0935
            ],
            [
              -73.41943,
              41.09045
            ],
            [
              -73.42402,
              41.07867
            ],
            [
              -73.4209,
              41.07723
            ],
            [
              -73.42036,
              41.0684
            ],
            [
              -73.42326,
              41.061
            ],
            [
              -73.42766,
              41.0567
            ],
            [
              -73.43123,
              41.05461
            ]
          ]
        ]
      },
      "properties": {
        "geoid": "09001044400",
        "name": "Census Tract 444",
        "town": "",
        "total": 1,
        "undefined": 1
      }
    },
    {
      "type": "Feature",
      "geometry": {
        "type": "Polygon",
        "coordinates": [
          [
            [
              -73.44851,
              41.05391
            ],
            [
              -73.44906,
              41.053
            ],
            [
              -73.43896,
              41.0523
            ],
            [
              -73.43026,
              41.0549
            ],
            [
              -73.42766,
              41.0567
            ],
            [
              -73.42326,
              41.061
            ],
            [
              -73.42036,
              41.0684
            ],
            [
              -73.4209,
              41.07723
            ],
            [
              -73.42402,
              41.07867
            ],
            [
              -73.43078,
              41.07372
            ],
            [
              -73.43173,
              41.07443
            ],
            [
              -73.43186,
              41.07732
            ],
            [
              -73.43331,
              41.07735
            ],
            [
              -73.43374,
              41.07976
            ],
            [
              -73.44623,
              41.07728
            ],
            [
              -73.44762,
              41.07191
            ],
            [
              -73.44482,
              41.07002
            ],
            [
              -73.44405,
              41.06835
            ],
            [
              -73.44551,
              41.06539
            ],
            [
              -73.44656,
              41.0577
            ],
            [
              -73.44851,
              41.05391
            ]
          ]
        ]
      },
      "properties": {
        "geoid": "09001044600",
        "name": "Census Tract 446",
        "town": "",
        "total": 2,
        "undefined": 2
      }
    },
    {
      "type": "Feature",
      "geometry": {
        "type": "Polygon",
        "coordinates": [
          [
            [
              -73.48604,
              41.24229
            ],
            [
              -73.48417,
              41.23774
            ],
            [
              -73.48203,
              41.23843
            ],
            [
              -73.4802,
              41.23799
            ],
            [
              -73.47748,
              41.23917
            ],
            [
              -73.47773,
              41.23765
            ],
            [
              -73.47681,
              41.23733
            ],
            [
              -73.47449,
              41.23886
            ],
            [
              -73.47331,
              41.23485
            ],
            [
              -73.46767,
              41.23532
            ],
            [
              -73.4667,
              41.23264
            ],
            [
              -73.4631,
              41.23202
            ],
            [
              -73.46127,
              41.23004
            ],
            [
              -73.45975,
              41.23
            ],
            [
              -73.45973,
              41.22934
            ],
            [
              -73.45008,
              41.23006
            ],
            [
              -73.44673,
              41.23149
            ],
            [
              -73.44104,
              41.23114
            ],
            [
              -73.43739,
              41.23179
            ],
            [
              -73.43645,
              41.22917
            ],
            [
              -73.43732,
              41.22661
            ],
            [
              -73.437,
              41.22515
            ],
            [
              -73.43562,
              41.22404
            ],
            [
              -73.43687,
              41.2214
            ],
            [
              -73.42822,
              41.21805
            ],
            [
              -73.42742,
              41.22075
            ],
            [
              -73.42508,
              41.22074
            ],
            [
              -73.4289,
              41.21058
            ],
            [
              -73.43056,
              41.20259
            ],
            [
              -73.43096,
              41.1972
            ],
            [
              -73.4294,
              41.19276
            ],
            [
              -73.42493,
              41.18793
            ],
            [
              -73.41485,
              41.18089
            ],
            [
              -73.41227,
              41.18028
            ],
            [
              -73.4104,
              41.18134
            ],
            [
              -73.40968,
              41.18263
            ],
            [
              -73.41019,
              41.18531
            ],
            [
              -73.40687,
              41.18775
            ],
            [
              -73.39755,
              41.18868
            ],
            [
              -73.39768,
              41.19294
            ],
            [
              -73.39865,
              41.19543
            ],
            [
              -73.39327,
              41.19885
            ],
            [
              -73.38916,
              41.19925
            ],
            [
              -73.43819,
              41.26519
            ],
            [
              -73.46099,
              41.25562
            ],
            [
              -73.46364,
              41.25419
            ],
            [
              -73.46393,
              41.25282
            ],
            [
              -73.46923,
              41.25196
            ],
            [
              -73.48494,
              41.24508
            ],
            [
              -73.48604,
              41.24229
            ]
          ]
        ]
      },
      "properties": {
        "geoid": "09001045102",
        "name": "Census Tract 451.02",
        "town": "",
        "total": 1,
        "undefined": 1
      }
    },
    {
      "type": "Feature",
      "geometry": {
        "type": "Polygon",
        "coordinates": [
          [
            [
              -73.38877,
              41.14996
            ],
            [
              -73.38668,
              41.14601
            ],
            [
              -73.38272,
              41.14234
            ],
            [
              -73.3829,
              41.13904
            ],
            [
              -73.38113,
              41.1286
            ],
            [
              -73.3769,
              41.13046
            ],
            [
              -73.37125,
              41.13612
            ],
            [
              -73.36779,
              41.1371
            ],
            [
              -73.36456,
              41.1406
            ],
            [
              -73.36323,
              41.14093
            ],
            [
              -73.36468,
              41.14425
            ],
            [
              -73.36426,
              41.14651
            ],
            [
              -73.36635,
              41.14886
            ],
            [
              -73.36539,
              41.15093
            ],
            [
              -73.36774,
              41.15384
            ],
            [
              -73.3664,
              41.15994
            ],
            [
              -73.36773,
              41.16225
            ],
            [
              -73.36631,
              41.16529
            ],
            [
              -73.36724,
              41.16899
            ],
            [
              -73.36327,
              41.17228
            ],
            [
              -73.36395,
              41.17356
            ],
            [
              -73.36173,
              41.17575
            ],
            [
              -73.36159,
              41.17846
            ],
            [
              -73.36475,
              41.17903
            ],
            [
              -73.3716,
              41.17469
            ],
            [
              -73.37957,
              41.18578
            ],
            [
              -73.38707,
              41.17049
            ],
            [
              -73.38681,
              41.1664
            ],
            [
              -73.38845,
              41.158
            ],
            [
              -73.38877,
              41.14996
            ]
          ]
        ]
      },
      "properties": {
        "geoid": "09001050100",
        "name": "Census Tract 501",
        "town": "",
        "total": 6,
        "undefined": 6
      }
    },
    {
      "type": "Feature",
      "geometry": {
        "type": "Polygon",
        "coordinates": [
          [
            [
              -73.36772,
              41.15395
            ],
            [
              -73.36539,
              41.15093
            ],
            [
              -73.36635,
              41.14886
            ],
            [
              -73.36426,
              41.14651
            ],
            [
              -73.36468,
              41.14425
            ],
            [
              -73.36323,
              41.14093
            ],
            [
              -73.3581,
              41.14147
            ],
            [
              -73.34826,
              41.13988
            ],
            [
              -73.34161,
              41.13762
            ],
            [
              -73.3382,
              41.14221
            ],
            [
              -73.34961,
              41.15912
            ],
            [
              -73.35388,
              41.15826
            ],
            [
              -73.36101,
              41.1681
            ],
            [
              -73.36178,
              41.16979
            ],
            [
              -73.3607,
              41.17268
            ],
            [
              -73.36192,
              41.17553
            ],
            [
              -73.36395,
              41.17356
            ],
            [
              -73.36327,
              41.17228
            ],
            [
              -73.36724,
              41.16899
            ],
            [
              -73.36631,
              41.16529
            ],
            [
              -73.36773,
              41.16225
            ],
            [
              -73.3664,
              41.15994
            ],
            [
              -73.36772,
              41.15395
            ]
          ]
        ]
      },
      "properties": {
        "geoid": "09001050200",
        "name": "Census Tract 502",
        "town": "",
        "total": 1,
        "undefined": 1
      }
    },
    {
      "type": "Feature",
      "geometry": {
        "type": "Polygon",
        "coordinates": [
          [
            [
              -73.34223,
              41.16846
            ],
            [
              -73.32459,
              41.14477
            ],
            [
              -73.32791,
              41.1431
            ],
            [
              -73.3258,
              41.13892
            ],
            [
              -73.29787,
              41.13829
            ],
            [
              -73.299,
              41.14074
            ],
            [
              -73.29801,
              41.14301
            ],
            [
              -73.29881,
              41.14481
            ],
            [
              -73.30339,
              41.14585
            ],
            [
              -73.30425,
              41.14898
            ],
            [
              -73.30598,
              41.14948
            ],
            [
              -73.3051,
              41.15008
            ],
            [
              -73.30478,
              41.15241
            ],
            [
              -73.3074,
              41.15233
            ],
            [
              -73.3233,
              41.17372
            ],
            [
              -73.34223,
              41.16846
            ]
          ]
        ]
      },
      "properties": {
        "geoid": "09001050301",
        "name": "Census Tract 503.01",
        "town": "",
        "total": 1,
        "undefined": 1
      }
    },
    {
      "type": "Feature",
      "geometry": {
        "type": "Polygon",
        "coordinates": [
          [
            [
              -73.36376,
              41.1794
            ],
            [
              -73.3614,
              41.17819
            ],
            [
              -73.36192,
              41.17553
            ],
            [
              -73.3607,
              41.17268
            ],
            [
              -73.36178,
              41.16979
            ],
            [
              -73.36132,
              41.16854
            ],
            [
              -73.35388,
              41.15826
            ],
            [
              -73.34961,
              41.15912
            ],
            [
              -73.33818,
              41.14276
            ],
            [
              -73.34161,
              41.13762
            ],
            [
              -73.3258,
              41.13892
            ],
            [
              -73.32791,
              41.1431
            ],
            [
              -73.32459,
              41.14477
            ],
            [
              -73.34223,
              41.16846
            ],
            [
              -73.3233,
              41.17372
            ],
            [
              -73.33846,
              41.19454
            ],
            [
              -73.36376,
              41.1794
            ]
          ]
        ]
      },
      "properties": {
        "geoid": "09001050302",
        "name": "Census Tract 503.02",
        "town": "",
        "total": 1,
        "undefined": 1
      }
    },
    {
      "type": "Feature",
      "geometry": {
        "type": "Polygon",
        "coordinates": [
          [
            [
              -73.38444,
              41.10289
            ],
            [
              -73.38288,
              41.09972
            ],
            [
              -73.38366,
              41.0913
            ],
            [
              -73.38386,
              41.0577
            ],
            [
              -73.38018,
              41.05899
            ],
            [
              -73.37166,
              41.06405
            ],
            [
              -73.36554,
              41.06903
            ],
            [
              -73.3641,
              41.07358
            ],
            [
              -73.34616,
              41.084
            ],
            [
              -73.34536,
              41.0852
            ],
            [
              -73.34556,
              41.0895
            ],
            [
              -73.34726,
              41.0921
            ],
            [
              -73.35836,
              41.0956
            ],
            [
              -73.36356,
              41.1
            ],
            [
              -73.37026,
              41.1042
            ],
            [
              -73.37262,
              41.10929
            ],
            [
              -73.36851,
              41.1187
            ],
            [
              -73.36966,
              41.12381
            ],
            [
              -73.36799,
              41.13049
            ],
            [
              -73.36632,
              41.13275
            ],
            [
              -73.36262,
              41.13432
            ],
            [
              -73.36238,
              41.13874
            ],
            [
              -73.36323,
              41.14093
            ],
            [
              -73.36456,
              41.1406
            ],
            [
              -73.36779,
              41.1371
            ],
            [
              -73.37125,
              41.13612
            ],
            [
              -73.3769,
              41.13046
            ],
            [
              -73.38113,
              41.1286
            ],
            [
              -73.38017,
              41.12114
            ],
            [
              -73.38203,
              41.11673
            ],
            [
              -73.38431,
              41.10731
            ],
            [
              -73.38341,
              41.10492
            ],
            [
              -73.38444,
              41.10289
            ]
          ]
        ]
      },
      "properties": {
        "geoid": "09001050400",
        "name": "Census Tract 504",
        "town": "",
        "total": 1,
        "undefined": 1
      }
    },
    {
      "type": "Feature",
      "geometry": {
        "type": "Polygon",
        "coordinates": [
          [
            [
              -73.37262,
              41.10929
            ],
            [
              -73.37026,
              41.1042
            ],
            [
              -73.36356,
              41.1
            ],
            [
              -73.35836,
              41.0956
            ],
            [
              -73.35076,
              41.0936
            ],
            [
              -73.34728,
              41.10056
            ],
            [
              -73.34749,
              41.10825
            ],
            [
              -73.34594,
              41.10935
            ],
            [
              -73.34664,
              41.11214
            ],
            [
              -73.34608,
              41.11415
            ],
            [
              -73.3465,
              41.11666
            ],
            [
              -73.34556,
              41.11905
            ],
            [
              -73.34611,
              41.12274
            ],
            [
              -73.3453,
              41.12687
            ],
            [
              -73.34595,
              41.12921
            ],
            [
              -73.34161,
              41.13762
            ],
            [
              -73.34826,
              41.13988
            ],
            [
              -73.3581,
              41.14147
            ],
            [
              -73.36323,
              41.14093
            ],
            [
              -73.36238,
              41.13874
            ],
            [
              -73.36262,
              41.13432
            ],
            [
              -73.36632,
              41.13275
            ],
            [
              -73.36799,
              41.13049
            ],
            [
              -73.36966,
              41.12381
            ],
            [
              -73.36851,
              41.1187
            ],
            [
              -73.37262,
              41.10929
            ]
          ]
        ]
      },
      "properties": {
        "geoid": "09001050500",
        "name": "Census Tract 505",
        "town": "",
        "total": 4,
        "undefined": 4
      }
    },
    {
      "type": "Feature",
      "geometry": {
        "type": "Polygon",
        "coordinates": [
          [
            [
              -73.34749,
              41.10825
            ],
            [
              -73.34728,
              41.10056
            ],
            [
              -73.34504,
              41.1039
            ],
            [
              -73.34131,
              41.10737
            ],
            [
              -73.33786,
              41.10737
            ],
            [
              -73.33082,
              41.10531
            ],
            [
              -73.31812,
              41.11307
            ],
            [
              -73.31391,
              41.11314
            ],
            [
              -73.31065,
              41.11162
            ],
            [
              -73.30778,
              41.11177
            ],
            [
              -73.30471,
              41.11314
            ],
            [
              -73.29992,
              41.11668
            ],
            [
              -73.2974,
              41.1174
            ],
            [
              -73.29771,
              41.12382
            ],
            [
              -73.29902,
              41.12517
            ],
            [
              -73.29711,
              41.12638
            ],
            [
              -73.29757,
              41.12755
            ],
            [
              -73.29653,
              41.1297
            ],
            [
              -73.29738,
              41.13161
            ],
            [
              -73.29613,
              41.13368
            ],
            [
              -73.29722,
              41.13559
            ],
            [
              -73.29668,
              41.13671
            ],
            [
              -73.29787,
              41.13829
            ],
            [
              -73.32014,
              41.13885
            ],
            [
              -73.32799,
              41.13896
            ],
            [
              -73.34161,
              41.13762
            ],
            [
              -73.34595,
              41.12921
            ],
            [
              -73.3453,
              41.12687
            ],
            [
              -73.34611,
              41.12274
            ],
            [
              -73.34556,
              41.11905
            ],
            [
              -73.3465,
              41.11666
            ],
            [
              -73.34608,
              41.11415
            ],
            [
              -73.34664,
              41.11214
            ],
            [
              -73.34592,
              41.10958
            ],
            [
              -73.34641,
              41.10849
            ],
            [
              -73.34749,
              41.10825
            ]
          ]
        ]
      },
      "properties": {
        "geoid": "09001050600",
        "name": "Census Tract 506",
        "town": "",
        "total": 1,
        "undefined": 1
      }
    },
    {
      "type": "Feature",
      "geometry": {
        "type": "Polygon",
        "coordinates": [
          [
            [
              -73.4301,
              41.25433
            ],
            [
              -73.38916,
              41.19925
            ],
            [
              -73.38641,
              41.19998
            ],
            [
              -73.38429,
              41.19927
            ],
            [
              -73.36951,
              41.20554
            ],
            [
              -73.3721,
              41.20946
            ],
            [
              -73.36067,
              41.21695
            ],
            [
              -73.35826,
              41.21743
            ],
            [
              -73.35609,
              41.22076
            ],
            [
              -73.3542,
              41.22782
            ],
            [
              -73.35167,
              41.22975
            ],
            [
              -73.35014,
              41.23064
            ],
            [
              -73.34956,
              41.23008
            ],
            [
              -73.34716,
              41.22688
            ],
            [
              -73.34653,
              41.22404
            ],
            [
              -73.3427,
              41.22688
            ],
            [
              -73.3404,
              41.22711
            ],
            [
              -73.33628,
              41.2301
            ],
            [
              -73.33576,
              41.22982
            ],
            [
              -73.33299,
              41.23297
            ],
            [
              -73.33136,
              41.23347
            ],
            [
              -73.34143,
              41.24563
            ],
            [
              -73.36881,
              41.27497
            ],
            [
              -73.4301,
              41.25433
            ]
          ]
        ]
      },
      "properties": {
        "geoid": "09001055100",
        "name": "Census Tract 551",
        "town": "",
        "total": 1,
        "undefined": 1
      }
    },
    {
      "type": "Feature",
      "geometry": {
        "type": "Polygon",
        "coordinates": [
          [
            [
              -73.25565,
              41.22219
            ],
            [
              -73.2456,
              41.21084
            ],
            [
              -73.24374,
              41.20568
            ],
            [
              -73.23661,
              41.19772
            ],
            [
              -73.22564,
              41.20532
            ],
            [
              -73.24856,
              41.23198
            ],
            [
              -73.25137,
              41.23046
            ],
            [
              -73.25225,
              41.22704
            ],
            [
              -73.25565,
              41.22219
            ]
          ]
        ]
      },
      "properties": {
        "geoid": "09001060100",
        "name": "Census Tract 601",
        "town": "",
        "total": 2,
        "undefined": 2
      }
    },
    {
      "type": "Feature",
      "geometry": {
        "type": "Polygon",
        "coordinates": [
          [
            [
              -73.30176,
              41.21279
            ],
            [
              -73.26847,
              41.1738
            ],
            [
              -73.26705,
              41.17622
            ],
            [
              -73.26195,
              41.17992
            ],
            [
              -73.25822,
              41.18734
            ],
            [
              -73.25971,
              41.18619
            ],
            [
              -73.26013,
              41.18665
            ],
            [
              -73.26004,
              41.19234
            ],
            [
              -73.2591,
              41.19369
            ],
            [
              -73.25788,
              41.19356
            ],
            [
              -73.25695,
              41.19463
            ],
            [
              -73.25619,
              41.19736
            ],
            [
              -73.25687,
              41.19798
            ],
            [
              -73.25438,
              41.20291
            ],
            [
              -73.25706,
              41.20791
            ],
            [
              -73.25626,
              41.21089
            ],
            [
              -73.2571,
              41.21267
            ],
            [
              -73.26019,
              41.21543
            ],
            [
              -73.2621,
              41.21288
            ],
            [
              -73.2633,
              41.21254
            ],
            [
              -73.27926,
              41.23155
            ],
            [
              -73.28235,
              41.2291
            ],
            [
              -73.2843,
              41.2253
            ],
            [
              -73.28826,
              41.22385
            ],
            [
              -73.29077,
              41.22009
            ],
            [
              -73.29484,
              41.21802
            ],
            [
              -73.30176,
              41.21279
            ]
          ]
        ]
      },
      "properties": {
        "geoid": "09001060300",
        "name": "Census Tract 603",
        "town": "",
        "total": 1,
        "undefined": 1
      }
    },
    {
      "type": "Feature",
      "geometry": {
        "type": "Polygon",
        "coordinates": [
          [
            [
              -73.3384,
              41.19456
            ],
            [
              -73.3074,
              41.15233
            ],
            [
              -73.30365,
              41.15404
            ],
            [
              -73.29486,
              41.1605
            ],
            [
              -73.28881,
              41.1624
            ],
            [
              -73.28618,
              41.16191
            ],
            [
              -73.2827,
              41.16352
            ],
            [
              -73.27943,
              41.16674
            ],
            [
              -73.27699,
              41.1715
            ],
            [
              -73.26912,
              41.1748
            ],
            [
              -73.30186,
              41.21273
            ],
            [
              -73.32901,
              41.21343
            ],
            [
              -73.33035,
              41.21103
            ],
            [
              -73.32891,
              41.21
            ],
            [
              -73.33074,
              41.20832
            ],
            [
              -73.33249,
              41.20501
            ],
            [
              -73.33348,
              41.19884
            ],
            [
              -73.33718,
              41.19737
            ],
            [
              -73.3384,
              41.19456
            ]
          ]
        ]
      },
      "properties": {
        "geoid": "09001060400",
        "name": "Census Tract 604",
        "town": "",
        "total": 1,
        "undefined": 1
      }
    },
    {
      "type": "Feature",
      "geometry": {
        "type": "Polygon",
        "coordinates": [
          [
            [
              -73.27528,
              41.1411
            ],
            [
              -73.26001,
              41.14223
            ],
            [
              -73.25489,
              41.14421
            ],
            [
              -73.25021,
              41.14765
            ],
            [
              -73.25206,
              41.15741
            ],
            [
              -73.25862,
              41.17016
            ],
            [
              -73.25854,
              41.17525
            ],
            [
              -73.26008,
              41.17514
            ],
            [
              -73.26306,
              41.17324
            ],
            [
              -73.26593,
              41.17344
            ],
            [
              -73.26706,
              41.17195
            ],
            [
              -73.26847,
              41.1738
            ],
            [
              -73.27202,
              41.17271
            ],
            [
              -73.27241,
              41.17081
            ],
            [
              -73.26869,
              41.16795
            ],
            [
              -73.27052,
              41.16462
            ],
            [
              -73.2725,
              41.16317
            ],
            [
              -73.2713,
              41.16122
            ],
            [
              -73.27463,
              41.15892
            ],
            [
              -73.27422,
              41.15713
            ],
            [
              -73.27132,
              41.15647
            ],
            [
              -73.27066,
              41.15545
            ],
            [
              -73.27255,
              41.15312
            ],
            [
              -73.27306,
              41.14958
            ],
            [
              -73.27171,
              41.14655
            ],
            [
              -73.27528,
              41.1411
            ]
          ]
        ]
      },
      "properties": {
        "geoid": "09001060700",
        "name": "Census Tract 607",
        "town": "",
        "total": 1,
        "undefined": 1
      }
    },
    {
      "type": "Feature",
      "geometry": {
        "type": "Polygon",
        "coordinates": [
          [
            [
              -73.23611,
              41.1788
            ],
            [
              -73.23284,
              41.17796
            ],
            [
              -73.22766,
              41.17812
            ],
            [
              -73.22337,
              41.17632
            ],
            [
              -73.21928,
              41.17904
            ],
            [
              -73.21963,
              41.18161
            ],
            [
              -73.21777,
              41.1828
            ],
            [
              -73.21801,
              41.18328
            ],
            [
              -73.222,
              41.18058
            ],
            [
              -73.22379,
              41.18224
            ],
            [
              -73.22609,
              41.18114
            ],
            [
              -73.23189,
              41.18631
            ],
            [
              -73.23511,
              41.18333
            ],
            [
              -73.23611,
              41.1788
            ]
          ]
        ]
      },
      "properties": {
        "geoid": "09001061200",
        "name": "Census Tract 612",
        "town": "",
        "total": 1,
        "undefined": 1
      }
    },
    {
      "type": "Feature",
      "geometry": {
        "type": "Polygon",
        "coordinates": [
          [
            [
              -73.22164,
              41.14246
            ],
            [
              -73.22106,
              41.1399
            ],
            [
              -73.17985,
              41.1526
            ],
            [
              -73.17699,
              41.16219
            ],
            [
              -73.18194,
              41.16562
            ],
            [
              -73.18294,
              41.16793
            ],
            [
              -73.18576,
              41.16702
            ],
            [
              -73.18557,
              41.16639
            ],
            [
              -73.18833,
              41.16596
            ],
            [
              -73.18788,
              41.16459
            ],
            [
              -73.19049,
              41.16422
            ],
            [
              -73.19244,
              41.16677
            ],
            [
              -73.19506,
              41.16524
            ],
            [
              -73.19577,
              41.1661
            ],
            [
              -73.19763,
              41.16522
            ],
            [
              -73.19945,
              41.16713
            ],
            [
              -73.21666,
              41.1539
            ],
            [
              -73.21916,
              41.1509
            ],
            [
              -73.22164,
              41.14246
            ]
          ]
        ]
      },
      "properties": {
        "geoid": "09001070400",
        "name": "Census Tract 704",
        "town": "",
        "total": 1,
        "undefined": 1
      }
    },
    {
      "type": "Feature",
      "geometry": {
        "type": "Polygon",
        "coordinates": [
          [
            [
              -73.20883,
              41.17052
            ],
            [
              -73.20845,
              41.16819
            ],
            [
              -73.19439,
              41.16939
            ],
            [
              -73.1979,
              41.17394
            ],
            [
              -73.20883,
              41.17052
            ]
          ]
        ]
      },
      "properties": {
        "geoid": "09001070900",
        "name": "Census Tract 709",
        "town": "",
        "total": 2,
        "undefined": 2
      }
    },
    {
      "type": "Feature",
      "geometry": {
        "type": "Polygon",
        "coordinates": [
          [
            [
              -73.1984,
              41.18135
            ],
            [
              -73.19499,
              41.18029
            ],
            [
              -73.19339,
              41.18597
            ],
            [
              -73.19634,
              41.18626
            ],
            [
              -73.1984,
              41.18135
            ]
          ]
        ]
      },
      "properties": {
        "geoid": "09001071600",
        "name": "Census Tract 716",
        "town": "",
        "total": 1,
        "undefined": 1
      }
    },
    {
      "type": "Feature",
      "geometry": {
        "type": "Polygon",
        "coordinates": [
          [
            [
              -73.22313,
              41.20244
            ],
            [
              -73.21352,
              41.19117
            ],
            [
              -73.20637,
              41.19469
            ],
            [
              -73.20779,
              41.19729
            ],
            [
              -73.2189,
              41.20406
            ],
            [
              -73.22313,
              41.20244
            ]
          ]
        ]
      },
      "properties": {
        "geoid": "09001072200",
        "name": "Census Tract 722",
        "town": "",
        "total": 1,
        "undefined": 1
      }
    },
    {
      "type": "Feature",
      "geometry": {
        "type": "Polygon",
        "coordinates": [
          [
            [
              -73.2189,
              41.20406
            ],
            [
              -73.20749,
              41.1966
            ],
            [
              -73.2016,
              41.19858
            ],
            [
              -73.20769,
              41.20835
            ],
            [
              -73.2189,
              41.20406
            ]
          ]
        ]
      },
      "properties": {
        "geoid": "09001072300",
        "name": "Census Tract 723",
        "town": "",
        "total": 2,
        "undefined": 2
      }
    },
    {
      "type": "Feature",
      "geometry": {
        "type": "Polygon",
        "coordinates": [
          [
            [
              -73.21116,
              41.21314
            ],
            [
              -73.20514,
              41.20437
            ],
            [
              -73.1962,
              41.20777
            ],
            [
              -73.20098,
              41.21373
            ],
            [
              -73.20882,
              41.21213
            ],
            [
              -73.21116,
              41.21314
            ]
          ]
        ]
      },
      "properties": {
        "geoid": "09001072400",
        "name": "Census Tract 724",
        "town": "",
        "total": 1,
        "undefined": 1
      }
    },
    {
      "type": "Feature",
      "geometry": {
        "type": "Polygon",
        "coordinates": [
          [
            [
              -73.2275,
              41.20751
            ],
            [
              -73.22313,
              41.20244
            ],
            [
              -73.20769,
              41.20835
            ],
            [
              -73.21325,
              41.21609
            ],
            [
              -73.21895,
              41.21553
            ],
            [
              -73.22044,
              41.21386
            ],
            [
              -73.22414,
              41.21241
            ],
            [
              -73.2275,
              41.20751
            ]
          ]
        ]
      },
      "properties": {
        "geoid": "09001072500",
        "name": "Census Tract 725",
        "town": "",
        "total": 1,
        "undefined": 1
      }
    },
    {
      "type": "Feature",
      "geometry": {
        "type": "Polygon",
        "coordinates": [
          [
            [
              -73.21912,
              41.2278
            ],
            [
              -73.21775,
              41.22124
            ],
            [
              -73.21118,
              41.21314
            ],
            [
              -73.20882,
              41.21213
            ],
            [
              -73.20098,
              41.21373
            ],
            [
              -73.20254,
              41.21611
            ],
            [
              -73.20284,
              41.21964
            ],
            [
              -73.20093,
              41.22191
            ],
            [
              -73.20149,
              41.22962
            ],
            [
              -73.20691,
              41.22779
            ],
            [
              -73.21244,
              41.22847
            ],
            [
              -73.21912,
              41.2278
            ]
          ]
        ]
      },
      "properties": {
        "geoid": "09001072700",
        "name": "Census Tract 727",
        "town": "",
        "total": 2,
        "undefined": 2
      }
    },
    {
      "type": "Feature",
      "geometry": {
        "type": "Polygon",
        "coordinates": [
          [
            [
              -73.20284,
              41.21998
            ],
            [
              -73.20254,
              41.21611
            ],
            [
              -73.19861,
              41.21031
            ],
            [
              -73.1962,
              41.20777
            ],
            [
              -73.19294,
              41.20738
            ],
            [
              -73.19155,
              41.21147
            ],
            [
              -73.19266,
              41.21979
            ],
            [
              -73.19524,
              41.22725
            ],
            [
              -73.20107,
              41.2283
            ],
            [
              -73.20093,
              41.22191
            ],
            [
              -73.20284,
              41.21998
            ]
          ]
        ]
      },
      "properties": {
        "geoid": "09001072800",
        "name": "Census Tract 728",
        "town": "",
        "total": 2,
        "undefined": 2
      }
    },
    {
      "type": "Feature",
      "geometry": {
        "type": "Polygon",
        "coordinates": [
          [
            [
              -73.20204,
              41.20555
            ],
            [
              -73.19817,
              41.19967
            ],
            [
              -73.19671,
              41.19864
            ],
            [
              -73.19444,
              41.2005
            ],
            [
              -73.19213,
              41.20079
            ],
            [
              -73.18754,
              41.20435
            ],
            [
              -73.1848,
              41.21094
            ],
            [
              -73.17942,
              41.21799
            ],
            [
              -73.17884,
              41.22197
            ],
            [
              -73.18328,
              41.2207
            ],
            [
              -73.18727,
              41.22053
            ],
            [
              -73.19075,
              41.22418
            ],
            [
              -73.18318,
              41.2237
            ],
            [
              -73.18451,
              41.22594
            ],
            [
              -73.18139,
              41.22709
            ],
            [
              -73.18831,
              41.22754
            ],
            [
              -73.19086,
              41.22503
            ],
            [
              -73.19524,
              41.22725
            ],
            [
              -73.19257,
              41.21935
            ],
            [
              -73.19178,
              41.20932
            ],
            [
              -73.19294,
              41.20738
            ],
            [
              -73.19595,
              41.20787
            ],
            [
              -73.20204,
              41.20555
            ]
          ]
        ]
      },
      "properties": {
        "geoid": "09001072900",
        "name": "Census Tract 729",
        "town": "",
        "total": 3,
        "undefined": 3
      }
    },
    {
      "type": "Feature",
      "geometry": {
        "type": "Polygon",
        "coordinates": [
          [
            [
              -73.18776,
              41.20468
            ],
            [
              -73.18555,
              41.207
            ],
            [
              -73.18384,
              41.20622
            ],
            [
              -73.17886,
              41.20615
            ],
            [
              -73.17891,
              41.21014
            ],
            [
              -73.17303,
              41.21572
            ],
            [
              -73.16726,
              41.22398
            ],
            [
              -73.16468,
              41.22565
            ],
            [
              -73.16955,
              41.22276
            ],
            [
              -73.17884,
              41.22197
            ],
            [
              -73.17942,
              41.21799
            ],
            [
              -73.1848,
              41.21094
            ],
            [
              -73.18619,
              41.20794
            ],
            [
              -73.18586,
              41.20726
            ],
            [
              -73.18698,
              41.20666
            ],
            [
              -73.18776,
              41.20468
            ]
          ]
        ]
      },
      "properties": {
        "geoid": "09001073000",
        "name": "Census Tract 730",
        "town": "",
        "total": 2,
        "undefined": 2
      }
    },
    {
      "type": "Feature",
      "geometry": {
        "type": "Polygon",
        "coordinates": [
          [
            [
              -73.17915,
              41.20424
            ],
            [
              -73.17682,
              41.20393
            ],
            [
              -73.17718,
              41.20267
            ],
            [
              -73.17364,
              41.20034
            ],
            [
              -73.17327,
              41.20079
            ],
            [
              -73.17022,
              41.19977
            ],
            [
              -73.16837,
              41.20312
            ],
            [
              -73.16586,
              41.20451
            ],
            [
              -73.16163,
              41.20562
            ],
            [
              -73.15799,
              41.20543
            ],
            [
              -73.16283,
              41.22023
            ],
            [
              -73.16109,
              41.22457
            ],
            [
              -73.15908,
              41.22593
            ],
            [
              -73.15764,
              41.22838
            ],
            [
              -73.16726,
              41.22398
            ],
            [
              -73.17303,
              41.21572
            ],
            [
              -73.17891,
              41.21014
            ],
            [
              -73.17915,
              41.20424
            ]
          ]
        ]
      },
      "properties": {
        "geoid": "09001073100",
        "name": "Census Tract 731",
        "town": "",
        "total": 3,
        "undefined": 3
      }
    },
    {
      "type": "Feature",
      "geometry": {
        "type": "Polygon",
        "coordinates": [
          [
            [
              -73.16972,
              41.19336
            ],
            [
              -73.16135,
              41.1936
            ],
            [
              -73.15377,
              41.19272
            ],
            [
              -73.15467,
              41.19339
            ],
            [
              -73.15487,
              41.19566
            ],
            [
              -73.16518,
              41.19755
            ],
            [
              -73.16492,
              41.19873
            ],
            [
              -73.16759,
              41.19923
            ],
            [
              -73.16972,
              41.19336
            ]
          ]
        ]
      },
      "properties": {
        "geoid": "09001073300",
        "name": "Census Tract 733",
        "town": "",
        "total": 1,
        "undefined": 1
      }
    },
    {
      "type": "Feature",
      "geometry": {
        "type": "Polygon",
        "coordinates": [
          [
            [
              -73.18927,
              41.20276
            ],
            [
              -73.18599,
              41.20012
            ],
            [
              -73.1865,
              41.19812
            ],
            [
              -73.1837,
              41.19825
            ],
            [
              -73.18403,
              41.2007
            ],
            [
              -73.17664,
              41.19559
            ],
            [
              -73.17202,
              41.1934
            ],
            [
              -73.16972,
              41.19336
            ],
            [
              -73.16759,
              41.19923
            ],
            [
              -73.17502,
              41.20106
            ],
            [
              -73.17718,
              41.20267
            ],
            [
              -73.17682,
              41.20393
            ],
            [
              -73.17917,
              41.2041
            ],
            [
              -73.17886,
              41.20615
            ],
            [
              -73.18384,
              41.20622
            ],
            [
              -73.18555,
              41.207
            ],
            [
              -73.18927,
              41.20276
            ]
          ]
        ]
      },
      "properties": {
        "geoid": "09001073400",
        "name": "Census Tract 734",
        "town": "",
        "total": 2,
        "undefined": 2
      }
    },
    {
      "type": "Feature",
      "geometry": {
        "type": "Polygon",
        "coordinates": [
          [
            [
              -73.18052,
              41.19176
            ],
            [
              -73.17435,
              41.19128
            ],
            [
              -73.17396,
              41.1941
            ],
            [
              -73.18027,
              41.19795
            ],
            [
              -73.18052,
              41.19176
            ]
          ]
        ]
      },
      "properties": {
        "geoid": "09001073600",
        "name": "Census Tract 736",
        "town": "",
        "total": 1,
        "undefined": 1
      }
    },
    {
      "type": "Feature",
      "geometry": {
        "type": "Polygon",
        "coordinates": [
          [
            [
              -73.17193,
              41.1906
            ],
            [
              -73.17089,
              41.18665
            ],
            [
              -73.16547,
              41.18637
            ],
            [
              -73.15511,
              41.18999
            ],
            [
              -73.15382,
              41.19253
            ],
            [
              -73.16135,
              41.1936
            ],
            [
              -73.17163,
              41.19345
            ],
            [
              -73.17193,
              41.1906
            ]
          ]
        ]
      },
      "properties": {
        "geoid": "09001073700",
        "name": "Census Tract 737",
        "town": "",
        "total": 4,
        "undefined": 4
      }
    },
    {
      "type": "Feature",
      "geometry": {
        "type": "Polygon",
        "coordinates": [
          [
            [
              -73.18923,
              41.1897
            ],
            [
              -73.18838,
              41.1861
            ],
            [
              -73.18888,
              41.1848
            ],
            [
              -73.18792,
              41.18349
            ],
            [
              -73.18626,
              41.1829
            ],
            [
              -73.18458,
              41.18475
            ],
            [
              -73.18084,
              41.18573
            ],
            [
              -73.18053,
              41.19156
            ],
            [
              -73.18775,
              41.192
            ],
            [
              -73.18812,
              41.18965
            ],
            [
              -73.18923,
              41.1897
            ]
          ]
        ]
      },
      "properties": {
        "geoid": "09001073900",
        "name": "Census Tract 739",
        "town": "",
        "total": 1,
        "undefined": 1
      }
    },
    {
      "type": "Feature",
      "geometry": {
        "type": "Polygon",
        "coordinates": [
          [
            [
              -73.18045,
              41.1713
            ],
            [
              -73.17736,
              41.1691
            ],
            [
              -73.17586,
              41.1669
            ],
            [
              -73.17985,
              41.1526
            ],
            [
              -73.16575,
              41.1543
            ],
            [
              -73.15875,
              41.17366
            ],
            [
              -73.15931,
              41.17376
            ],
            [
              -73.15542,
              41.17797
            ],
            [
              -73.15423,
              41.18313
            ],
            [
              -73.15461,
              41.18355
            ],
            [
              -73.1592,
              41.18061
            ],
            [
              -73.17037,
              41.1769
            ],
            [
              -73.17325,
              41.17741
            ],
            [
              -73.1766,
              41.17673
            ],
            [
              -73.18045,
              41.1713
            ]
          ]
        ]
      },
      "properties": {
        "geoid": "09001074400",
        "name": "Census Tract 744",
        "town": "",
        "total": 1,
        "undefined": 1
      }
    },
    {
      "type": "Feature",
      "geometry": {
        "type": "Polygon",
        "coordinates": [
          [
            [
              -73.15645,
              41.20058
            ],
            [
              -73.15446,
              41.1948
            ],
            [
              -73.15467,
              41.19339
            ],
            [
              -73.15377,
              41.19272
            ],
            [
              -73.15511,
              41.18999
            ],
            [
              -73.14126,
              41.19518
            ],
            [
              -73.14812,
              41.20412
            ],
            [
              -73.15282,
              41.20335
            ],
            [
              -73.1555,
              41.20387
            ],
            [
              -73.15645,
              41.20058
            ]
          ]
        ]
      },
      "properties": {
        "geoid": "09001080100",
        "name": "Census Tract 801",
        "town": "",
        "total": 3,
        "undefined": 3
      }
    },
    {
      "type": "Feature",
      "geometry": {
        "type": "Polygon",
        "coordinates": [
          [
            [
              -73.15518,
              41.18751
            ],
            [
              -73.15449,
              41.18368
            ],
            [
              -73.14313,
              41.18485
            ],
            [
              -73.13965,
              41.18668
            ],
            [
              -73.1367,
              41.18683
            ],
            [
              -73.13399,
              41.19044
            ],
            [
              -73.14122,
              41.19353
            ],
            [
              -73.14126,
              41.19518
            ],
            [
              -73.15511,
              41.18999
            ],
            [
              -73.15518,
              41.18751
            ]
          ]
        ]
      },
      "properties": {
        "geoid": "09001080200",
        "name": "Census Tract 802",
        "town": "",
        "total": 2,
        "undefined": 2
      }
    },
    {
      "type": "Feature",
      "geometry": {
        "type": "Polygon",
        "coordinates": [
          [
            [
              -73.15878,
              41.17432
            ],
            [
              -73.15783,
              41.17321
            ],
            [
              -73.143,
              41.1666
            ],
            [
              -73.13525,
              41.16892
            ],
            [
              -73.13066,
              41.1689
            ],
            [
              -73.12724,
              41.17139
            ],
            [
              -73.13006,
              41.1758
            ],
            [
              -73.13029,
              41.17943
            ],
            [
              -73.13734,
              41.17943
            ],
            [
              -73.13622,
              41.18287
            ],
            [
              -73.13439,
              41.18259
            ],
            [
              -73.13428,
              41.18704
            ],
            [
              -73.13948,
              41.18672
            ],
            [
              -73.14308,
              41.18485
            ],
            [
              -73.15433,
              41.18382
            ],
            [
              -73.15542,
              41.17797
            ],
            [
              -73.15878,
              41.17432
            ]
          ]
        ]
      },
      "properties": {
        "geoid": "09001080400",
        "name": "Census Tract 804",
        "town": "",
        "total": 2,
        "undefined": 2
      }
    },
    {
      "type": "Feature",
      "geometry": {
        "type": "Polygon",
        "coordinates": [
          [
            [
              -73.13199,
              41.2065
            ],
            [
              -73.13119,
              41.20228
            ],
            [
              -73.1317,
              41.19904
            ],
            [
              -73.1235,
              41.19853
            ],
            [
              -73.11853,
              41.19927
            ],
            [
              -73.11621,
              41.20068
            ],
            [
              -73.11057,
              41.20027
            ],
            [
              -73.10925,
              41.2041
            ],
            [
              -73.11065,
              41.2078
            ],
            [
              -73.11065,
              41.2108
            ],
            [
              -73.11025,
              41.214
            ],
            [
              -73.10835,
              41.2183
            ],
            [
              -73.11045,
              41.2253
            ],
            [
              -73.11429,
              41.22537
            ],
            [
              -73.11883,
              41.21948
            ],
            [
              -73.12397,
              41.21774
            ],
            [
              -73.13199,
              41.2065
            ]
          ]
        ]
      },
      "properties": {
        "geoid": "09001080800",
        "name": "Census Tract 808",
        "town": "",
        "total": 1,
        "undefined": 1
      }
    },
    {
      "type": "Feature",
      "geometry": {
        "type": "Polygon",
        "coordinates": [
          [
            [
              -73.14901,
              41.20594
            ],
            [
              -73.14126,
              41.19518
            ],
            [
              -73.1317,
              41.19904
            ],
            [
              -73.13118,
              41.20201
            ],
            [
              -73.13202,
              41.20632
            ],
            [
              -73.13177,
              41.21017
            ],
            [
              -73.13489,
              41.21007
            ],
            [
              -73.13495,
              41.21064
            ],
            [
              -73.14353,
              41.20972
            ],
            [
              -73.14497,
              41.21212
            ],
            [
              -73.14604,
              41.21148
            ],
            [
              -73.14502,
              41.21053
            ],
            [
              -73.14592,
              41.20931
            ],
            [
              -73.14697,
              41.20992
            ],
            [
              -73.14873,
              41.20914
            ],
            [
              -73.14807,
              41.20779
            ],
            [
              -73.14897,
              41.20751
            ],
            [
              -73.1482,
              41.20623
            ],
            [
              -73.14901,
              41.20594
            ]
          ]
        ]
      },
      "properties": {
        "geoid": "09001080900",
        "name": "Census Tract 809",
        "town": "",
        "total": 2,
        "undefined": 2
      }
    },
    {
      "type": "Feature",
      "geometry": {
        "type": "Polygon",
        "coordinates": [
          [
            [
              -73.14006,
              41.23719
            ],
            [
              -73.13896,
              41.23229
            ],
            [
              -73.13503,
              41.22407
            ],
            [
              -73.13453,
              41.21794
            ],
            [
              -73.13239,
              41.21388
            ],
            [
              -73.13171,
              41.2072
            ],
            [
              -73.12397,
              41.21774
            ],
            [
              -73.11883,
              41.21948
            ],
            [
              -73.11429,
              41.22537
            ],
            [
              -73.11045,
              41.2253
            ],
            [
              -73.10995,
              41.2294
            ],
            [
              -73.10495,
              41.2366
            ],
            [
              -73.10157,
              41.24009
            ],
            [
              -73.09122,
              41.24641
            ],
            [
              -73.10069,
              41.24568
            ],
            [
              -73.12449,
              41.23925
            ],
            [
              -73.14006,
              41.23719
            ]
          ]
        ]
      },
      "properties": {
        "geoid": "09001081200",
        "name": "Census Tract 812",
        "town": "",
        "total": 2,
        "undefined": 2
      }
    },
    {
      "type": "Feature",
      "geometry": {
        "type": "Polygon",
        "coordinates": [
          [
            [
              -73.14688,
              41.25537
            ],
            [
              -73.14543,
              41.25412
            ],
            [
              -73.14523,
              41.24985
            ],
            [
              -73.14333,
              41.24503
            ],
            [
              -73.14309,
              41.24096
            ],
            [
              -73.14006,
              41.23719
            ],
            [
              -73.12449,
              41.23925
            ],
            [
              -73.10069,
              41.24568
            ],
            [
              -73.09122,
              41.24641
            ],
            [
              -73.08735,
              41.25179
            ],
            [
              -73.08675,
              41.2546
            ],
            [
              -73.09087,
              41.25708
            ],
            [
              -73.09456,
              41.25621
            ],
            [
              -73.09527,
              41.25805
            ],
            [
              -73.09715,
              41.25888
            ],
            [
              -73.10298,
              41.25951
            ],
            [
              -73.10295,
              41.26164
            ],
            [
              -73.10411,
              41.26316
            ],
            [
              -73.10726,
              41.26437
            ],
            [
              -73.10593,
              41.26681
            ],
            [
              -73.1083,
              41.26858
            ],
            [
              -73.1439,
              41.25716
            ],
            [
              -73.14688,
              41.25537
            ]
          ]
        ]
      },
      "properties": {
        "geoid": "09001081300",
        "name": "Census Tract 813",
        "town": "",
        "total": 1,
        "undefined": 1
      }
    },
    {
      "type": "Feature",
      "geometry": {
        "type": "Polygon",
        "coordinates": [
          [
            [
              -73.25141,
              41.33025
            ],
            [
              -73.24572,
              41.32649
            ],
            [
              -73.24442,
              41.32381
            ],
            [
              -73.24111,
              41.32082
            ],
            [
              -73.23676,
              41.32015
            ],
            [
              -73.2338,
              41.30718
            ],
            [
              -73.23048,
              41.30753
            ],
            [
              -73.22824,
              41.3062
            ],
            [
              -73.22647,
              41.30391
            ],
            [
              -73.22148,
              41.30157
            ],
            [
              -73.2211,
              41.2981
            ],
            [
              -73.2048,
              41.29936
            ],
            [
              -73.17888,
              41.33474
            ],
            [
              -73.18803,
              41.33403
            ],
            [
              -73.20077,
              41.33044
            ],
            [
              -73.2036,
              41.33171
            ],
            [
              -73.20645,
              41.33219
            ],
            [
              -73.20678,
              41.33162
            ],
            [
              -73.20949,
              41.33561
            ],
            [
              -73.21366,
              41.33573
            ],
            [
              -73.21884,
              41.33716
            ],
            [
              -73.22136,
              41.34069
            ],
            [
              -73.22688,
              41.34432
            ],
            [
              -73.23459,
              41.34101
            ],
            [
              -73.23874,
              41.34145
            ],
            [
              -73.24613,
              41.33997
            ],
            [
              -73.24708,
              41.33637
            ],
            [
              -73.25141,
              41.33025
            ]
          ]
        ]
      },
      "properties": {
        "geoid": "09001100200",
        "name": "Census Tract 1002",
        "town": "",
        "total": 1,
        "undefined": 1
      }
    },
    {
      "type": "Feature",
      "geometry": {
        "type": "Polygon",
        "coordinates": [
          [
            [
              -73.36881,
              41.27497
            ],
            [
              -73.34143,
              41.24563
            ],
            [
              -73.33389,
              41.23582
            ],
            [
              -73.32594,
              41.22744
            ],
            [
              -73.3267,
              41.22594
            ],
            [
              -73.32456,
              41.22426
            ],
            [
              -73.32363,
              41.22192
            ],
            [
              -73.32547,
              41.22006
            ],
            [
              -73.32567,
              41.21621
            ],
            [
              -73.32901,
              41.21343
            ],
            [
              -73.30186,
              41.21273
            ],
            [
              -73.29484,
              41.21802
            ],
            [
              -73.29077,
              41.22009
            ],
            [
              -73.28826,
              41.22385
            ],
            [
              -73.2843,
              41.2253
            ],
            [
              -73.28235,
              41.2291
            ],
            [
              -73.27947,
              41.2316
            ],
            [
              -73.2633,
              41.21254
            ],
            [
              -73.2621,
              41.21288
            ],
            [
              -73.26004,
              41.2165
            ],
            [
              -73.25656,
              41.2193
            ],
            [
              -73.25558,
              41.2224
            ],
            [
              -73.25194,
              41.22769
            ],
            [
              -73.25137,
              41.23046
            ],
            [
              -73.24956,
              41.23189
            ],
            [
              -73.24539,
              41.23292
            ],
            [
              -73.2361,
              41.23843
            ],
            [
              -73.24434,
              41.2481
            ],
            [
              -73.25146,
              41.24624
            ],
            [
              -73.25298,
              41.24407
            ],
            [
              -73.25325,
              41.24095
            ],
            [
              -73.25666,
              41.24268
            ],
            [
              -73.25742,
              41.24539
            ],
            [
              -73.25886,
              41.24702
            ],
            [
              -73.26523,
              41.24973
            ],
            [
              -73.26883,
              41.25038
            ],
            [
              -73.27323,
              41.24987
            ],
            [
              -73.27647,
              41.24695
            ],
            [
              -73.27788,
              41.24847
            ],
            [
              -73.2831,
              41.24892
            ],
            [
              -73.28655,
              41.25096
            ],
            [
              -73.29477,
              41.25358
            ],
            [
              -73.30507,
              41.24911
            ],
            [
              -73.31102,
              41.24806
            ],
            [
              -73.31522,
              41.24878
            ],
            [
              -73.32063,
              41.24682
            ],
            [
              -73.32258,
              41.24954
            ],
            [
              -73.3232,
              41.2543
            ],
            [
              -73.32596,
              41.26149
            ],
            [
              -73.32959,
              41.26666
            ],
            [
              -73.33252,
              41.26893
            ],
            [
              -73.33311,
              41.27305
            ],
            [
              -73.3398,
              41.27877
            ],
            [
              -73.34214,
              41.28477
            ],
            [
              -73.36881,
              41.27497
            ]
          ]
        ]
      },
      "properties": {
        "geoid": "09001105100",
        "name": "Census Tract 1051",
        "town": "",
        "total": 1,
        "undefined": 1
      }
    },
    {
      "type": "Feature",
      "geometry": {
        "type": "Polygon",
        "coordinates": [
          [
            [
              -73.14644,
              41.29636
            ],
            [
              -73.14464,
              41.2928
            ],
            [
              -73.1402,
              41.29028
            ],
            [
              -73.13701,
              41.28719
            ],
            [
              -73.13645,
              41.286
            ],
            [
              -73.13735,
              41.2827
            ],
            [
              -73.13417,
              41.28289
            ],
            [
              -73.13031,
              41.27899
            ],
            [
              -73.1248,
              41.28056
            ],
            [
              -73.12042,
              41.27841
            ],
            [
              -73.11551,
              41.28473
            ],
            [
              -73.10889,
              41.29552
            ],
            [
              -73.10707,
              41.29439
            ],
            [
              -73.10071,
              41.29424
            ],
            [
              -73.10144,
              41.29747
            ],
            [
              -73.09939,
              41.30188
            ],
            [
              -73.09736,
              41.30414
            ],
            [
              -73.09621,
              41.30425
            ],
            [
              -73.08971,
              41.30906
            ],
            [
              -73.09312,
              41.31252
            ],
            [
              -73.0938,
              41.31076
            ],
            [
              -73.09572,
              41.31074
            ],
            [
              -73.09553,
              41.31481
            ],
            [
              -73.09734,
              41.31432
            ],
            [
              -73.0989,
              41.31628
            ],
            [
              -73.09828,
              41.3168
            ],
            [
              -73.0989,
              41.31745
            ],
            [
              -73.09798,
              41.31801
            ],
            [
              -73.0992,
              41.31909
            ],
            [
              -73.10906,
              41.31893
            ],
            [
              -73.11473,
              41.317
            ],
            [
              -73.11948,
              41.31168
            ],
            [
              -73.12933,
              41.30516
            ],
            [
              -73.13285,
              41.30163
            ],
            [
              -73.13789,
              41.30081
            ],
            [
              -73.14644,
              41.29636
            ]
          ]
        ]
      },
      "properties": {
        "geoid": "09001110301",
        "name": "Census Tract 1103.01",
        "town": "",
        "total": 1,
        "undefined": 1
      }
    },
    {
      "type": "Feature",
      "geometry": {
        "type": "Polygon",
        "coordinates": [
          [
            [
              -73.20463,
              41.29934
            ],
            [
              -73.18,
              41.27482
            ],
            [
              -73.17864,
              41.27264
            ],
            [
              -73.17391,
              41.26862
            ],
            [
              -73.16491,
              41.2688
            ],
            [
              -73.15922,
              41.27865
            ],
            [
              -73.14673,
              41.29493
            ],
            [
              -73.14731,
              41.29643
            ],
            [
              -73.15526,
              41.29793
            ],
            [
              -73.15894,
              41.30234
            ],
            [
              -73.16304,
              41.30115
            ],
            [
              -73.16581,
              41.30494
            ],
            [
              -73.1688,
              41.30359
            ],
            [
              -73.17832,
              41.30432
            ],
            [
              -73.18465,
              41.30242
            ],
            [
              -73.20463,
              41.29934
            ]
          ]
        ]
      },
      "properties": {
        "geoid": "09001110400",
        "name": "Census Tract 1104",
        "town": "",
        "total": 1,
        "undefined": 1
      }
    },
    {
      "type": "Feature",
      "geometry": {
        "type": "Polygon",
        "coordinates": [
          [
            [
              -73.17051,
              41.358
            ],
            [
              -73.16313,
              41.3565
            ],
            [
              -73.15604,
              41.35298
            ],
            [
              -73.1514,
              41.3462
            ],
            [
              -73.14768,
              41.34396
            ],
            [
              -73.1468,
              41.33909
            ],
            [
              -73.13995,
              41.33464
            ],
            [
              -73.13814,
              41.33029
            ],
            [
              -73.13075,
              41.33066
            ],
            [
              -73.1176,
              41.32202
            ],
            [
              -73.11301,
              41.3178
            ],
            [
              -73.10693,
              41.31922
            ],
            [
              -73.09839,
              41.31927
            ],
            [
              -73.09927,
              41.32094
            ],
            [
              -73.09685,
              41.3226
            ],
            [
              -73.11575,
              41.3322
            ],
            [
              -73.1224,
              41.34072
            ],
            [
              -73.12465,
              41.3453
            ],
            [
              -73.13605,
              41.3512
            ],
            [
              -73.13816,
              41.3539
            ],
            [
              -73.13955,
              41.3612
            ],
            [
              -73.15095,
              41.3702
            ],
            [
              -73.15705,
              41.3767
            ],
            [
              -73.15965,
              41.3749
            ],
            [
              -73.15944,
              41.37291
            ],
            [
              -73.17051,
              41.358
            ]
          ]
        ]
      },
      "properties": {
        "geoid": "09001110602",
        "name": "Census Tract 1106.02",
        "town": "",
        "total": 2,
        "undefined": 2
      }
    },
    {
      "type": "Feature",
      "geometry": {
        "type": "Polygon",
        "coordinates": [
          [
            [
              -73.43502,
              41.3724
            ],
            [
              -73.4254,
              41.33785
            ],
            [
              -73.42433,
              41.33529
            ],
            [
              -73.42305,
              41.3355
            ],
            [
              -73.421,
              41.33939
            ],
            [
              -73.42058,
              41.34366
            ],
            [
              -73.41846,
              41.35061
            ],
            [
              -73.4184,
              41.3574
            ],
            [
              -73.41483,
              41.37199
            ],
            [
              -73.42393,
              41.38235
            ],
            [
              -73.43265,
              41.37848
            ],
            [
              -73.43502,
              41.3724
            ]
          ]
        ]
      },
      "properties": {
        "geoid": "09001200100",
        "name": "Census Tract 2001",
        "town": "",
        "total": 1,
        "undefined": 1
      }
    },
    {
      "type": "Feature",
      "geometry": {
        "type": "Polygon",
        "coordinates": [
          [
            [
              -73.40832,
              41.39212
            ],
            [
              -73.40757,
              41.38983
            ],
            [
              -73.40582,
              41.38835
            ],
            [
              -73.40417,
              41.38836
            ],
            [
              -73.39834,
              41.38594
            ],
            [
              -73.39565,
              41.3888
            ],
            [
              -73.39132,
              41.39163
            ],
            [
              -73.38609,
              41.39195
            ],
            [
              -73.37845,
              41.39551
            ],
            [
              -73.36821,
              41.39711
            ],
            [
              -73.38014,
              41.42293
            ],
            [
              -73.40597,
              41.42819
            ],
            [
              -73.40602,
              41.41544
            ],
            [
              -73.40082,
              41.40345
            ],
            [
              -73.40118,
              41.40285
            ],
            [
              -73.40498,
              41.40264
            ],
            [
              -73.40473,
              41.40122
            ],
            [
              -73.40784,
              41.39715
            ],
            [
              -73.40702,
              41.39504
            ],
            [
              -73.40832,
              41.39212
            ]
          ]
        ]
      },
      "properties": {
        "geoid": "09001200301",
        "name": "Census Tract 2003.01",
        "town": "",
        "total": 4,
        "undefined": 4
      }
    },
    {
      "type": "Feature",
      "geometry": {
        "type": "Polygon",
        "coordinates": [
          [
            [
              -73.4218,
              41.33747
            ],
            [
              -73.42305,
              41.3355
            ],
            [
              -73.36024,
              41.34683
            ],
            [
              -73.34706,
              41.35043
            ],
            [
              -73.36821,
              41.39711
            ],
            [
              -73.37845,
              41.39551
            ],
            [
              -73.38609,
              41.39195
            ],
            [
              -73.39132,
              41.39163
            ],
            [
              -73.39565,
              41.3888
            ],
            [
              -73.39826,
              41.38604
            ],
            [
              -73.39531,
              41.38498
            ],
            [
              -73.39292,
              41.38566
            ],
            [
              -73.39042,
              41.38422
            ],
            [
              -73.38959,
              41.37949
            ],
            [
              -73.39122,
              41.37798
            ],
            [
              -73.39093,
              41.37518
            ],
            [
              -73.39535,
              41.37547
            ],
            [
              -73.39152,
              41.37235
            ],
            [
              -73.38944,
              41.36713
            ],
            [
              -73.39019,
              41.36649
            ],
            [
              -73.39263,
              41.36909
            ],
            [
              -73.39636,
              41.37103
            ],
            [
              -73.40743,
              41.37175
            ],
            [
              -73.40651,
              41.36941
            ],
            [
              -73.40339,
              41.36634
            ],
            [
              -73.40089,
              41.35831
            ],
            [
              -73.40414,
              41.35669
            ],
            [
              -73.40723,
              41.35824
            ],
            [
              -73.40954,
              41.36055
            ],
            [
              -73.41216,
              41.36704
            ],
            [
              -73.41419,
              41.36686
            ],
            [
              -73.41532,
              41.3687
            ],
            [
              -73.41742,
              41.36216
            ],
            [
              -73.41854,
              41.35657
            ],
            [
              -73.41846,
              41.35061
            ],
            [
              -73.4218,
              41.33747
            ]
          ]
        ]
      },
      "properties": {
        "geoid": "09001200302",
        "name": "Census Tract 2003.02",
        "town": "",
        "total": 2,
        "undefined": 2
      }
    },
    {
      "type": "Feature",
      "geometry": {
        "type": "Polygon",
        "coordinates": [
          [
            [
              -73.43564,
              41.39949
            ],
            [
              -73.43068,
              41.39945
            ],
            [
              -73.42829,
              41.39318
            ],
            [
              -73.42654,
              41.39088
            ],
            [
              -73.42363,
              41.39004
            ],
            [
              -73.4226,
              41.3876
            ],
            [
              -73.42329,
              41.38623
            ],
            [
              -73.42097,
              41.38467
            ],
            [
              -73.40729,
              41.39574
            ],
            [
              -73.40784,
              41.39715
            ],
            [
              -73.40473,
              41.40122
            ],
            [
              -73.40498,
              41.40264
            ],
            [
              -73.40118,
              41.40285
            ],
            [
              -73.40082,
              41.40345
            ],
            [
              -73.40602,
              41.41544
            ],
            [
              -73.40913,
              41.41402
            ],
            [
              -73.4124,
              41.41375
            ],
            [
              -73.42085,
              41.41725
            ],
            [
              -73.42804,
              41.41004
            ],
            [
              -73.42952,
              41.40754
            ],
            [
              -73.43003,
              41.40415
            ],
            [
              -73.43564,
              41.39949
            ]
          ]
        ]
      },
      "properties": {
        "geoid": "09001210402",
        "name": "Census Tract 2104.02",
        "town": "",
        "total": 2,
        "undefined": 2
      }
    },
    {
      "type": "Feature",
      "geometry": {
        "type": "Polygon",
        "coordinates": [
          [
            [
              -73.47417,
              41.36812
            ],
            [
              -73.47179,
              41.35785
            ],
            [
              -73.46924,
              41.35358
            ],
            [
              -73.46961,
              41.35042
            ],
            [
              -73.46881,
              41.34578
            ],
            [
              -73.46963,
              41.34024
            ],
            [
              -73.47283,
              41.33208
            ],
            [
              -73.4701,
              41.32642
            ],
            [
              -73.42417,
              41.33488
            ],
            [
              -73.43423,
              41.36832
            ],
            [
              -73.43502,
              41.3724
            ],
            [
              -73.43265,
              41.37848
            ],
            [
              -73.43527,
              41.38022
            ],
            [
              -73.43782,
              41.38525
            ],
            [
              -73.44001,
              41.38767
            ],
            [
              -73.44185,
              41.3875
            ],
            [
              -73.44599,
              41.38525
            ],
            [
              -73.44522,
              41.38193
            ],
            [
              -73.44642,
              41.3809
            ],
            [
              -73.45201,
              41.38031
            ],
            [
              -73.45434,
              41.38137
            ],
            [
              -73.45661,
              41.37893
            ],
            [
              -73.45917,
              41.37762
            ],
            [
              -73.46367,
              41.37945
            ],
            [
              -73.46634,
              41.37546
            ],
            [
              -73.46896,
              41.3741
            ],
            [
              -73.46954,
              41.37285
            ],
            [
              -73.47363,
              41.37137
            ],
            [
              -73.47417,
              41.36812
            ]
          ]
        ]
      },
      "properties": {
        "geoid": "09001210501",
        "name": "Census Tract 2105.01",
        "town": "",
        "total": 1,
        "undefined": 1
      }
    },
    {
      "type": "Feature",
      "geometry": {
        "type": "Polygon",
        "coordinates": [
          [
            [
              -73.4757,
              41.45385
            ],
            [
              -73.47368,
              41.45033
            ],
            [
              -73.47242,
              41.44563
            ],
            [
              -73.47317,
              41.44098
            ],
            [
              -73.46998,
              41.4407
            ],
            [
              -73.4648,
              41.4425
            ],
            [
              -73.46391,
              41.44591
            ],
            [
              -73.46705,
              41.44705
            ],
            [
              -73.46486,
              41.44839
            ],
            [
              -73.46482,
              41.44732
            ],
            [
              -73.45659,
              41.44687
            ],
            [
              -73.45745,
              41.44326
            ],
            [
              -73.46143,
              41.44263
            ],
            [
              -73.45789,
              41.44002
            ],
            [
              -73.45903,
              41.43902
            ],
            [
              -73.46208,
              41.43876
            ],
            [
              -73.46321,
              41.43794
            ],
            [
              -73.46368,
              41.43517
            ],
            [
              -73.46113,
              41.43421
            ],
            [
              -73.46171,
              41.43134
            ],
            [
              -73.46803,
              41.43032
            ],
            [
              -73.46826,
              41.42919
            ],
            [
              -73.46899,
              41.42967
            ],
            [
              -73.47128,
              41.4287
            ],
            [
              -73.47305,
              41.42603
            ],
            [
              -73.47237,
              41.42414
            ],
            [
              -73.46925,
              41.42234
            ],
            [
              -73.4684,
              41.4205
            ],
            [
              -73.46095,
              41.41574
            ],
            [
              -73.45967,
              41.4193
            ],
            [
              -73.45751,
              41.41972
            ],
            [
              -73.45198,
              41.42391
            ],
            [
              -73.44993,
              41.42446
            ],
            [
              -73.44806,
              41.42783
            ],
            [
              -73.45019,
              41.42782
            ],
            [
              -73.45233,
              41.42933
            ],
            [
              -73.45375,
              41.43204
            ],
            [
              -73.4545,
              41.43716
            ],
            [
              -73.45407,
              41.43859
            ],
            [
              -73.45251,
              41.43928
            ],
            [
              -73.45214,
              41.4407
            ],
            [
              -73.4531,
              41.442
            ],
            [
              -73.4517,
              41.44216
            ],
            [
              -73.4506,
              41.44526
            ],
            [
              -73.44726,
              41.44549
            ],
            [
              -73.44672,
              41.45016
            ],
            [
              -73.44531,
              41.45092
            ],
            [
              -73.44414,
              41.45397
            ],
            [
              -73.44505,
              41.45999
            ],
            [
              -73.4757,
              41.45385
            ]
          ]
        ]
      },
      "properties": {
        "geoid": "09001211202",
        "name": "Census Tract 2112.02",
        "town": "",
        "total": 1,
        "undefined": 1
      }
    },
    {
      "type": "Feature",
      "geometry": {
        "type": "Polygon",
        "coordinates": [
          [
            [
              -73.48639,
              41.52624
            ],
            [
              -73.48546,
              41.52471
            ],
            [
              -73.48493,
              41.51977
            ],
            [
              -73.48387,
              41.51908
            ],
            [
              -73.48031,
              41.5113
            ],
            [
              -73.47934,
              41.51065
            ],
            [
              -73.47566,
              41.51263
            ],
            [
              -73.47261,
              41.51024
            ],
            [
              -73.47082,
              41.51061
            ],
            [
              -73.47149,
              41.50936
            ],
            [
              -73.46894,
              41.50354
            ],
            [
              -73.47009,
              41.50077
            ],
            [
              -73.46956,
              41.49701
            ],
            [
              -73.46458,
              41.48686
            ],
            [
              -73.46455,
              41.4815
            ],
            [
              -73.47166,
              41.46921
            ],
            [
              -73.47292,
              41.46885
            ],
            [
              -73.47501,
              41.46974
            ],
            [
              -73.48239,
              41.46891
            ],
            [
              -73.48568,
              41.46611
            ],
            [
              -73.48202,
              41.46459
            ],
            [
              -73.4757,
              41.45385
            ],
            [
              -73.42694,
              41.46383
            ],
            [
              -73.42972,
              41.46973
            ],
            [
              -73.43129,
              41.46883
            ],
            [
              -73.43317,
              41.472
            ],
            [
              -73.43493,
              41.4719
            ],
            [
              -73.43829,
              41.47406
            ],
            [
              -73.4385,
              41.47327
            ],
            [
              -73.43543,
              41.47086
            ],
            [
              -73.43478,
              41.46894
            ],
            [
              -73.43562,
              41.46623
            ],
            [
              -73.43707,
              41.4654
            ],
            [
              -73.44016,
              41.46983
            ],
            [
              -73.44206,
              41.47049
            ],
            [
              -73.44328,
              41.47241
            ],
            [
              -73.44441,
              41.47756
            ],
            [
              -73.44299,
              41.4791
            ],
            [
              -73.44346,
              41.48092
            ],
            [
              -73.44288,
              41.48521
            ],
            [
              -73.44185,
              41.48552
            ],
            [
              -73.43703,
              41.48361
            ],
            [
              -73.44147,
              41.49129
            ],
            [
              -73.44307,
              41.49999
            ],
            [
              -73.44407,
              41.50179
            ],
            [
              -73.44357,
              41.50389
            ],
            [
              -73.44457,
              41.50889
            ],
            [
              -73.44527,
              41.50949
            ],
            [
              -73.44277,
              41.51409
            ],
            [
              -73.44593,
              41.52525
            ],
            [
              -73.45037,
              41.53468
            ],
            [
              -73.48594,
              41.52793
            ],
            [
              -73.48639,
              41.52624
            ]
          ]
        ]
      },
      "properties": {
        "geoid": "09001220300",
        "name": "Census Tract 2203",
        "town": "",
        "total": 1,
        "undefined": 1
      }
    },
    {
      "type": "Feature",
      "geometry": {
        "type": "Polygon",
        "coordinates": [
          [
            [
              -73.37859,
              41.42004
            ],
            [
              -73.37572,
              41.4136
            ],
            [
              -73.37499,
              41.41358
            ],
            [
              -73.36544,
              41.41614
            ],
            [
              -73.35818,
              41.41641
            ],
            [
              -73.35143,
              41.42043
            ],
            [
              -73.33114,
              41.4184
            ],
            [
              -73.33025,
              41.42012
            ],
            [
              -73.32447,
              41.41888
            ],
            [
              -73.3199,
              41.42124
            ],
            [
              -73.3159,
              41.42187
            ],
            [
              -73.31461,
              41.42048
            ],
            [
              -73.30811,
              41.42396
            ],
            [
              -73.301,
              41.41929
            ],
            [
              -73.29311,
              41.41538
            ],
            [
              -73.29109,
              41.41205
            ],
            [
              -73.2914,
              41.40914
            ],
            [
              -73.28862,
              41.40989
            ],
            [
              -73.28436,
              41.40962
            ],
            [
              -73.28304,
              41.40741
            ],
            [
              -73.28015,
              41.40814
            ],
            [
              -73.2777,
              41.4048
            ],
            [
              -73.26932,
              41.40751
            ],
            [
              -73.26779,
              41.40689
            ],
            [
              -73.2662,
              41.40752
            ],
            [
              -73.26703,
              41.41139
            ],
            [
              -73.26638,
              41.41359
            ],
            [
              -73.24801,
              41.43242
            ],
            [
              -73.24647,
              41.43671
            ],
            [
              -73.24798,
              41.439
            ],
            [
              -73.25773,
              41.43356
            ],
            [
              -73.26368,
              41.43453
            ],
            [
              -73.26579,
              41.4368
            ],
            [
              -73.26749,
              41.44358
            ],
            [
              -73.27024,
              41.448
            ],
            [
              -73.2737,
              41.45165
            ],
            [
              -73.27825,
              41.45264
            ],
            [
              -73.28074,
              41.4523
            ],
            [
              -73.2878,
              41.45031
            ],
            [
              -73.29395,
              41.44736
            ],
            [
              -73.29776,
              41.44828
            ],
            [
              -73.29951,
              41.45102
            ],
            [
              -73.30079,
              41.4559
            ],
            [
              -73.29823,
              41.46614
            ],
            [
              -73.29918,
              41.46954
            ],
            [
              -73.3006,
              41.47085
            ],
            [
              -73.30503,
              41.47115
            ],
            [
              -73.31287,
              41.46741
            ],
            [
              -73.32677,
              41.46951
            ],
            [
              -73.33166,
              41.47273
            ],
            [
              -73.36431,
              41.43786
            ],
            [
              -73.37859,
              41.42004
            ]
          ]
        ]
      },
      "properties": {
        "geoid": "09001230100",
        "name": "Census Tract 2301",
        "town": "",
        "total": 1,
        "undefined": 1
      }
    },
    {
      "type": "Feature",
      "geometry": {
        "type": "Polygon",
        "coordinates": [
          [
            [
              -73.33331,
              41.41295
            ],
            [
              -73.33029,
              41.41219
            ],
            [
              -73.32975,
              41.41044
            ],
            [
              -73.32718,
              41.40867
            ],
            [
              -73.32796,
              41.40756
            ],
            [
              -73.32587,
              41.40612
            ],
            [
              -73.32206,
              41.40123
            ],
            [
              -73.32022,
              41.40163
            ],
            [
              -73.31761,
              41.40069
            ],
            [
              -73.31411,
              41.40099
            ],
            [
              -73.3125,
              41.40352
            ],
            [
              -73.31228,
              41.40242
            ],
            [
              -73.30766,
              41.40299
            ],
            [
              -73.30341,
              41.4008
            ],
            [
              -73.30302,
              41.4047
            ],
            [
              -73.30183,
              41.40302
            ],
            [
              -73.29683,
              41.4049
            ],
            [
              -73.2914,
              41.40914
            ],
            [
              -73.29101,
              41.41089
            ],
            [
              -73.29152,
              41.41328
            ],
            [
              -73.29311,
              41.41538
            ],
            [
              -73.301,
              41.41929
            ],
            [
              -73.30811,
              41.42396
            ],
            [
              -73.31461,
              41.42048
            ],
            [
              -73.3159,
              41.42187
            ],
            [
              -73.32013,
              41.42116
            ],
            [
              -73.32447,
              41.41888
            ],
            [
              -73.33025,
              41.42012
            ],
            [
              -73.33331,
              41.41295
            ]
          ]
        ]
      },
      "properties": {
        "geoid": "09001230200",
        "name": "Census Tract 2302",
        "town": "",
        "total": 1,
        "undefined": 1
      }
    },
    {
      "type": "Feature",
      "geometry": {
        "type": "Polygon",
        "coordinates": [
          [
            [
              -73.37561,
              41.41358
            ],
            [
              -73.36166,
              41.38272
            ],
            [
              -73.3514,
              41.37695
            ],
            [
              -73.34071,
              41.37361
            ],
            [
              -73.33731,
              41.37056
            ],
            [
              -73.3319,
              41.36859
            ],
            [
              -73.32937,
              41.36983
            ],
            [
              -73.32108,
              41.37064
            ],
            [
              -73.32076,
              41.37231
            ],
            [
              -73.31652,
              41.37651
            ],
            [
              -73.3131,
              41.37757
            ],
            [
              -73.31335,
              41.38186
            ],
            [
              -73.31145,
              41.38972
            ],
            [
              -73.30785,
              41.39207
            ],
            [
              -73.3049,
              41.39574
            ],
            [
              -73.30338,
              41.39631
            ],
            [
              -73.3025,
              41.39581
            ],
            [
              -73.29931,
              41.39784
            ],
            [
              -73.2933,
              41.39599
            ],
            [
              -73.29839,
              41.40322
            ],
            [
              -73.29911,
              41.40381
            ],
            [
              -73.30183,
              41.40302
            ],
            [
              -73.30302,
              41.4047
            ],
            [
              -73.30341,
              41.4008
            ],
            [
              -73.30766,
              41.40299
            ],
            [
              -73.31228,
              41.40242
            ],
            [
              -73.3125,
              41.40352
            ],
            [
              -73.31411,
              41.40099
            ],
            [
              -73.32206,
              41.40123
            ],
            [
              -73.32587,
              41.40612
            ],
            [
              -73.32796,
              41.40756
            ],
            [
              -73.32718,
              41.40867
            ],
            [
              -73.32975,
              41.41044
            ],
            [
              -73.33029,
              41.41219
            ],
            [
              -73.33331,
              41.41295
            ],
            [
              -73.33114,
              41.4184
            ],
            [
              -73.35072,
              41.42053
            ],
            [
              -73.35818,
              41.41641
            ],
            [
              -73.36544,
              41.41614
            ],
            [
              -73.37561,
              41.41358
            ]
          ]
        ]
      },
      "properties": {
        "geoid": "09001230300",
        "name": "Census Tract 2303",
        "town": "",
        "total": 1,
        "undefined": 1
      }
    },
    {
      "type": "Feature",
      "geometry": {
        "type": "Polygon",
        "coordinates": [
          [
            [
              -73.53069,
              41.52025
            ],
            [
              -73.50436,
              41.52427
            ],
            [
              -73.45037,
              41.53468
            ],
            [
              -73.45402,
              41.54269
            ],
            [
              -73.45516,
              41.54719
            ],
            [
              -73.46897,
              41.57749
            ],
            [
              -73.47979,
              41.6008
            ],
            [
              -73.48853,
              41.61741
            ],
            [
              -73.49781,
              41.63815
            ],
            [
              -73.49676,
              41.63851
            ],
            [
              -73.49604,
              41.64017
            ],
            [
              -73.49629,
              41.6425
            ],
            [
              -73.49411,
              41.64449
            ],
            [
              -73.49013,
              41.64641
            ],
            [
              -73.48815,
              41.64562
            ],
            [
              -73.48681,
              41.64705
            ],
            [
              -73.48469,
              41.64743
            ],
            [
              -73.49032,
              41.65328
            ],
            [
              -73.49397,
              41.66112
            ],
            [
              -73.49829,
              41.65886
            ],
            [
              -73.50629,
              41.66333
            ],
            [
              -73.50692,
              41.6658
            ],
            [
              -73.51038,
              41.6665
            ],
            [
              -73.51478,
              41.66589
            ],
            [
              -73.5181,
              41.66661
            ],
            [
              -73.52104,
              41.61977
            ],
            [
              -73.53069,
              41.52025
            ]
          ]
        ]
      },
      "properties": {
        "geoid": "09001257100",
        "name": "Census Tract 2571",
        "town": "",
        "total": 2,
        "undefined": 2
      }
    },
    {
      "type": "Feature",
      "geometry": {
        "type": "Polygon",
        "coordinates": [
          [
            [
              -73.20514,
              41.20437
            ],
            [
              -73.19349,
              41.18636
            ],
            [
              -73.19357,
              41.18524
            ],
            [
              -73.18883,
              41.18613
            ],
            [
              -73.18931,
              41.19199
            ],
            [
              -73.18621,
              41.19538
            ],
            [
              -73.18599,
              41.20012
            ],
            [
              -73.18853,
              41.20153
            ],
            [
              -73.18922,
              41.20276
            ],
            [
              -73.19213,
              41.20079
            ],
            [
              -73.19444,
              41.2005
            ],
            [
              -73.19671,
              41.19864
            ],
            [
              -73.2022,
              41.20548
            ],
            [
              -73.20514,
              41.20437
            ]
          ]
        ]
      },
      "properties": {
        "geoid": "09001257200",
        "name": "Census Tract 2572",
        "town": "",
        "total": 1,
        "undefined": 1
      }
    },
    {
      "type": "Feature",
      "geometry": {
        "type": "Polygon",
        "coordinates": [
          [
            [
              -72.82525,
              41.62834
            ],
            [
              -72.82525,
              41.62767
            ],
            [
              -72.81799,
              41.62759
            ],
            [
              -72.82225,
              41.62159
            ],
            [
              -72.82023,
              41.62115
            ],
            [
              -72.82056,
              41.6193
            ],
            [
              -72.82281,
              41.61762
            ],
            [
              -72.81937,
              41.6156
            ],
            [
              -72.81893,
              41.61198
            ],
            [
              -72.8163,
              41.6119
            ],
            [
              -72.81233,
              41.61418
            ],
            [
              -72.807,
              41.61401
            ],
            [
              -72.80516,
              41.61321
            ],
            [
              -72.79522,
              41.6136
            ],
            [
              -72.79333,
              41.61434
            ],
            [
              -72.79367,
              41.61125
            ],
            [
              -72.76885,
              41.61377
            ],
            [
              -72.77061,
              41.62713
            ],
            [
              -72.76839,
              41.63258
            ],
            [
              -72.77131,
              41.64839
            ],
            [
              -72.81419,
              41.64571
            ],
            [
              -72.82333,
              41.63361
            ],
            [
              -72.82524,
              41.62985
            ],
            [
              -72.82525,
              41.62834
            ]
          ]
        ]
      },
      "properties": {
        "geoid": "09003400300",
        "name": "Census Tract 4003",
        "town": "",
        "total": 1,
        "undefined": 1
      }
    },
    {
      "type": "Feature",
      "geometry": {
        "type": "Polygon",
        "coordinates": [
          [
            [
              -72.94228,
              41.68226
            ],
            [
              -72.94019,
              41.67354
            ],
            [
              -72.92936,
              41.67426
            ],
            [
              -72.92786,
              41.67269
            ],
            [
              -72.92682,
              41.66957
            ],
            [
              -72.92281,
              41.66866
            ],
            [
              -72.92073,
              41.67267
            ],
            [
              -72.92013,
              41.67634
            ],
            [
              -72.92142,
              41.67964
            ],
            [
              -72.92483,
              41.68395
            ],
            [
              -72.92542,
              41.69009
            ],
            [
              -72.93575,
              41.68719
            ],
            [
              -72.94228,
              41.68226
            ]
          ]
        ]
      },
      "properties": {
        "geoid": "09003405100",
        "name": "Census Tract 4051",
        "town": "",
        "total": 1,
        "undefined": 1
      }
    },
    {
      "type": "Feature",
      "geometry": {
        "type": "Polygon",
        "coordinates": [
          [
            [
              -72.92405,
              41.65032
            ],
            [
              -72.92344,
              41.64734
            ],
            [
              -72.92391,
              41.64549
            ],
            [
              -72.90301,
              41.6475
            ],
            [
              -72.90629,
              41.65105
            ],
            [
              -72.90121,
              41.65171
            ],
            [
              -72.9018,
              41.66327
            ],
            [
              -72.89683,
              41.66374
            ],
            [
              -72.89769,
              41.66887
            ],
            [
              -72.90612,
              41.66828
            ],
            [
              -72.90638,
              41.67057
            ],
            [
              -72.90467,
              41.67187
            ],
            [
              -72.90734,
              41.67194
            ],
            [
              -72.9179,
              41.66869
            ],
            [
              -72.92261,
              41.6692
            ],
            [
              -72.92277,
              41.66808
            ],
            [
              -72.9211,
              41.66494
            ],
            [
              -72.92232,
              41.66414
            ],
            [
              -72.92308,
              41.6525
            ],
            [
              -72.92405,
              41.65032
            ]
          ]
        ]
      },
      "properties": {
        "geoid": "09003405402",
        "name": "Census Tract 4054.02",
        "town": "",
        "total": 1,
        "undefined": 1
      }
    },
    {
      "type": "Feature",
      "geometry": {
        "type": "Polygon",
        "coordinates": [
          [
            [
              -72.98947,
              41.66958
            ],
            [
              -72.98325,
              41.6396
            ],
            [
              -72.96393,
              41.64132
            ],
            [
              -72.96379,
              41.64808
            ],
            [
              -72.96555,
              41.65116
            ],
            [
              -72.9658,
              41.65436
            ],
            [
              -72.96495,
              41.65639
            ],
            [
              -72.96298,
              41.65747
            ],
            [
              -72.96146,
              41.65982
            ],
            [
              -72.94891,
              41.66242
            ],
            [
              -72.94526,
              41.66632
            ],
            [
              -72.94535,
              41.66782
            ],
            [
              -72.94791,
              41.6674
            ],
            [
              -72.94944,
              41.67179
            ],
            [
              -72.9568,
              41.67252
            ],
            [
              -72.96992,
              41.67044
            ],
            [
              -72.97749,
              41.67138
            ],
            [
              -72.9821,
              41.67006
            ],
            [
              -72.98559,
              41.67041
            ],
            [
              -72.98947,
              41.66958
            ]
          ]
        ]
      },
      "properties": {
        "geoid": "09003405600",
        "name": "Census Tract 4056",
        "town": "",
        "total": 1,
        "undefined": 1
      }
    },
    {
      "type": "Feature",
      "geometry": {
        "type": "Polygon",
        "coordinates": [
          [
            [
              -72.94809,
              41.7176
            ],
            [
              -72.94511,
              41.71148
            ],
            [
              -72.94782,
              41.70668
            ],
            [
              -72.9467,
              41.70247
            ],
            [
              -72.94493,
              41.69976
            ],
            [
              -72.94458,
              41.69401
            ],
            [
              -72.94241,
              41.68687
            ],
            [
              -72.94228,
              41.68226
            ],
            [
              -72.93575,
              41.68719
            ],
            [
              -72.92735,
              41.68962
            ],
            [
              -72.92859,
              41.69601
            ],
            [
              -72.92751,
              41.70396
            ],
            [
              -72.9287,
              41.70991
            ],
            [
              -72.92735,
              41.71494
            ],
            [
              -72.92695,
              41.72038
            ],
            [
              -72.94308,
              41.71884
            ],
            [
              -72.94809,
              41.7176
            ]
          ]
        ]
      },
      "properties": {
        "geoid": "09003405900",
        "name": "Census Tract 4059",
        "town": "",
        "total": 2,
        "undefined": 2
      }
    },
    {
      "type": "Feature",
      "geometry": {
        "type": "Polygon",
        "coordinates": [
          [
            [
              -72.91514,
              41.71996
            ],
            [
              -72.91018,
              41.69925
            ],
            [
              -72.90837,
              41.69581
            ],
            [
              -72.90265,
              41.69783
            ],
            [
              -72.89371,
              41.69958
            ],
            [
              -72.89564,
              41.7124
            ],
            [
              -72.89827,
              41.72318
            ],
            [
              -72.91448,
              41.72151
            ],
            [
              -72.91514,
              41.71996
            ]
          ]
        ]
      },
      "properties": {
        "geoid": "09003406002",
        "name": "Census Tract 4060.02",
        "town": "",
        "total": 1,
        "undefined": 1
      }
    },
    {
      "type": "Feature",
      "geometry": {
        "type": "Polygon",
        "coordinates": [
          [
            [
              -72.78792,
              41.68178
            ],
            [
              -72.78755,
              41.68021
            ],
            [
              -72.78573,
              41.67831
            ],
            [
              -72.78456,
              41.67344
            ],
            [
              -72.78116,
              41.67262
            ],
            [
              -72.77958,
              41.67298
            ],
            [
              -72.7794,
              41.67188
            ],
            [
              -72.77859,
              41.67182
            ],
            [
              -72.77677,
              41.672
            ],
            [
              -72.77702,
              41.67382
            ],
            [
              -72.77511,
              41.67403
            ],
            [
              -72.77621,
              41.68266
            ],
            [
              -72.78792,
              41.68178
            ]
          ]
        ]
      },
      "properties": {
        "geoid": "09003416100",
        "name": "Census Tract 4161",
        "town": "",
        "total": 1,
        "undefined": 1
      }
    },
    {
      "type": "Feature",
      "geometry": {
        "type": "Polygon",
        "coordinates": [
          [
            [
              -72.77668,
              41.67094
            ],
            [
              -72.75443,
              41.6721
            ],
            [
              -72.75755,
              41.68874
            ],
            [
              -72.7619,
              41.68416
            ],
            [
              -72.76762,
              41.68356
            ],
            [
              -72.76917,
              41.67753
            ],
            [
              -72.77668,
              41.67094
            ]
          ]
        ]
      },
      "properties": {
        "geoid": "09003416300",
        "name": "Census Tract 4163",
        "town": "",
        "total": 2,
        "undefined": 2
      }
    },
    {
      "type": "Feature",
      "geometry": {
        "type": "Polygon",
        "coordinates": [
          [
            [
              -72.82562,
              41.66849
            ],
            [
              -72.82257,
              41.65571
            ],
            [
              -72.82074,
              41.65572
            ],
            [
              -72.81919,
              41.645
            ],
            [
              -72.79116,
              41.64748
            ],
            [
              -72.79809,
              41.65611
            ],
            [
              -72.80615,
              41.66364
            ],
            [
              -72.80674,
              41.66534
            ],
            [
              -72.81268,
              41.66702
            ],
            [
              -72.82562,
              41.66849
            ]
          ]
        ]
      },
      "properties": {
        "geoid": "09003416400",
        "name": "Census Tract 4164",
        "town": "",
        "total": 2,
        "undefined": 2
      }
    },
    {
      "type": "Feature",
      "geometry": {
        "type": "Polygon",
        "coordinates": [
          [
            [
              -72.81431,
              41.68829
            ],
            [
              -72.81209,
              41.68827
            ],
            [
              -72.80816,
              41.68548
            ],
            [
              -72.80211,
              41.68423
            ],
            [
              -72.79627,
              41.68435
            ],
            [
              -72.7932,
              41.68342
            ],
            [
              -72.78857,
              41.68552
            ],
            [
              -72.79118,
              41.69438
            ],
            [
              -72.79137,
              41.69806
            ],
            [
              -72.79595,
              41.7034
            ],
            [
              -72.8101,
              41.69183
            ],
            [
              -72.8111,
              41.69225
            ],
            [
              -72.81201,
              41.69023
            ],
            [
              -72.81431,
              41.68829
            ]
          ]
        ]
      },
      "properties": {
        "geoid": "09003416700",
        "name": "Census Tract 4167",
        "town": "",
        "total": 1,
        "undefined": 1
      }
    },
    {
      "type": "Feature",
      "geometry": {
        "type": "Polygon",
        "coordinates": [
          [
            [
              -72.77038,
              41.68845
            ],
            [
              -72.7678,
              41.68496
            ],
            [
              -72.76762,
              41.68356
            ],
            [
              -72.7619,
              41.68416
            ],
            [
              -72.75755,
              41.68874
            ],
            [
              -72.75824,
              41.69344
            ],
            [
              -72.75982,
              41.69143
            ],
            [
              -72.76408,
              41.69128
            ],
            [
              -72.7669,
              41.68866
            ],
            [
              -72.77038,
              41.68845
            ]
          ]
        ]
      },
      "properties": {
        "geoid": "09003417200",
        "name": "Census Tract 4172",
        "town": "",
        "total": 1,
        "undefined": 1
      }
    },
    {
      "type": "Feature",
      "geometry": {
        "type": "Polygon",
        "coordinates": [
          [
            [
              -72.7782,
              41.71362
            ],
            [
              -72.77664,
              41.71198
            ],
            [
              -72.77563,
              41.70685
            ],
            [
              -72.77598,
              41.70503
            ],
            [
              -72.77389,
              41.69666
            ],
            [
              -72.77227,
              41.69559
            ],
            [
              -72.77135,
              41.69235
            ],
            [
              -72.76908,
              41.69281
            ],
            [
              -72.76672,
              41.69493
            ],
            [
              -72.76221,
              41.69566
            ],
            [
              -72.76098,
              41.69815
            ],
            [
              -72.75906,
              41.69876
            ],
            [
              -72.76197,
              41.7158
            ],
            [
              -72.7782,
              41.71362
            ]
          ]
        ]
      },
      "properties": {
        "geoid": "09003417400",
        "name": "Census Tract 4174",
        "town": "",
        "total": 1,
        "undefined": 1
      }
    },
    {
      "type": "Feature",
      "geometry": {
        "type": "Polygon",
        "coordinates": [
          [
            [
              -72.79595,
              41.7034
            ],
            [
              -72.79137,
              41.69806
            ],
            [
              -72.79118,
              41.69438
            ],
            [
              -72.78805,
              41.68247
            ],
            [
              -72.78399,
              41.68597
            ],
            [
              -72.78245,
              41.69039
            ],
            [
              -72.77311,
              41.69149
            ],
            [
              -72.77135,
              41.69235
            ],
            [
              -72.77227,
              41.69559
            ],
            [
              -72.77389,
              41.69666
            ],
            [
              -72.77598,
              41.70503
            ],
            [
              -72.77563,
              41.70685
            ],
            [
              -72.77664,
              41.71198
            ],
            [
              -72.7782,
              41.71362
            ],
            [
              -72.78299,
              41.71284
            ],
            [
              -72.79595,
              41.7034
            ]
          ]
        ]
      },
      "properties": {
        "geoid": "09003417500",
        "name": "Census Tract 4175",
        "town": "",
        "total": 2,
        "undefined": 2
      }
    },
    {
      "type": "Feature",
      "geometry": {
        "type": "Polygon",
        "coordinates": [
          [
            [
              -72.86623,
              41.65152
            ],
            [
              -72.82257,
              41.65571
            ],
            [
              -72.82562,
              41.66849
            ],
            [
              -72.82341,
              41.67257
            ],
            [
              -72.81978,
              41.6831
            ],
            [
              -72.81544,
              41.68782
            ],
            [
              -72.83582,
              41.69088
            ],
            [
              -72.83523,
              41.68977
            ],
            [
              -72.83571,
              41.6886
            ],
            [
              -72.83923,
              41.68681
            ],
            [
              -72.84138,
              41.68616
            ],
            [
              -72.84152,
              41.68673
            ],
            [
              -72.84619,
              41.68648
            ],
            [
              -72.84687,
              41.67867
            ],
            [
              -72.84666,
              41.67779
            ],
            [
              -72.84502,
              41.67758
            ],
            [
              -72.84643,
              41.67413
            ],
            [
              -72.84408,
              41.67155
            ],
            [
              -72.84464,
              41.6687
            ],
            [
              -72.85208,
              41.67042
            ],
            [
              -72.85389,
              41.6673
            ],
            [
              -72.85279,
              41.66478
            ],
            [
              -72.8544,
              41.65862
            ],
            [
              -72.85703,
              41.65807
            ],
            [
              -72.85876,
              41.65664
            ],
            [
              -72.86318,
              41.65687
            ],
            [
              -72.8654,
              41.65508
            ],
            [
              -72.86623,
              41.65152
            ]
          ]
        ]
      },
      "properties": {
        "geoid": "09003420700",
        "name": "Census Tract 4207",
        "town": "",
        "total": 3,
        "undefined": 3
      }
    },
    {
      "type": "Feature",
      "geometry": {
        "type": "Polygon",
        "coordinates": [
          [
            [
              -72.89232,
              41.58767
            ],
            [
              -72.89014,
              41.58734
            ],
            [
              -72.88601,
              41.58906
            ],
            [
              -72.87974,
              41.5868
            ],
            [
              -72.87228,
              41.5876
            ],
            [
              -72.86932,
              41.58489
            ],
            [
              -72.8691,
              41.58135
            ],
            [
              -72.86545,
              41.58173
            ],
            [
              -72.86635,
              41.58801
            ],
            [
              -72.86489,
              41.59121
            ],
            [
              -72.86543,
              41.59235
            ],
            [
              -72.86477,
              41.59362
            ],
            [
              -72.865,
              41.59626
            ],
            [
              -72.86937,
              41.59581
            ],
            [
              -72.87011,
              41.59747
            ],
            [
              -72.87303,
              41.59942
            ],
            [
              -72.87113,
              41.60202
            ],
            [
              -72.8668,
              41.60287
            ],
            [
              -72.8646,
              41.60442
            ],
            [
              -72.86774,
              41.60672
            ],
            [
              -72.86797,
              41.60786
            ],
            [
              -72.87117,
              41.60781
            ],
            [
              -72.87429,
              41.60628
            ],
            [
              -72.87811,
              41.60608
            ],
            [
              -72.87814,
              41.60464
            ],
            [
              -72.88052,
              41.60441
            ],
            [
              -72.89232,
              41.58767
            ]
          ]
        ]
      },
      "properties": {
        "geoid": "09003430100",
        "name": "Census Tract 4301",
        "town": "",
        "total": 1,
        "undefined": 1
      }
    },
    {
      "type": "Feature",
      "geometry": {
        "type": "Polygon",
        "coordinates": [
          [
            [
              -72.87303,
              41.59942
            ],
            [
              -72.87011,
              41.59747
            ],
            [
              -72.86937,
              41.59581
            ],
            [
              -72.865,
              41.59626
            ],
            [
              -72.86477,
              41.59362
            ],
            [
              -72.86543,
              41.59235
            ],
            [
              -72.86489,
              41.59121
            ],
            [
              -72.86635,
              41.58801
            ],
            [
              -72.86545,
              41.58173
            ],
            [
              -72.84258,
              41.58442
            ],
            [
              -72.84241,
              41.59493
            ],
            [
              -72.84453,
              41.60702
            ],
            [
              -72.86368,
              41.6048
            ],
            [
              -72.8668,
              41.60287
            ],
            [
              -72.87113,
              41.60202
            ],
            [
              -72.87303,
              41.59942
            ]
          ]
        ]
      },
      "properties": {
        "geoid": "09003430203",
        "name": "Census Tract 4302.03",
        "town": "",
        "total": 1,
        "undefined": 1
      }
    },
    {
      "type": "Feature",
      "geometry": {
        "type": "Polygon",
        "coordinates": [
          [
            [
              -72.89317,
              41.61878
            ],
            [
              -72.89095,
              41.61733
            ],
            [
              -72.88004,
              41.61654
            ],
            [
              -72.87937,
              41.61455
            ],
            [
              -72.87776,
              41.61328
            ],
            [
              -72.88052,
              41.60441
            ],
            [
              -72.87814,
              41.60464
            ],
            [
              -72.87811,
              41.60608
            ],
            [
              -72.87429,
              41.60628
            ],
            [
              -72.87117,
              41.60781
            ],
            [
              -72.85804,
              41.60882
            ],
            [
              -72.85834,
              41.61295
            ],
            [
              -72.86024,
              41.61882
            ],
            [
              -72.87335,
              41.61644
            ],
            [
              -72.87387,
              41.61763
            ],
            [
              -72.8731,
              41.62294
            ],
            [
              -72.87362,
              41.63181
            ],
            [
              -72.88436,
              41.62399
            ],
            [
              -72.89317,
              41.61878
            ]
          ]
        ]
      },
      "properties": {
        "geoid": "09003430603",
        "name": "Census Tract 4306.03",
        "town": "",
        "total": 1,
        "undefined": 1
      }
    },
    {
      "type": "Feature",
      "geometry": {
        "type": "Polygon",
        "coordinates": [
          [
            [
              -72.89131,
              41.74131
            ],
            [
              -72.89094,
              41.73653
            ],
            [
              -72.8851,
              41.73779
            ],
            [
              -72.88102,
              41.73691
            ],
            [
              -72.86194,
              41.72794
            ],
            [
              -72.85709,
              41.75493
            ],
            [
              -72.85314,
              41.7621
            ],
            [
              -72.87322,
              41.76401
            ],
            [
              -72.87825,
              41.76142
            ],
            [
              -72.88319,
              41.75565
            ],
            [
              -72.88683,
              41.75601
            ],
            [
              -72.88619,
              41.7495
            ],
            [
              -72.88795,
              41.74568
            ],
            [
              -72.89131,
              41.74131
            ]
          ]
        ]
      },
      "properties": {
        "geoid": "09003460301",
        "name": "Census Tract 4603.01",
        "town": "",
        "total": 1,
        "undefined": 1
      }
    },
    {
      "type": "Feature",
      "geometry": {
        "type": "Polygon",
        "coordinates": [
          [
            [
              -72.89314,
              41.79186
            ],
            [
              -72.89255,
              41.7832
            ],
            [
              -72.89038,
              41.77924
            ],
            [
              -72.89085,
              41.76752
            ],
            [
              -72.8898,
              41.76508
            ],
            [
              -72.88105,
              41.76548
            ],
            [
              -72.8579,
              41.76251
            ],
            [
              -72.86033,
              41.77149
            ],
            [
              -72.86292,
              41.77624
            ],
            [
              -72.86405,
              41.78115
            ],
            [
              -72.86444,
              41.7843
            ],
            [
              -72.86335,
              41.78986
            ],
            [
              -72.86546,
              41.78966
            ],
            [
              -72.86732,
              41.79172
            ],
            [
              -72.87144,
              41.79896
            ],
            [
              -72.87145,
              41.80151
            ],
            [
              -72.87551,
              41.80128
            ],
            [
              -72.8733,
              41.80446
            ],
            [
              -72.87323,
              41.80702
            ],
            [
              -72.8749,
              41.81103
            ],
            [
              -72.8747,
              41.81565
            ],
            [
              -72.88795,
              41.8139
            ],
            [
              -72.88735,
              41.80847
            ],
            [
              -72.8887,
              41.80167
            ],
            [
              -72.89101,
              41.79494
            ],
            [
              -72.89314,
              41.79186
            ]
          ]
        ]
      },
      "properties": {
        "geoid": "09003462101",
        "name": "Census Tract 4621.01",
        "town": "",
        "total": 2,
        "undefined": 2
      }
    },
    {
      "type": "Feature",
      "geometry": {
        "type": "Polygon",
        "coordinates": [
          [
            [
              -72.87535,
              41.80154
            ],
            [
              -72.87145,
              41.80151
            ],
            [
              -72.87144,
              41.79896
            ],
            [
              -72.86732,
              41.79172
            ],
            [
              -72.86546,
              41.78966
            ],
            [
              -72.86335,
              41.78986
            ],
            [
              -72.86444,
              41.7843
            ],
            [
              -72.86405,
              41.78115
            ],
            [
              -72.86292,
              41.77624
            ],
            [
              -72.86033,
              41.77149
            ],
            [
              -72.8579,
              41.76251
            ],
            [
              -72.82046,
              41.75795
            ],
            [
              -72.82484,
              41.76567
            ],
            [
              -72.82423,
              41.77023
            ],
            [
              -72.82111,
              41.77259
            ],
            [
              -72.82159,
              41.77831
            ],
            [
              -72.82481,
              41.78375
            ],
            [
              -72.83082,
              41.78435
            ],
            [
              -72.83258,
              41.78532
            ],
            [
              -72.83211,
              41.7924
            ],
            [
              -72.83015,
              41.79746
            ],
            [
              -72.82999,
              41.80217
            ],
            [
              -72.82765,
              41.80428
            ],
            [
              -72.82415,
              41.80533
            ],
            [
              -72.81999,
              41.81019
            ],
            [
              -72.8207,
              41.81302
            ],
            [
              -72.82401,
              41.81454
            ],
            [
              -72.81976,
              41.82029
            ],
            [
              -72.81931,
              41.82243
            ],
            [
              -72.8747,
              41.81565
            ],
            [
              -72.8749,
              41.81103
            ],
            [
              -72.87323,
              41.80702
            ],
            [
              -72.8733,
              41.80446
            ],
            [
              -72.87535,
              41.80154
            ]
          ]
        ]
      },
      "properties": {
        "geoid": "09003462201",
        "name": "Census Tract 4622.01",
        "town": "",
        "total": 2,
        "undefined": 2
      }
    },
    {
      "type": "Feature",
      "geometry": {
        "type": "Polygon",
        "coordinates": [
          [
            [
              -72.83254,
              41.78555
            ],
            [
              -72.83082,
              41.78435
            ],
            [
              -72.82544,
              41.78402
            ],
            [
              -72.82412,
              41.78329
            ],
            [
              -72.82159,
              41.77831
            ],
            [
              -72.82111,
              41.77259
            ],
            [
              -72.82423,
              41.77023
            ],
            [
              -72.82484,
              41.76567
            ],
            [
              -72.82046,
              41.75795
            ],
            [
              -72.79674,
              41.7588
            ],
            [
              -72.80004,
              41.79183
            ],
            [
              -72.79894,
              41.79193
            ],
            [
              -72.79847,
              41.79384
            ],
            [
              -72.79724,
              41.8047
            ],
            [
              -72.79833,
              41.81102
            ],
            [
              -72.79783,
              41.81432
            ],
            [
              -72.79856,
              41.82493
            ],
            [
              -72.81931,
              41.82243
            ],
            [
              -72.81976,
              41.82029
            ],
            [
              -72.82401,
              41.81454
            ],
            [
              -72.8207,
              41.81302
            ],
            [
              -72.81999,
              41.81019
            ],
            [
              -72.82415,
              41.80533
            ],
            [
              -72.82765,
              41.80428
            ],
            [
              -72.82999,
              41.80217
            ],
            [
              -72.83015,
              41.79746
            ],
            [
              -72.83211,
              41.7924
            ],
            [
              -72.83254,
              41.78555
            ]
          ]
        ]
      },
      "properties": {
        "geoid": "09003462202",
        "name": "Census Tract 4622.02",
        "town": "",
        "total": 1,
        "undefined": 1
      }
    },
    {
      "type": "Feature",
      "geometry": {
        "type": "Polygon",
        "coordinates": [
          [
            [
              -72.87434,
              41.87093
            ],
            [
              -72.87302,
              41.83739
            ],
            [
              -72.87176,
              41.83968
            ],
            [
              -72.86949,
              41.84137
            ],
            [
              -72.85078,
              41.84057
            ],
            [
              -72.84891,
              41.84153
            ],
            [
              -72.84447,
              41.84202
            ],
            [
              -72.83786,
              41.84566
            ],
            [
              -72.82824,
              41.84058
            ],
            [
              -72.8166,
              41.83774
            ],
            [
              -72.81673,
              41.83722
            ],
            [
              -72.81552,
              41.8378
            ],
            [
              -72.81257,
              41.83567
            ],
            [
              -72.80933,
              41.8356
            ],
            [
              -72.8101,
              41.84177
            ],
            [
              -72.80674,
              41.84514
            ],
            [
              -72.80767,
              41.84828
            ],
            [
              -72.81016,
              41.85098
            ],
            [
              -72.81011,
              41.85309
            ],
            [
              -72.80311,
              41.85879
            ],
            [
              -72.8019,
              41.86197
            ],
            [
              -72.80186,
              41.86612
            ],
            [
              -72.79865,
              41.86928
            ],
            [
              -72.8037,
              41.87087
            ],
            [
              -72.81357,
              41.86992
            ],
            [
              -72.82465,
              41.87009
            ],
            [
              -72.82687,
              41.86912
            ],
            [
              -72.83589,
              41.86838
            ],
            [
              -72.84838,
              41.87003
            ],
            [
              -72.85835,
              41.87319
            ],
            [
              -72.86224,
              41.87264
            ],
            [
              -72.86373,
              41.8701
            ],
            [
              -72.87318,
              41.87199
            ],
            [
              -72.87434,
              41.87093
            ]
          ]
        ]
      },
      "properties": {
        "geoid": "09003466101",
        "name": "Census Tract 4661.01",
        "town": "",
        "total": 2,
        "undefined": 2
      }
    },
    {
      "type": "Feature",
      "geometry": {
        "type": "Polygon",
        "coordinates": [
          [
            [
              -72.87664,
              41.9208
            ],
            [
              -72.87434,
              41.87093
            ],
            [
              -72.87318,
              41.87199
            ],
            [
              -72.86373,
              41.8701
            ],
            [
              -72.86224,
              41.87264
            ],
            [
              -72.85835,
              41.87319
            ],
            [
              -72.84838,
              41.87003
            ],
            [
              -72.83571,
              41.86838
            ],
            [
              -72.82687,
              41.86912
            ],
            [
              -72.82465,
              41.87009
            ],
            [
              -72.81357,
              41.86992
            ],
            [
              -72.80828,
              41.87068
            ],
            [
              -72.80861,
              41.87163
            ],
            [
              -72.81313,
              41.87396
            ],
            [
              -72.8163,
              41.87697
            ],
            [
              -72.81787,
              41.88176
            ],
            [
              -72.82753,
              41.88669
            ],
            [
              -72.83229,
              41.8921
            ],
            [
              -72.83177,
              41.89338
            ],
            [
              -72.83267,
              41.89461
            ],
            [
              -72.83226,
              41.89759
            ],
            [
              -72.83316,
              41.8979
            ],
            [
              -72.83339,
              41.89921
            ],
            [
              -72.83172,
              41.90181
            ],
            [
              -72.82932,
              41.90185
            ],
            [
              -72.82564,
              41.90496
            ],
            [
              -72.82672,
              41.9055
            ],
            [
              -72.82623,
              41.90815
            ],
            [
              -72.82734,
              41.91121
            ],
            [
              -72.82665,
              41.91517
            ],
            [
              -72.82722,
              41.91796
            ],
            [
              -72.82643,
              41.91891
            ],
            [
              -72.87664,
              41.9208
            ]
          ]
        ]
      },
      "properties": {
        "geoid": "09003466202",
        "name": "Census Tract 4662.02",
        "town": "",
        "total": 1,
        "undefined": 1
      }
    },
    {
      "type": "Feature",
      "geometry": {
        "type": "Polygon",
        "coordinates": [
          [
            [
              -72.90539,
              41.92325
            ],
            [
              -72.90594,
              41.9217
            ],
            [
              -72.82643,
              41.91891
            ],
            [
              -72.82547,
              41.91973
            ],
            [
              -72.82584,
              41.92081
            ],
            [
              -72.82462,
              41.92305
            ],
            [
              -72.82146,
              41.92638
            ],
            [
              -72.82146,
              41.92941
            ],
            [
              -72.82007,
              41.93426
            ],
            [
              -72.8213,
              41.93656
            ],
            [
              -72.82099,
              41.93786
            ],
            [
              -72.81784,
              41.94434
            ],
            [
              -72.81582,
              41.9467
            ],
            [
              -72.81587,
              41.94995
            ],
            [
              -72.8122,
              41.95309
            ],
            [
              -72.8096,
              41.96037
            ],
            [
              -72.80664,
              41.96493
            ],
            [
              -72.80494,
              41.96889
            ],
            [
              -72.80615,
              41.97003
            ],
            [
              -72.80034,
              41.97092
            ],
            [
              -72.79479,
              41.96915
            ],
            [
              -72.79356,
              41.96762
            ],
            [
              -72.79143,
              41.96698
            ],
            [
              -72.78325,
              41.96807
            ],
            [
              -72.77911,
              41.97646
            ],
            [
              -72.77046,
              41.98771
            ],
            [
              -72.77841,
              41.98944
            ],
            [
              -72.77469,
              42.00239
            ],
            [
              -72.81705,
              41.99769
            ],
            [
              -72.81378,
              42.03674
            ],
            [
              -72.86364,
              42.03753
            ],
            [
              -72.86382,
              42.03538
            ],
            [
              -72.87454,
              42.00882
            ],
            [
              -72.90539,
              41.92325
            ]
          ]
        ]
      },
      "properties": {
        "geoid": "09003468101",
        "name": "Census Tract 4681.01",
        "town": "",
        "total": 1,
        "undefined": 1
      }
    },
    {
      "type": "Feature",
      "geometry": {
        "type": "Polygon",
        "coordinates": [
          [
            [
              -72.82617,
              41.9191
            ],
            [
              -72.78544,
              41.918
            ],
            [
              -72.76294,
              41.9859
            ],
            [
              -72.77046,
              41.98771
            ],
            [
              -72.77911,
              41.97646
            ],
            [
              -72.78325,
              41.96807
            ],
            [
              -72.79143,
              41.96698
            ],
            [
              -72.79356,
              41.96762
            ],
            [
              -72.79479,
              41.96915
            ],
            [
              -72.80034,
              41.97092
            ],
            [
              -72.80615,
              41.97003
            ],
            [
              -72.80494,
              41.96889
            ],
            [
              -72.80664,
              41.96493
            ],
            [
              -72.8096,
              41.96037
            ],
            [
              -72.8122,
              41.95309
            ],
            [
              -72.81587,
              41.94995
            ],
            [
              -72.81582,
              41.9467
            ],
            [
              -72.81784,
              41.94434
            ],
            [
              -72.82099,
              41.93786
            ],
            [
              -72.8213,
              41.93656
            ],
            [
              -72.82007,
              41.93426
            ],
            [
              -72.82146,
              41.92941
            ],
            [
              -72.82146,
              41.92638
            ],
            [
              -72.82515,
              41.92225
            ],
            [
              -72.82617,
              41.9191
            ]
          ]
        ]
      },
      "properties": {
        "geoid": "09003468102",
        "name": "Census Tract 4681.02",
        "town": "",
        "total": 1,
        "undefined": 1
      }
    },
    {
      "type": "Feature",
      "geometry": {
        "type": "Polygon",
        "coordinates": [
          [
            [
              -72.78542,
              41.91811
            ],
            [
              -72.76815,
              41.91772
            ],
            [
              -72.76751,
              41.91515
            ],
            [
              -72.76504,
              41.91539
            ],
            [
              -72.7649,
              41.91324
            ],
            [
              -72.76219,
              41.91183
            ],
            [
              -72.75893,
              41.90815
            ],
            [
              -72.75866,
              41.90706
            ],
            [
              -72.76095,
              41.9053
            ],
            [
              -72.7605,
              41.90292
            ],
            [
              -72.74848,
              41.89645
            ],
            [
              -72.74393,
              41.89574
            ],
            [
              -72.73781,
              41.89238
            ],
            [
              -72.72923,
              41.91559
            ],
            [
              -72.72221,
              41.92793
            ],
            [
              -72.71334,
              41.92694
            ],
            [
              -72.69535,
              41.92227
            ],
            [
              -72.69351,
              41.92878
            ],
            [
              -72.69746,
              41.92531
            ],
            [
              -72.70029,
              41.92482
            ],
            [
              -72.70475,
              41.92591
            ],
            [
              -72.70929,
              41.9291
            ],
            [
              -72.70655,
              41.93651
            ],
            [
              -72.70417,
              41.93595
            ],
            [
              -72.70245,
              41.93929
            ],
            [
              -72.69929,
              41.9401
            ],
            [
              -72.69729,
              41.94543
            ],
            [
              -72.69356,
              41.9465
            ],
            [
              -72.6882,
              41.9462
            ],
            [
              -72.68764,
              41.9481
            ],
            [
              -72.71617,
              41.9498
            ],
            [
              -72.70762,
              41.97335
            ],
            [
              -72.70852,
              41.97383
            ],
            [
              -72.76294,
              41.9859
            ],
            [
              -72.78542,
              41.91811
            ]
          ]
        ]
      },
      "properties": {
        "geoid": "09003470100",
        "name": "Census Tract 4701",
        "town": "",
        "total": 1,
        "undefined": 1
      }
    },
    {
      "type": "Feature",
      "geometry": {
        "type": "Polygon",
        "coordinates": [
          [
            [
              -72.69868,
              41.83527
            ],
            [
              -72.69482,
              41.81434
            ],
            [
              -72.69557,
              41.80728
            ],
            [
              -72.69139,
              41.80757
            ],
            [
              -72.69008,
              41.80084
            ],
            [
              -72.68604,
              41.80017
            ],
            [
              -72.68681,
              41.82357
            ],
            [
              -72.68807,
              41.83707
            ],
            [
              -72.69336,
              41.83521
            ],
            [
              -72.69868,
              41.83527
            ]
          ]
        ]
      },
      "properties": {
        "geoid": "09003471100",
        "name": "Census Tract 4711",
        "town": "",
        "total": 5,
        "undefined": 5
      }
    },
    {
      "type": "Feature",
      "geometry": {
        "type": "Polygon",
        "coordinates": [
          [
            [
              -72.75264,
              41.81852
            ],
            [
              -72.75151,
              41.81712
            ],
            [
              -72.74781,
              41.81671
            ],
            [
              -72.74908,
              41.81265
            ],
            [
              -72.74896,
              41.80917
            ],
            [
              -72.75062,
              41.80595
            ],
            [
              -72.71495,
              41.80665
            ],
            [
              -72.72214,
              41.81638
            ],
            [
              -72.72095,
              41.81743
            ],
            [
              -72.72154,
              41.8196
            ],
            [
              -72.72069,
              41.82072
            ],
            [
              -72.7214,
              41.82281
            ],
            [
              -72.71939,
              41.82752
            ],
            [
              -72.71992,
              41.82817
            ],
            [
              -72.71925,
              41.82832
            ],
            [
              -72.72006,
              41.82948
            ],
            [
              -72.71943,
              41.83249
            ],
            [
              -72.72026,
              41.83613
            ],
            [
              -72.72635,
              41.83763
            ],
            [
              -72.73346,
              41.8376
            ],
            [
              -72.73365,
              41.83836
            ],
            [
              -72.74552,
              41.84129
            ],
            [
              -72.75264,
              41.81852
            ]
          ]
        ]
      },
      "properties": {
        "geoid": "09003471300",
        "name": "Census Tract 4713",
        "town": "",
        "total": 3,
        "undefined": 3
      }
    },
    {
      "type": "Feature",
      "geometry": {
        "type": "Polygon",
        "coordinates": [
          [
            [
              -72.79855,
              41.82489
            ],
            [
              -72.79783,
              41.81432
            ],
            [
              -72.79833,
              41.81102
            ],
            [
              -72.79724,
              41.8047
            ],
            [
              -72.75062,
              41.80595
            ],
            [
              -72.74896,
              41.80917
            ],
            [
              -72.74908,
              41.81265
            ],
            [
              -72.74781,
              41.81671
            ],
            [
              -72.75151,
              41.81712
            ],
            [
              -72.75264,
              41.81852
            ],
            [
              -72.74591,
              41.84031
            ],
            [
              -72.74552,
              41.84129
            ],
            [
              -72.7382,
              41.83953
            ],
            [
              -72.74089,
              41.84555
            ],
            [
              -72.73975,
              41.85311
            ],
            [
              -72.74001,
              41.87505
            ],
            [
              -72.74061,
              41.87681
            ],
            [
              -72.74296,
              41.87735
            ],
            [
              -72.73781,
              41.89238
            ],
            [
              -72.74393,
              41.89574
            ],
            [
              -72.74848,
              41.89645
            ],
            [
              -72.75907,
              41.90196
            ],
            [
              -72.76098,
              41.90347
            ],
            [
              -72.76058,
              41.90571
            ],
            [
              -72.76505,
              41.90261
            ],
            [
              -72.76695,
              41.89589
            ],
            [
              -72.77139,
              41.88512
            ],
            [
              -72.7704,
              41.88079
            ],
            [
              -72.78444,
              41.8557
            ],
            [
              -72.78516,
              41.84341
            ],
            [
              -72.78349,
              41.83656
            ],
            [
              -72.78444,
              41.83331
            ],
            [
              -72.78334,
              41.82691
            ],
            [
              -72.79855,
              41.82489
            ]
          ]
        ]
      },
      "properties": {
        "geoid": "09003471400",
        "name": "Census Tract 4714",
        "town": "",
        "total": 1,
        "undefined": 1
      }
    },
    {
      "type": "Feature",
      "geometry": {
        "type": "Polygon",
        "coordinates": [
          [
            [
              -72.68902,
              41.8532
            ],
            [
              -72.68681,
              41.82357
            ],
            [
              -72.68614,
              41.8029
            ],
            [
              -72.66107,
              41.80708
            ],
            [
              -72.66467,
              41.81358
            ],
            [
              -72.66601,
              41.82005
            ],
            [
              -72.66509,
              41.84797
            ],
            [
              -72.66304,
              41.8603
            ],
            [
              -72.66695,
              41.86182
            ],
            [
              -72.67026,
              41.86185
            ],
            [
              -72.67405,
              41.85772
            ],
            [
              -72.67652,
              41.85682
            ],
            [
              -72.68007,
              41.84914
            ],
            [
              -72.68485,
              41.84996
            ],
            [
              -72.68902,
              41.8532
            ]
          ]
        ]
      },
      "properties": {
        "geoid": "09003473100",
        "name": "Census Tract 4731",
        "town": "",
        "total": 1,
        "undefined": 1
      }
    },
    {
      "type": "Feature",
      "geometry": {
        "type": "Polygon",
        "coordinates": [
          [
            [
              -72.65963,
              41.88256
            ],
            [
              -72.65736,
              41.87899
            ],
            [
              -72.65697,
              41.87495
            ],
            [
              -72.65366,
              41.87349
            ],
            [
              -72.64813,
              41.87415
            ],
            [
              -72.64747,
              41.87362
            ],
            [
              -72.64767,
              41.86997
            ],
            [
              -72.65023,
              41.86715
            ],
            [
              -72.64989,
              41.86518
            ],
            [
              -72.64334,
              41.85991
            ],
            [
              -72.64231,
              41.8582
            ],
            [
              -72.63815,
              41.85671
            ],
            [
              -72.63594,
              41.85387
            ],
            [
              -72.63669,
              41.8509
            ],
            [
              -72.63826,
              41.84964
            ],
            [
              -72.63939,
              41.8461
            ],
            [
              -72.63679,
              41.84523
            ],
            [
              -72.6344,
              41.84551
            ],
            [
              -72.63129,
              41.8437
            ],
            [
              -72.62917,
              41.84508
            ],
            [
              -72.62561,
              41.84573
            ],
            [
              -72.61926,
              41.8683
            ],
            [
              -72.61969,
              41.88284
            ],
            [
              -72.62044,
              41.8904
            ],
            [
              -72.62154,
              41.89318
            ],
            [
              -72.62069,
              41.89771
            ],
            [
              -72.62173,
              41.9046
            ],
            [
              -72.63543,
              41.90331
            ],
            [
              -72.64307,
              41.89443
            ],
            [
              -72.65482,
              41.88749
            ],
            [
              -72.65963,
              41.88256
            ]
          ]
        ]
      },
      "properties": {
        "geoid": "09003473601",
        "name": "Census Tract 4736.01",
        "town": "",
        "total": 1,
        "undefined": 1
      }
    },
    {
      "type": "Feature",
      "geometry": {
        "type": "Polygon",
        "coordinates": [
          [
            [
              -72.66608,
              41.82303
            ],
            [
              -72.66591,
              41.8188
            ],
            [
              -72.65826,
              41.8185
            ],
            [
              -72.65139,
              41.81494
            ],
            [
              -72.64426,
              41.81301
            ],
            [
              -72.63893,
              41.82875
            ],
            [
              -72.62993,
              41.8372
            ],
            [
              -72.62561,
              41.84573
            ],
            [
              -72.62917,
              41.84508
            ],
            [
              -72.63129,
              41.8437
            ],
            [
              -72.6344,
              41.84551
            ],
            [
              -72.63679,
              41.84523
            ],
            [
              -72.64041,
              41.84609
            ],
            [
              -72.6432,
              41.84823
            ],
            [
              -72.64578,
              41.84302
            ],
            [
              -72.64791,
              41.84337
            ],
            [
              -72.64738,
              41.84524
            ],
            [
              -72.65846,
              41.8452
            ],
            [
              -72.66509,
              41.84656
            ],
            [
              -72.66608,
              41.82303
            ]
          ]
        ]
      },
      "properties": {
        "geoid": "09003473700",
        "name": "Census Tract 4737",
        "town": "",
        "total": 2,
        "undefined": 2
      }
    },
    {
      "type": "Feature",
      "geometry": {
        "type": "Polygon",
        "coordinates": [
          [
            [
              -72.67118,
              41.94456
            ],
            [
              -72.6709,
              41.93984
            ],
            [
              -72.63267,
              41.93677
            ],
            [
              -72.63347,
              41.92149
            ],
            [
              -72.63768,
              41.9146
            ],
            [
              -72.63573,
              41.90581
            ],
            [
              -72.63469,
              41.90427
            ],
            [
              -72.63543,
              41.90331
            ],
            [
              -72.62173,
              41.9046
            ],
            [
              -72.62409,
              41.9292
            ],
            [
              -72.62343,
              41.9343
            ],
            [
              -72.61396,
              41.94347
            ],
            [
              -72.66977,
              41.94689
            ],
            [
              -72.67118,
              41.94456
            ]
          ]
        ]
      },
      "properties": {
        "geoid": "09003476100",
        "name": "Census Tract 4761",
        "town": "",
        "total": 1,
        "undefined": 1
      }
    },
    {
      "type": "Feature",
      "geometry": {
        "type": "Polygon",
        "coordinates": [
          [
            [
              -72.69591,
              41.92243
            ],
            [
              -72.6922,
              41.9197
            ],
            [
              -72.6744,
              41.91604
            ],
            [
              -72.66289,
              41.90832
            ],
            [
              -72.64994,
              41.90345
            ],
            [
              -72.64275,
              41.9001
            ],
            [
              -72.63983,
              41.8976
            ],
            [
              -72.63469,
              41.90427
            ],
            [
              -72.63573,
              41.90581
            ],
            [
              -72.63768,
              41.9146
            ],
            [
              -72.63369,
              41.92081
            ],
            [
              -72.63324,
              41.92592
            ],
            [
              -72.66087,
              41.9266
            ],
            [
              -72.67037,
              41.9298
            ],
            [
              -72.67013,
              41.92492
            ],
            [
              -72.6785,
              41.92521
            ],
            [
              -72.68307,
              41.92641
            ],
            [
              -72.68968,
              41.93112
            ],
            [
              -72.69351,
              41.92878
            ],
            [
              -72.69535,
              41.92227
            ],
            [
              -72.69591,
              41.92243
            ]
          ]
        ]
      },
      "properties": {
        "geoid": "09003476300",
        "name": "Census Tract 4763",
        "town": "",
        "total": 2,
        "undefined": 2
      }
    },
    {
      "type": "Feature",
      "geometry": {
        "type": "Polygon",
        "coordinates": [
          [
            [
              -72.65106,
              41.98203
            ],
            [
              -72.65128,
              41.98132
            ],
            [
              -72.64754,
              41.98062
            ],
            [
              -72.61387,
              41.97619
            ],
            [
              -72.61332,
              41.98793
            ],
            [
              -72.60358,
              41.98977
            ],
            [
              -72.60753,
              41.9993
            ],
            [
              -72.60491,
              42.01191
            ],
            [
              -72.60798,
              42.03108
            ],
            [
              -72.6169,
              42.03124
            ],
            [
              -72.6172,
              42.01979
            ],
            [
              -72.62344,
              42.01505
            ],
            [
              -72.62651,
              42.01418
            ],
            [
              -72.63009,
              42.006
            ],
            [
              -72.63505,
              41.99881
            ],
            [
              -72.64084,
              41.99637
            ],
            [
              -72.64571,
              41.99662
            ],
            [
              -72.64662,
              41.99231
            ],
            [
              -72.65106,
              41.98203
            ]
          ]
        ]
      },
      "properties": {
        "geoid": "09003477103",
        "name": "Census Tract 4771.03",
        "town": "",
        "total": 1,
        "undefined": 1
      }
    },
    {
      "type": "Feature",
      "geometry": {
        "type": "Polygon",
        "coordinates": [
          [
            [
              -72.60696,
              42.02515
            ],
            [
              -72.60491,
              42.01191
            ],
            [
              -72.59992,
              42.01113
            ],
            [
              -72.59912,
              42.00774
            ],
            [
              -72.59743,
              42.00759
            ],
            [
              -72.5967,
              42.00646
            ],
            [
              -72.59282,
              42.0077
            ],
            [
              -72.5926,
              42.00431
            ],
            [
              -72.59436,
              41.9985
            ],
            [
              -72.5938,
              41.99049
            ],
            [
              -72.58781,
              41.99027
            ],
            [
              -72.58524,
              42.00052
            ],
            [
              -72.58515,
              42.00375
            ],
            [
              -72.58739,
              42.01894
            ],
            [
              -72.58988,
              42.02488
            ],
            [
              -72.60696,
              42.02515
            ]
          ]
        ]
      },
      "properties": {
        "geoid": "09003480500",
        "name": "Census Tract 4805",
        "town": "",
        "total": 1,
        "undefined": 1
      }
    },
    {
      "type": "Feature",
      "geometry": {
        "type": "Polygon",
        "coordinates": [
          [
            [
              -72.60753,
              41.9993
            ],
            [
              -72.60358,
              41.98977
            ],
            [
              -72.5938,
              41.99049
            ],
            [
              -72.59443,
              41.99715
            ],
            [
              -72.5926,
              42.00431
            ],
            [
              -72.59292,
              42.00794
            ],
            [
              -72.5967,
              42.00646
            ],
            [
              -72.59743,
              42.00759
            ],
            [
              -72.59912,
              42.00774
            ],
            [
              -72.59992,
              42.01113
            ],
            [
              -72.60491,
              42.01191
            ],
            [
              -72.60753,
              41.9993
            ]
          ]
        ]
      },
      "properties": {
        "geoid": "09003480600",
        "name": "Census Tract 4806",
        "town": "",
        "total": 1,
        "undefined": 1
      }
    },
    {
      "type": "Feature",
      "geometry": {
        "type": "Polygon",
        "coordinates": [
          [
            [
              -72.52437,
              42.01379
            ],
            [
              -72.51763,
              41.98308
            ],
            [
              -72.51537,
              41.98245
            ],
            [
              -72.51586,
              41.98128
            ],
            [
              -72.51515,
              41.98069
            ],
            [
              -72.51048,
              41.98066
            ],
            [
              -72.50934,
              41.98159
            ],
            [
              -72.50971,
              41.98242
            ],
            [
              -72.50679,
              41.98358
            ],
            [
              -72.50404,
              41.97993
            ],
            [
              -72.50465,
              41.97915
            ],
            [
              -72.5042,
              41.97823
            ],
            [
              -72.5008,
              41.9785
            ],
            [
              -72.49958,
              41.97989
            ],
            [
              -72.50074,
              41.98049
            ],
            [
              -72.49941,
              41.98159
            ],
            [
              -72.49973,
              41.98429
            ],
            [
              -72.50594,
              42.01648
            ],
            [
              -72.51366,
              42.01461
            ],
            [
              -72.52437,
              42.01379
            ]
          ]
        ]
      },
      "properties": {
        "geoid": "09003480900",
        "name": "Census Tract 4809",
        "town": "",
        "total": 1,
        "undefined": 1
      }
    },
    {
      "type": "Feature",
      "geometry": {
        "type": "Polygon",
        "coordinates": [
          [
            [
              -72.56042,
              41.96299
            ],
            [
              -72.56018,
              41.96112
            ],
            [
              -72.55933,
              41.96174
            ],
            [
              -72.55597,
              41.95717
            ],
            [
              -72.55594,
              41.95589
            ],
            [
              -72.55487,
              41.95601
            ],
            [
              -72.55514,
              41.95532
            ],
            [
              -72.55396,
              41.95439
            ],
            [
              -72.55438,
              41.95338
            ],
            [
              -72.55262,
              41.95273
            ],
            [
              -72.55191,
              41.9492
            ],
            [
              -72.54964,
              41.94857
            ],
            [
              -72.54936,
              41.94708
            ],
            [
              -72.55041,
              41.94687
            ],
            [
              -72.54798,
              41.94578
            ],
            [
              -72.54845,
              41.94499
            ],
            [
              -72.54749,
              41.94521
            ],
            [
              -72.5474,
              41.94429
            ],
            [
              -72.54645,
              41.94396
            ],
            [
              -72.548,
              41.9418
            ],
            [
              -72.49273,
              41.9475
            ],
            [
              -72.49941,
              41.98159
            ],
            [
              -72.50061,
              41.98103
            ],
            [
              -72.50065,
              41.98031
            ],
            [
              -72.49958,
              41.97989
            ],
            [
              -72.5008,
              41.9785
            ],
            [
              -72.50368,
              41.97807
            ],
            [
              -72.50467,
              41.97874
            ],
            [
              -72.50404,
              41.97993
            ],
            [
              -72.50679,
              41.98358
            ],
            [
              -72.50971,
              41.98242
            ],
            [
              -72.50934,
              41.98159
            ],
            [
              -72.51048,
              41.98066
            ],
            [
              -72.51515,
              41.98069
            ],
            [
              -72.51586,
              41.98128
            ],
            [
              -72.5158,
              41.98281
            ],
            [
              -72.51836,
              41.98311
            ],
            [
              -72.52107,
              41.98309
            ],
            [
              -72.52536,
              41.98112
            ],
            [
              -72.52737,
              41.98101
            ],
            [
              -72.52675,
              41.98225
            ],
            [
              -72.5288,
              41.98376
            ],
            [
              -72.53419,
              41.9822
            ],
            [
              -72.53622,
              41.98065
            ],
            [
              -72.53738,
              41.98307
            ],
            [
              -72.54415,
              41.98054
            ],
            [
              -72.54629,
              41.9805
            ],
            [
              -72.54739,
              41.97807
            ],
            [
              -72.54835,
              41.97814
            ],
            [
              -72.54903,
              41.97688
            ],
            [
              -72.54996,
              41.97704
            ],
            [
              -72.54919,
              41.9758
            ],
            [
              -72.55055,
              41.97591
            ],
            [
              -72.5505,
              41.97451
            ],
            [
              -72.55178,
              41.97475
            ],
            [
              -72.55221,
              41.97342
            ],
            [
              -72.55338,
              41.97421
            ],
            [
              -72.55345,
              41.97351
            ],
            [
              -72.55243,
              41.97328
            ],
            [
              -72.55279,
              41.97177
            ],
            [
              -72.55433,
              41.97084
            ],
            [
              -72.55344,
              41.97002
            ],
            [
              -72.55479,
              41.97004
            ],
            [
              -72.55407,
              41.9697
            ],
            [
              -72.55453,
              41.96883
            ],
            [
              -72.55342,
              41.9689
            ],
            [
              -72.55401,
              41.96769
            ],
            [
              -72.55535,
              41.96806
            ],
            [
              -72.55502,
              41.96718
            ],
            [
              -72.55645,
              41.96671
            ],
            [
              -72.55553,
              41.9666
            ],
            [
              -72.5557,
              41.96572
            ],
            [
              -72.55965,
              41.96387
            ],
            [
              -72.55961,
              41.96284
            ],
            [
              -72.56042,
              41.96299
            ]
          ]
        ]
      },
      "properties": {
        "geoid": "09003481000",
        "name": "Census Tract 4810",
        "town": "",
        "total": 1,
        "undefined": 1
      }
    },
    {
      "type": "Feature",
      "geometry": {
        "type": "Polygon",
        "coordinates": [
          [
            [
              -72.58829,
              41.97035
            ],
            [
              -72.57101,
              41.95755
            ],
            [
              -72.56246,
              41.95323
            ],
            [
              -72.55798,
              41.9534
            ],
            [
              -72.55445,
              41.955
            ],
            [
              -72.55514,
              41.95532
            ],
            [
              -72.55487,
              41.95601
            ],
            [
              -72.55594,
              41.95589
            ],
            [
              -72.55597,
              41.95717
            ],
            [
              -72.55933,
              41.96174
            ],
            [
              -72.56018,
              41.96112
            ],
            [
              -72.56042,
              41.96299
            ],
            [
              -72.55961,
              41.96284
            ],
            [
              -72.55965,
              41.96387
            ],
            [
              -72.5557,
              41.96572
            ],
            [
              -72.55553,
              41.9666
            ],
            [
              -72.55645,
              41.96671
            ],
            [
              -72.55502,
              41.96718
            ],
            [
              -72.55535,
              41.96806
            ],
            [
              -72.55401,
              41.96769
            ],
            [
              -72.55342,
              41.9689
            ],
            [
              -72.55453,
              41.96883
            ],
            [
              -72.55407,
              41.9697
            ],
            [
              -72.55479,
              41.97004
            ],
            [
              -72.55344,
              41.97002
            ],
            [
              -72.55433,
              41.97084
            ],
            [
              -72.55279,
              41.97177
            ],
            [
              -72.55243,
              41.97328
            ],
            [
              -72.55345,
              41.97351
            ],
            [
              -72.55338,
              41.97421
            ],
            [
              -72.55211,
              41.97343
            ],
            [
              -72.55178,
              41.97475
            ],
            [
              -72.5505,
              41.97451
            ],
            [
              -72.55017,
              41.97507
            ],
            [
              -72.55097,
              41.97516
            ],
            [
              -72.55006,
              41.97623
            ],
            [
              -72.55254,
              41.98319
            ],
            [
              -72.56072,
              41.98062
            ],
            [
              -72.56795,
              41.9771
            ],
            [
              -72.57377,
              41.97696
            ],
            [
              -72.57743,
              41.97598
            ],
            [
              -72.58736,
              41.97624
            ],
            [
              -72.58829,
              41.97035
            ]
          ]
        ]
      },
      "properties": {
        "geoid": "09003481100",
        "name": "Census Tract 4811",
        "town": "",
        "total": 1,
        "undefined": 1
      }
    },
    {
      "type": "Feature",
      "geometry": {
        "type": "Polygon",
        "coordinates": [
          [
            [
              -72.61211,
              41.95687
            ],
            [
              -72.61223,
              41.9559
            ],
            [
              -72.60597,
              41.9556
            ],
            [
              -72.60564,
              41.96274
            ],
            [
              -72.59873,
              41.9614
            ],
            [
              -72.59992,
              41.96069
            ],
            [
              -72.60143,
              41.95151
            ],
            [
              -72.56742,
              41.94826
            ],
            [
              -72.56413,
              41.94857
            ],
            [
              -72.56585,
              41.95122
            ],
            [
              -72.56022,
              41.95318
            ],
            [
              -72.5632,
              41.95353
            ],
            [
              -72.57167,
              41.95792
            ],
            [
              -72.58962,
              41.97141
            ],
            [
              -72.59251,
              41.97195
            ],
            [
              -72.59232,
              41.97332
            ],
            [
              -72.60393,
              41.97476
            ],
            [
              -72.60458,
              41.97363
            ],
            [
              -72.60703,
              41.9738
            ],
            [
              -72.60953,
              41.96489
            ],
            [
              -72.61163,
              41.96079
            ],
            [
              -72.61211,
              41.95687
            ]
          ]
        ]
      },
      "properties": {
        "geoid": "09003481200",
        "name": "Census Tract 4812",
        "town": "",
        "total": 2,
        "undefined": 2
      }
    },
    {
      "type": "Feature",
      "geometry": {
        "type": "Polygon",
        "coordinates": [
          [
            [
              -72.58993,
              41.87727
            ],
            [
              -72.58594,
              41.87405
            ],
            [
              -72.58823,
              41.87204
            ],
            [
              -72.58799,
              41.86831
            ],
            [
              -72.51733,
              41.8699
            ],
            [
              -72.51523,
              41.8992
            ],
            [
              -72.51333,
              41.9454
            ],
            [
              -72.548,
              41.9418
            ],
            [
              -72.54748,
              41.94007
            ],
            [
              -72.54835,
              41.93899
            ],
            [
              -72.54711,
              41.93902
            ],
            [
              -72.54713,
              41.93825
            ],
            [
              -72.54913,
              41.93718
            ],
            [
              -72.54832,
              41.93652
            ],
            [
              -72.54935,
              41.93592
            ],
            [
              -72.54835,
              41.93445
            ],
            [
              -72.54661,
              41.93377
            ],
            [
              -72.54861,
              41.93354
            ],
            [
              -72.54759,
              41.93303
            ],
            [
              -72.54821,
              41.93266
            ],
            [
              -72.54683,
              41.93278
            ],
            [
              -72.54778,
              41.9322
            ],
            [
              -72.54721,
              41.93116
            ],
            [
              -72.54823,
              41.93038
            ],
            [
              -72.54774,
              41.93004
            ],
            [
              -72.54865,
              41.92817
            ],
            [
              -72.5472,
              41.92788
            ],
            [
              -72.54674,
              41.9264
            ],
            [
              -72.54856,
              41.92676
            ],
            [
              -72.55024,
              41.92597
            ],
            [
              -72.54931,
              41.92384
            ],
            [
              -72.55044,
              41.92284
            ],
            [
              -72.54947,
              41.92162
            ],
            [
              -72.55232,
              41.92125
            ],
            [
              -72.55221,
              41.92044
            ],
            [
              -72.55362,
              41.92095
            ],
            [
              -72.5527,
              41.91971
            ],
            [
              -72.55365,
              41.91968
            ],
            [
              -72.55343,
              41.91881
            ],
            [
              -72.55614,
              41.91738
            ],
            [
              -72.55609,
              41.9148
            ],
            [
              -72.55911,
              41.91538
            ],
            [
              -72.55821,
              41.91251
            ],
            [
              -72.56015,
              41.91268
            ],
            [
              -72.56067,
              41.91386
            ],
            [
              -72.56262,
              41.91363
            ],
            [
              -72.56235,
              41.91222
            ],
            [
              -72.56646,
              41.91
            ],
            [
              -72.56768,
              41.90843
            ],
            [
              -72.56715,
              41.90667
            ],
            [
              -72.56927,
              41.90635
            ],
            [
              -72.57056,
              41.90419
            ],
            [
              -72.57208,
              41.9041
            ],
            [
              -72.57107,
              41.90363
            ],
            [
              -72.5722,
              41.90358
            ],
            [
              -72.57252,
              41.90263
            ],
            [
              -72.57059,
              41.90194
            ],
            [
              -72.57089,
              41.90095
            ],
            [
              -72.57236,
              41.9008
            ],
            [
              -72.57169,
              41.90023
            ],
            [
              -72.57287,
              41.89931
            ],
            [
              -72.57161,
              41.89815
            ],
            [
              -72.57192,
              41.89682
            ],
            [
              -72.57313,
              41.89633
            ],
            [
              -72.57282,
              41.89421
            ],
            [
              -72.57406,
              41.88656
            ],
            [
              -72.57561,
              41.88608
            ],
            [
              -72.57572,
              41.88671
            ],
            [
              -72.57742,
              41.88615
            ],
            [
              -72.57818,
              41.88667
            ],
            [
              -72.57913,
              41.88486
            ],
            [
              -72.57887,
              41.88332
            ],
            [
              -72.57781,
              41.88277
            ],
            [
              -72.57818,
              41.88232
            ],
            [
              -72.58182,
              41.88002
            ],
            [
              -72.58506,
              41.88078
            ],
            [
              -72.58799,
              41.88013
            ],
            [
              -72.58816,
              41.87865
            ],
            [
              -72.58993,
              41.87727
            ]
          ]
        ]
      },
      "properties": {
        "geoid": "09003484200",
        "name": "Census Tract 4842",
        "town": "",
        "total": 1,
        "undefined": 1
      }
    },
    {
      "type": "Feature",
      "geometry": {
        "type": "Polygon",
        "coordinates": [
          [
            [
              -72.55509,
              41.8308
            ],
            [
              -72.55322,
              41.82679
            ],
            [
              -72.5495,
              41.82603
            ],
            [
              -72.54198,
              41.82053
            ],
            [
              -72.53672,
              41.81837
            ],
            [
              -72.53288,
              41.8157
            ],
            [
              -72.52888,
              41.81451
            ],
            [
              -72.50543,
              41.8203
            ],
            [
              -72.50263,
              41.83359
            ],
            [
              -72.50375,
              41.83268
            ],
            [
              -72.51095,
              41.83483
            ],
            [
              -72.51431,
              41.83481
            ],
            [
              -72.51582,
              41.83168
            ],
            [
              -72.53469,
              41.83997
            ],
            [
              -72.54576,
              41.83496
            ],
            [
              -72.55111,
              41.83085
            ],
            [
              -72.55509,
              41.8308
            ]
          ]
        ]
      },
      "properties": {
        "geoid": "09003487201",
        "name": "Census Tract 4872.01",
        "town": "",
        "total": 2,
        "undefined": 2
      }
    },
    {
      "type": "Feature",
      "geometry": {
        "type": "Polygon",
        "coordinates": [
          [
            [
              -72.66749,
              41.72782
            ],
            [
              -72.66698,
              41.72492
            ],
            [
              -72.6601,
              41.70928
            ],
            [
              -72.65961,
              41.70349
            ],
            [
              -72.64912,
              41.68498
            ],
            [
              -72.61574,
              41.6881
            ],
            [
              -72.63268,
              41.68986
            ],
            [
              -72.63667,
              41.69288
            ],
            [
              -72.63533,
              41.69865
            ],
            [
              -72.61972,
              41.70247
            ],
            [
              -72.61761,
              41.70403
            ],
            [
              -72.61594,
              41.7071
            ],
            [
              -72.62204,
              41.7122
            ],
            [
              -72.64057,
              41.71453
            ],
            [
              -72.64887,
              41.7231
            ],
            [
              -72.63634,
              41.7249
            ],
            [
              -72.6556,
              41.72991
            ],
            [
              -72.66749,
              41.72782
            ]
          ]
        ]
      },
      "properties": {
        "geoid": "09003492100",
        "name": "Census Tract 4921",
        "town": "",
        "total": 2,
        "undefined": 2
      }
    },
    {
      "type": "Feature",
      "geometry": {
        "type": "Polygon",
        "coordinates": [
          [
            [
              -72.67912,
              41.71413
            ],
            [
              -72.67478,
              41.70976
            ],
            [
              -72.67285,
              41.70441
            ],
            [
              -72.67252,
              41.69926
            ],
            [
              -72.6711,
              41.69953
            ],
            [
              -72.66984,
              41.69585
            ],
            [
              -72.67132,
              41.69556
            ],
            [
              -72.67067,
              41.69372
            ],
            [
              -72.65928,
              41.69593
            ],
            [
              -72.65901,
              41.69776
            ],
            [
              -72.65661,
              41.69871
            ],
            [
              -72.65961,
              41.70349
            ],
            [
              -72.6601,
              41.70928
            ],
            [
              -72.66357,
              41.71713
            ],
            [
              -72.67912,
              41.71413
            ]
          ]
        ]
      },
      "properties": {
        "geoid": "09003492200",
        "name": "Census Tract 4922",
        "town": "",
        "total": 1,
        "undefined": 1
      }
    },
    {
      "type": "Feature",
      "geometry": {
        "type": "Polygon",
        "coordinates": [
          [
            [
              -72.70804,
              41.71037
            ],
            [
              -72.70632,
              41.70301
            ],
            [
              -72.70296,
              41.70334
            ],
            [
              -72.69954,
              41.71007
            ],
            [
              -72.66357,
              41.71713
            ],
            [
              -72.66698,
              41.72492
            ],
            [
              -72.66743,
              41.72833
            ],
            [
              -72.69103,
              41.7254
            ],
            [
              -72.70484,
              41.7245
            ],
            [
              -72.70594,
              41.7243
            ],
            [
              -72.70804,
              41.71037
            ]
          ]
        ]
      },
      "properties": {
        "geoid": "09003492300",
        "name": "Census Tract 4923",
        "town": "",
        "total": 1,
        "undefined": 1
      }
    },
    {
      "type": "Feature",
      "geometry": {
        "type": "Polygon",
        "coordinates": [
          [
            [
              -72.72731,
              41.65229
            ],
            [
              -72.70907,
              41.65315
            ],
            [
              -72.703,
              41.65427
            ],
            [
              -72.70653,
              41.67063
            ],
            [
              -72.71593,
              41.66911
            ],
            [
              -72.71523,
              41.66649
            ],
            [
              -72.71738,
              41.66258
            ],
            [
              -72.72221,
              41.66148
            ],
            [
              -72.72731,
              41.65229
            ]
          ]
        ]
      },
      "properties": {
        "geoid": "09003494202",
        "name": "Census Tract 4942.02",
        "town": "",
        "total": 1,
        "undefined": 1
      }
    },
    {
      "type": "Feature",
      "geometry": {
        "type": "Polygon",
        "coordinates": [
          [
            [
              -72.75824,
              41.69344
            ],
            [
              -72.75443,
              41.6721
            ],
            [
              -72.72915,
              41.67542
            ],
            [
              -72.73356,
              41.69672
            ],
            [
              -72.75824,
              41.69344
            ]
          ]
        ]
      },
      "properties": {
        "geoid": "09003494300",
        "name": "Census Tract 4943",
        "town": "",
        "total": 1,
        "undefined": 1
      }
    },
    {
      "type": "Feature",
      "geometry": {
        "type": "Polygon",
        "coordinates": [
          [
            [
              -72.73507,
              41.70375
            ],
            [
              -72.73075,
              41.68379
            ],
            [
              -72.72057,
              41.68661
            ],
            [
              -72.70695,
              41.68817
            ],
            [
              -72.70652,
              41.68905
            ],
            [
              -72.70324,
              41.68892
            ],
            [
              -72.70524,
              41.6953
            ],
            [
              -72.70535,
              41.69805
            ],
            [
              -72.70941,
              41.6978
            ],
            [
              -72.71446,
              41.69974
            ],
            [
              -72.71449,
              41.70609
            ],
            [
              -72.71935,
              41.70532
            ],
            [
              -72.72056,
              41.70564
            ],
            [
              -72.72003,
              41.70683
            ],
            [
              -72.72239,
              41.70742
            ],
            [
              -72.72559,
              41.70676
            ],
            [
              -72.72532,
              41.70472
            ],
            [
              -72.73507,
              41.70375
            ]
          ]
        ]
      },
      "properties": {
        "geoid": "09003494400",
        "name": "Census Tract 4944",
        "town": "",
        "total": 1,
        "undefined": 1
      }
    },
    {
      "type": "Feature",
      "geometry": {
        "type": "Polygon",
        "coordinates": [
          [
            [
              -72.76197,
              41.75597
            ],
            [
              -72.76019,
              41.74669
            ],
            [
              -72.75484,
              41.75091
            ],
            [
              -72.74357,
              41.75307
            ],
            [
              -72.74409,
              41.75541
            ],
            [
              -72.74181,
              41.762
            ],
            [
              -72.76197,
              41.75597
            ]
          ]
        ]
      },
      "properties": {
        "geoid": "09003496500",
        "name": "Census Tract 4965",
        "town": "",
        "total": 2,
        "undefined": 2
      }
    },
    {
      "type": "Feature",
      "geometry": {
        "type": "Polygon",
        "coordinates": [
          [
            [
              -72.73617,
              41.75448
            ],
            [
              -72.73522,
              41.74924
            ],
            [
              -72.73421,
              41.74884
            ],
            [
              -72.72824,
              41.74994
            ],
            [
              -72.71514,
              41.74975
            ],
            [
              -72.71478,
              41.75643
            ],
            [
              -72.71588,
              41.75671
            ],
            [
              -72.72344,
              41.75802
            ],
            [
              -72.72918,
              41.75582
            ],
            [
              -72.73617,
              41.75448
            ]
          ]
        ]
      },
      "properties": {
        "geoid": "09003496700",
        "name": "Census Tract 4967",
        "town": "",
        "total": 2,
        "undefined": 2
      }
    },
    {
      "type": "Feature",
      "geometry": {
        "type": "Polygon",
        "coordinates": [
          [
            [
              -72.73522,
              41.74617
            ],
            [
              -72.73489,
              41.74264
            ],
            [
              -72.73031,
              41.73634
            ],
            [
              -72.72962,
              41.73815
            ],
            [
              -72.73015,
              41.74302
            ],
            [
              -72.71682,
              41.74235
            ],
            [
              -72.71496,
              41.74495
            ],
            [
              -72.71515,
              41.74975
            ],
            [
              -72.72824,
              41.74994
            ],
            [
              -72.73327,
              41.74881
            ],
            [
              -72.73522,
              41.74924
            ],
            [
              -72.73522,
              41.74617
            ]
          ]
        ]
      },
      "properties": {
        "geoid": "09003496800",
        "name": "Census Tract 4968",
        "town": "",
        "total": 2,
        "undefined": 2
      }
    },
    {
      "type": "Feature",
      "geometry": {
        "type": "Polygon",
        "coordinates": [
          [
            [
              -72.74415,
              41.75511
            ],
            [
              -72.74357,
              41.75307
            ],
            [
              -72.72936,
              41.75577
            ],
            [
              -72.72371,
              41.75799
            ],
            [
              -72.71478,
              41.75643
            ],
            [
              -72.71615,
              41.76562
            ],
            [
              -72.72913,
              41.76466
            ],
            [
              -72.74181,
              41.762
            ],
            [
              -72.74415,
              41.75511
            ]
          ]
        ]
      },
      "properties": {
        "geoid": "09003496900",
        "name": "Census Tract 4969",
        "town": "",
        "total": 4,
        "undefined": 4
      }
    },
    {
      "type": "Feature",
      "geometry": {
        "type": "Polygon",
        "coordinates": [
          [
            [
              -72.74614,
              41.77925
            ],
            [
              -72.74505,
              41.7735
            ],
            [
              -72.74305,
              41.76922
            ],
            [
              -72.71647,
              41.7708
            ],
            [
              -72.71397,
              41.77715
            ],
            [
              -72.72458,
              41.77857
            ],
            [
              -72.74614,
              41.77925
            ]
          ]
        ]
      },
      "properties": {
        "geoid": "09003497000",
        "name": "Census Tract 4970",
        "town": "",
        "total": 2,
        "undefined": 2
      }
    },
    {
      "type": "Feature",
      "geometry": {
        "type": "Polygon",
        "coordinates": [
          [
            [
              -72.75083,
              41.80536
            ],
            [
              -72.75025,
              41.80187
            ],
            [
              -72.74684,
              41.80214
            ],
            [
              -72.74609,
              41.79874
            ],
            [
              -72.74301,
              41.79415
            ],
            [
              -72.74307,
              41.78982
            ],
            [
              -72.74095,
              41.78653
            ],
            [
              -72.72415,
              41.78594
            ],
            [
              -72.7152,
              41.78716
            ],
            [
              -72.71585,
              41.79513
            ],
            [
              -72.71708,
              41.80103
            ],
            [
              -72.71802,
              41.80219
            ],
            [
              -72.71759,
              41.80662
            ],
            [
              -72.75062,
              41.80595
            ],
            [
              -72.75083,
              41.80536
            ]
          ]
        ]
      },
      "properties": {
        "geoid": "09003497300",
        "name": "Census Tract 4973",
        "town": "",
        "total": 3,
        "undefined": 3
      }
    },
    {
      "type": "Feature",
      "geometry": {
        "type": "Polygon",
        "coordinates": [
          [
            [
              -72.76549,
              41.76294
            ],
            [
              -72.76359,
              41.75927
            ],
            [
              -72.76407,
              41.75534
            ],
            [
              -72.74181,
              41.762
            ],
            [
              -72.74305,
              41.76922
            ],
            [
              -72.76324,
              41.76542
            ],
            [
              -72.76457,
              41.76574
            ],
            [
              -72.76549,
              41.76294
            ]
          ]
        ]
      },
      "properties": {
        "geoid": "09003497600",
        "name": "Census Tract 4976",
        "town": "",
        "total": 2,
        "undefined": 2
      }
    },
    {
      "type": "Feature",
      "geometry": {
        "type": "Polygon",
        "coordinates": [
          [
            [
              -72.80004,
              41.79183
            ],
            [
              -72.79497,
              41.74747
            ],
            [
              -72.7822,
              41.74822
            ],
            [
              -72.78123,
              41.74609
            ],
            [
              -72.77006,
              41.75353
            ],
            [
              -72.76407,
              41.75534
            ],
            [
              -72.76359,
              41.75927
            ],
            [
              -72.76547,
              41.7626
            ],
            [
              -72.76457,
              41.76575
            ],
            [
              -72.76481,
              41.77231
            ],
            [
              -72.76739,
              41.80528
            ],
            [
              -72.79724,
              41.8047
            ],
            [
              -72.79847,
              41.79384
            ],
            [
              -72.79894,
              41.79193
            ],
            [
              -72.80004,
              41.79183
            ]
          ]
        ]
      },
      "properties": {
        "geoid": "09003497700",
        "name": "Census Tract 4977",
        "town": "",
        "total": 3,
        "undefined": 3
      }
    },
    {
      "type": "Feature",
      "geometry": {
        "type": "Polygon",
        "coordinates": [
          [
            [
              -72.6831,
              41.75124
            ],
            [
              -72.68023,
              41.75238
            ],
            [
              -72.67851,
              41.75132
            ],
            [
              -72.67794,
              41.7524
            ],
            [
              -72.6744,
              41.75295
            ],
            [
              -72.6754,
              41.75701
            ],
            [
              -72.67519,
              41.75977
            ],
            [
              -72.67964,
              41.76098
            ],
            [
              -72.68093,
              41.75773
            ],
            [
              -72.68235,
              41.75791
            ],
            [
              -72.6831,
              41.75124
            ]
          ]
        ]
      },
      "properties": {
        "geoid": "09003500300",
        "name": "Census Tract 5003",
        "town": "",
        "total": 2,
        "undefined": 2
      }
    },
    {
      "type": "Feature",
      "geometry": {
        "type": "Polygon",
        "coordinates": [
          [
            [
              -72.69548,
              41.78377
            ],
            [
              -72.69617,
              41.78217
            ],
            [
              -72.68666,
              41.77823
            ],
            [
              -72.68498,
              41.78336
            ],
            [
              -72.69516,
              41.78452
            ],
            [
              -72.69548,
              41.78377
            ]
          ]
        ]
      },
      "properties": {
        "geoid": "09003501400",
        "name": "Census Tract 5014",
        "town": "",
        "total": 2,
        "undefined": 2
      }
    },
    {
      "type": "Feature",
      "geometry": {
        "type": "Polygon",
        "coordinates": [
          [
            [
              -72.69611,
              41.78497
            ],
            [
              -72.68386,
              41.78297
            ],
            [
              -72.68107,
              41.79123
            ],
            [
              -72.68182,
              41.79315
            ],
            [
              -72.68076,
              41.79931
            ],
            [
              -72.69008,
              41.80084
            ],
            [
              -72.68992,
              41.79605
            ],
            [
              -72.69374,
              41.79603
            ],
            [
              -72.69611,
              41.78497
            ]
          ]
        ]
      },
      "properties": {
        "geoid": "09003501500",
        "name": "Census Tract 5015",
        "town": "",
        "total": 1,
        "undefined": 1
      }
    },
    {
      "type": "Feature",
      "geometry": {
        "type": "Polygon",
        "coordinates": [
          [
            [
              -72.68767,
              41.77582
            ],
            [
              -72.68068,
              41.77237
            ],
            [
              -72.67702,
              41.77383
            ],
            [
              -72.67679,
              41.77541
            ],
            [
              -72.68666,
              41.77823
            ],
            [
              -72.68767,
              41.77582
            ]
          ]
        ]
      },
      "properties": {
        "geoid": "09003501700",
        "name": "Census Tract 5017",
        "town": "",
        "total": 1,
        "undefined": 1
      }
    },
    {
      "type": "Feature",
      "geometry": {
        "type": "Polygon",
        "coordinates": [
          [
            [
              -72.68649,
              41.77849
            ],
            [
              -72.68029,
              41.77594
            ],
            [
              -72.67679,
              41.77541
            ],
            [
              -72.67613,
              41.78144
            ],
            [
              -72.68498,
              41.78336
            ],
            [
              -72.68649,
              41.77849
            ]
          ]
        ]
      },
      "properties": {
        "geoid": "09003501800",
        "name": "Census Tract 5018",
        "town": "",
        "total": 1,
        "undefined": 1
      }
    },
    {
      "type": "Feature",
      "geometry": {
        "type": "Polygon",
        "coordinates": [
          [
            [
              -72.68659,
              41.76408
            ],
            [
              -72.68192,
              41.76272
            ],
            [
              -72.68205,
              41.76166
            ],
            [
              -72.67519,
              41.75977
            ],
            [
              -72.67459,
              41.76183
            ],
            [
              -72.66803,
              41.76024
            ],
            [
              -72.66579,
              41.75811
            ],
            [
              -72.66377,
              41.75761
            ],
            [
              -72.65957,
              41.7537
            ],
            [
              -72.65907,
              41.75208
            ],
            [
              -72.65696,
              41.75103
            ],
            [
              -72.65399,
              41.75306
            ],
            [
              -72.66134,
              41.7587
            ],
            [
              -72.66511,
              41.76576
            ],
            [
              -72.66491,
              41.76953
            ],
            [
              -72.66782,
              41.76997
            ],
            [
              -72.66871,
              41.77487
            ],
            [
              -72.67034,
              41.7773
            ],
            [
              -72.68077,
              41.77231
            ],
            [
              -72.6817,
              41.77098
            ],
            [
              -72.68207,
              41.76746
            ],
            [
              -72.68359,
              41.76619
            ],
            [
              -72.68645,
              41.76577
            ],
            [
              -72.68659,
              41.76408
            ]
          ]
        ]
      },
      "properties": {
        "geoid": "09003502100",
        "name": "Census Tract 5021",
        "town": "",
        "total": 1,
        "undefined": 1
      }
    },
    {
      "type": "Feature",
      "geometry": {
        "type": "Polygon",
        "coordinates": [
          [
            [
              -72.68256,
              41.74243
            ],
            [
              -72.68174,
              41.73663
            ],
            [
              -72.67739,
              41.73764
            ],
            [
              -72.67717,
              41.73685
            ],
            [
              -72.67531,
              41.7371
            ],
            [
              -72.67467,
              41.7334
            ],
            [
              -72.67026,
              41.73399
            ],
            [
              -72.67296,
              41.74404
            ],
            [
              -72.68256,
              41.74243
            ]
          ]
        ]
      },
      "properties": {
        "geoid": "09003502400",
        "name": "Census Tract 5024",
        "town": "",
        "total": 5,
        "undefined": 5
      }
    },
    {
      "type": "Feature",
      "geometry": {
        "type": "Polygon",
        "coordinates": [
          [
            [
              -72.69296,
              41.74081
            ],
            [
              -72.69279,
              41.73508
            ],
            [
              -72.68608,
              41.73657
            ],
            [
              -72.6832,
              41.74221
            ],
            [
              -72.68718,
              41.74192
            ],
            [
              -72.68718,
              41.74515
            ],
            [
              -72.69219,
              41.74236
            ],
            [
              -72.69296,
              41.74081
            ]
          ]
        ]
      },
      "properties": {
        "geoid": "09003502600",
        "name": "Census Tract 5026",
        "town": "",
        "total": 2,
        "undefined": 2
      }
    },
    {
      "type": "Feature",
      "geometry": {
        "type": "Polygon",
        "coordinates": [
          [
            [
              -72.69343,
              41.75338
            ],
            [
              -72.69361,
              41.75213
            ],
            [
              -72.68915,
              41.75226
            ],
            [
              -72.6892,
              41.75332
            ],
            [
              -72.68282,
              41.75354
            ],
            [
              -72.68235,
              41.75791
            ],
            [
              -72.69192,
              41.75815
            ],
            [
              -72.69343,
              41.75338
            ]
          ]
        ]
      },
      "properties": {
        "geoid": "09003502800",
        "name": "Census Tract 5028",
        "town": "",
        "total": 1,
        "undefined": 1
      }
    },
    {
      "type": "Feature",
      "geometry": {
        "type": "Polygon",
        "coordinates": [
          [
            [
              -72.69057,
              41.75829
            ],
            [
              -72.68093,
              41.75773
            ],
            [
              -72.67964,
              41.76098
            ],
            [
              -72.68205,
              41.76166
            ],
            [
              -72.68199,
              41.76275
            ],
            [
              -72.6904,
              41.76368
            ],
            [
              -72.69057,
              41.75829
            ]
          ]
        ]
      },
      "properties": {
        "geoid": "09003503000",
        "name": "Census Tract 5030",
        "town": "",
        "total": 3,
        "undefined": 3
      }
    },
    {
      "type": "Feature",
      "geometry": {
        "type": "Polygon",
        "coordinates": [
          [
            [
              -72.70073,
              41.76264
            ],
            [
              -72.69996,
              41.76195
            ],
            [
              -72.69359,
              41.76339
            ],
            [
              -72.69377,
              41.76781
            ],
            [
              -72.69988,
              41.76773
            ],
            [
              -72.70073,
              41.76264
            ]
          ]
        ]
      },
      "properties": {
        "geoid": "09003503101",
        "name": "Census Tract 5031.01",
        "town": "",
        "total": 1,
        "undefined": 1
      }
    },
    {
      "type": "Feature",
      "geometry": {
        "type": "Polygon",
        "coordinates": [
          [
            [
              -72.70511,
              41.76922
            ],
            [
              -72.70331,
              41.76723
            ],
            [
              -72.69377,
              41.76781
            ],
            [
              -72.6937,
              41.77024
            ],
            [
              -72.70324,
              41.77313
            ],
            [
              -72.70278,
              41.77202
            ],
            [
              -72.70465,
              41.77125
            ],
            [
              -72.70324,
              41.76939
            ],
            [
              -72.70511,
              41.76922
            ]
          ]
        ]
      },
      "properties": {
        "geoid": "09003503102",
        "name": "Census Tract 5031.02",
        "town": "",
        "total": 2,
        "undefined": 2
      }
    },
    {
      "type": "Feature",
      "geometry": {
        "type": "Polygon",
        "coordinates": [
          [
            [
              -72.69605,
              41.77795
            ],
            [
              -72.68767,
              41.77582
            ],
            [
              -72.68666,
              41.77823
            ],
            [
              -72.69261,
              41.78083
            ],
            [
              -72.69605,
              41.77795
            ]
          ]
        ]
      },
      "properties": {
        "geoid": "09003503500",
        "name": "Census Tract 5035",
        "town": "",
        "total": 1,
        "undefined": 1
      }
    },
    {
      "type": "Feature",
      "geometry": {
        "type": "Polygon",
        "coordinates": [
          [
            [
              -72.7041,
              41.78452
            ],
            [
              -72.70248,
              41.78071
            ],
            [
              -72.69803,
              41.77812
            ],
            [
              -72.69777,
              41.77869
            ],
            [
              -72.69605,
              41.77795
            ],
            [
              -72.69261,
              41.78083
            ],
            [
              -72.69617,
              41.78217
            ],
            [
              -72.69516,
              41.78452
            ],
            [
              -72.69615,
              41.78454
            ],
            [
              -72.69585,
              41.78685
            ],
            [
              -72.70147,
              41.78747
            ],
            [
              -72.70307,
              41.78432
            ],
            [
              -72.7041,
              41.78452
            ]
          ]
        ]
      },
      "properties": {
        "geoid": "09003503700",
        "name": "Census Tract 5037",
        "town": "",
        "total": 2,
        "undefined": 2
      }
    },
    {
      "type": "Feature",
      "geometry": {
        "type": "Polygon",
        "coordinates": [
          [
            [
              -72.7098,
              41.79971
            ],
            [
              -72.70751,
              41.79633
            ],
            [
              -72.70618,
              41.79169
            ],
            [
              -72.70534,
              41.79184
            ],
            [
              -72.70509,
              41.79102
            ],
            [
              -72.70179,
              41.79126
            ],
            [
              -72.69971,
              41.7948
            ],
            [
              -72.69822,
              41.80074
            ],
            [
              -72.69008,
              41.80084
            ],
            [
              -72.69139,
              41.80757
            ],
            [
              -72.70776,
              41.80697
            ],
            [
              -72.70648,
              41.8
            ],
            [
              -72.7098,
              41.79971
            ]
          ]
        ]
      },
      "properties": {
        "geoid": "09003503900",
        "name": "Census Tract 5039",
        "town": "",
        "total": 1,
        "undefined": 1
      }
    },
    {
      "type": "Feature",
      "geometry": {
        "type": "Polygon",
        "coordinates": [
          [
            [
              -72.70601,
              41.79172
            ],
            [
              -72.7041,
              41.78452
            ],
            [
              -72.70307,
              41.78432
            ],
            [
              -72.70147,
              41.78747
            ],
            [
              -72.69585,
              41.78685
            ],
            [
              -72.69374,
              41.79603
            ],
            [
              -72.68992,
              41.79605
            ],
            [
              -72.69008,
              41.80084
            ],
            [
              -72.69822,
              41.80074
            ],
            [
              -72.69971,
              41.7948
            ],
            [
              -72.70179,
              41.79126
            ],
            [
              -72.70509,
              41.79102
            ],
            [
              -72.70601,
              41.79172
            ]
          ]
        ]
      },
      "properties": {
        "geoid": "09003504000",
        "name": "Census Tract 5040",
        "town": "",
        "total": 3,
        "undefined": 3
      }
    },
    {
      "type": "Feature",
      "geometry": {
        "type": "Polygon",
        "coordinates": [
          [
            [
              -72.71188,
              41.77023
            ],
            [
              -72.70945,
              41.7604
            ],
            [
              -72.70241,
              41.76103
            ],
            [
              -72.69996,
              41.76195
            ],
            [
              -72.70078,
              41.76239
            ],
            [
              -72.69988,
              41.76773
            ],
            [
              -72.70331,
              41.76723
            ],
            [
              -72.70335,
              41.76796
            ],
            [
              -72.70504,
              41.7685
            ],
            [
              -72.70511,
              41.76922
            ],
            [
              -72.70324,
              41.76939
            ],
            [
              -72.70465,
              41.77125
            ],
            [
              -72.70268,
              41.77218
            ],
            [
              -72.70489,
              41.77366
            ],
            [
              -72.70554,
              41.77519
            ],
            [
              -72.71033,
              41.77631
            ],
            [
              -72.7117,
              41.77328
            ],
            [
              -72.71188,
              41.77023
            ]
          ]
        ]
      },
      "properties": {
        "geoid": "09003504200",
        "name": "Census Tract 5042",
        "town": "",
        "total": 2,
        "undefined": 2
      }
    },
    {
      "type": "Feature",
      "geometry": {
        "type": "Polygon",
        "coordinates": [
          [
            [
              -72.71537,
              41.74435
            ],
            [
              -72.71514,
              41.7426
            ],
            [
              -72.70307,
              41.75784
            ],
            [
              -72.71219,
              41.75621
            ],
            [
              -72.71478,
              41.75643
            ],
            [
              -72.71537,
              41.74435
            ]
          ]
        ]
      },
      "properties": {
        "geoid": "09003504300",
        "name": "Census Tract 5043",
        "town": "",
        "total": 1,
        "undefined": 1
      }
    },
    {
      "type": "Feature",
      "geometry": {
        "type": "Polygon",
        "coordinates": [
          [
            [
              -72.70645,
              41.73512
            ],
            [
              -72.70603,
              41.73321
            ],
            [
              -72.70178,
              41.734
            ],
            [
              -72.69835,
              41.73891
            ],
            [
              -72.6934,
              41.74169
            ],
            [
              -72.6942,
              41.74277
            ],
            [
              -72.694,
              41.74728
            ],
            [
              -72.69826,
              41.74734
            ],
            [
              -72.69831,
              41.7443
            ],
            [
              -72.70474,
              41.7435
            ],
            [
              -72.70292,
              41.73575
            ],
            [
              -72.70645,
              41.73512
            ]
          ]
        ]
      },
      "properties": {
        "geoid": "09003504500",
        "name": "Census Tract 5045",
        "town": "",
        "total": 4,
        "undefined": 4
      }
    },
    {
      "type": "Feature",
      "geometry": {
        "type": "Polygon",
        "coordinates": [
          [
            [
              -72.70538,
              41.7333
            ],
            [
              -72.7053,
              41.72824
            ],
            [
              -72.70504,
              41.72732
            ],
            [
              -72.70418,
              41.7277
            ],
            [
              -72.70385,
              41.72562
            ],
            [
              -72.70484,
              41.7245
            ],
            [
              -72.69184,
              41.72548
            ],
            [
              -72.69101,
              41.72708
            ],
            [
              -72.69279,
              41.73508
            ],
            [
              -72.69296,
              41.74081
            ],
            [
              -72.69219,
              41.74236
            ],
            [
              -72.69835,
              41.73891
            ],
            [
              -72.70149,
              41.73418
            ],
            [
              -72.70538,
              41.7333
            ]
          ]
        ]
      },
      "properties": {
        "geoid": "09003504800",
        "name": "Census Tract 5048",
        "town": "",
        "total": 1,
        "undefined": 1
      }
    },
    {
      "type": "Feature",
      "geometry": {
        "type": "Polygon",
        "coordinates": [
          [
            [
              -72.71514,
              41.7426
            ],
            [
              -72.69831,
              41.7443
            ],
            [
              -72.69826,
              41.74734
            ],
            [
              -72.694,
              41.74728
            ],
            [
              -72.69343,
              41.75338
            ],
            [
              -72.69874,
              41.7528
            ],
            [
              -72.70098,
              41.75335
            ],
            [
              -72.70055,
              41.75832
            ],
            [
              -72.70307,
              41.75784
            ],
            [
              -72.71514,
              41.7426
            ]
          ]
        ]
      },
      "properties": {
        "geoid": "09003504900",
        "name": "Census Tract 5049",
        "town": "",
        "total": 1,
        "undefined": 1
      }
    },
    {
      "type": "Feature",
      "geometry": {
        "type": "Polygon",
        "coordinates": [
          [
            [
              -72.65794,
              41.7769
            ],
            [
              -72.65558,
              41.77534
            ],
            [
              -72.65272,
              41.77467
            ],
            [
              -72.639,
              41.7761
            ],
            [
              -72.63161,
              41.78811
            ],
            [
              -72.62134,
              41.79606
            ],
            [
              -72.61886,
              41.79901
            ],
            [
              -72.64604,
              41.7976
            ],
            [
              -72.64524,
              41.7913
            ],
            [
              -72.64593,
              41.7859
            ],
            [
              -72.65184,
              41.779
            ],
            [
              -72.65794,
              41.7769
            ]
          ]
        ]
      },
      "properties": {
        "geoid": "09003510100",
        "name": "Census Tract 5101",
        "town": "",
        "total": 1,
        "undefined": 1
      }
    },
    {
      "type": "Feature",
      "geometry": {
        "type": "Polygon",
        "coordinates": [
          [
            [
              -72.64647,
              41.76408
            ],
            [
              -72.6453,
              41.76141
            ],
            [
              -72.64358,
              41.76293
            ],
            [
              -72.64285,
              41.76525
            ],
            [
              -72.63331,
              41.76731
            ],
            [
              -72.63268,
              41.76802
            ],
            [
              -72.63135,
              41.7669
            ],
            [
              -72.63093,
              41.76794
            ],
            [
              -72.62953,
              41.76776
            ],
            [
              -72.62793,
              41.76949
            ],
            [
              -72.62543,
              41.7688
            ],
            [
              -72.62137,
              41.77044
            ],
            [
              -72.62089,
              41.77135
            ],
            [
              -72.62201,
              41.77213
            ],
            [
              -72.62028,
              41.77583
            ],
            [
              -72.61889,
              41.77531
            ],
            [
              -72.61854,
              41.77435
            ],
            [
              -72.61489,
              41.77606
            ],
            [
              -72.61332,
              41.77504
            ],
            [
              -72.61347,
              41.77697
            ],
            [
              -72.60893,
              41.77558
            ],
            [
              -72.60536,
              41.7765
            ],
            [
              -72.60707,
              41.77815
            ],
            [
              -72.60742,
              41.7797
            ],
            [
              -72.61073,
              41.77923
            ],
            [
              -72.61258,
              41.78293
            ],
            [
              -72.639,
              41.7761
            ],
            [
              -72.64647,
              41.76408
            ]
          ]
        ]
      },
      "properties": {
        "geoid": "09003510400",
        "name": "Census Tract 5104",
        "town": "",
        "total": 1,
        "undefined": 1
      }
    },
    {
      "type": "Feature",
      "geometry": {
        "type": "Polygon",
        "coordinates": [
          [
            [
              -72.65594,
              41.7543
            ],
            [
              -72.64904,
              41.7502
            ],
            [
              -72.64354,
              41.75009
            ],
            [
              -72.64268,
              41.75065
            ],
            [
              -72.64165,
              41.74672
            ],
            [
              -72.6403,
              41.74488
            ],
            [
              -72.63403,
              41.74161
            ],
            [
              -72.63407,
              41.74271
            ],
            [
              -72.61275,
              41.74571
            ],
            [
              -72.61392,
              41.7505
            ],
            [
              -72.61263,
              41.75206
            ],
            [
              -72.61343,
              41.75263
            ],
            [
              -72.61359,
              41.75506
            ],
            [
              -72.6092,
              41.75583
            ],
            [
              -72.60933,
              41.75672
            ],
            [
              -72.61036,
              41.75662
            ],
            [
              -72.61116,
              41.75941
            ],
            [
              -72.61428,
              41.75981
            ],
            [
              -72.61557,
              41.7636
            ],
            [
              -72.61745,
              41.76334
            ],
            [
              -72.62028,
              41.77583
            ],
            [
              -72.62201,
              41.77213
            ],
            [
              -72.62089,
              41.77135
            ],
            [
              -72.62137,
              41.77044
            ],
            [
              -72.62543,
              41.7688
            ],
            [
              -72.62793,
              41.76949
            ],
            [
              -72.62953,
              41.76776
            ],
            [
              -72.63093,
              41.76794
            ],
            [
              -72.63135,
              41.7669
            ],
            [
              -72.63268,
              41.76802
            ],
            [
              -72.63331,
              41.76731
            ],
            [
              -72.64285,
              41.76525
            ],
            [
              -72.64462,
              41.76168
            ],
            [
              -72.6477,
              41.76139
            ],
            [
              -72.64792,
              41.75992
            ],
            [
              -72.64886,
              41.76054
            ],
            [
              -72.64996,
              41.75838
            ],
            [
              -72.6497,
              41.75725
            ],
            [
              -72.65403,
              41.75446
            ],
            [
              -72.655,
              41.755
            ],
            [
              -72.65594,
              41.7543
            ]
          ]
        ]
      },
      "properties": {
        "geoid": "09003510600",
        "name": "Census Tract 5106",
        "town": "",
        "total": 2,
        "undefined": 2
      }
    },
    {
      "type": "Feature",
      "geometry": {
        "type": "Polygon",
        "coordinates": [
          [
            [
              -72.6056,
              41.74898
            ],
            [
              -72.60512,
              41.74
            ],
            [
              -72.57309,
              41.74392
            ],
            [
              -72.57562,
              41.75706
            ],
            [
              -72.58905,
              41.75522
            ],
            [
              -72.59589,
              41.75204
            ],
            [
              -72.6056,
              41.74898
            ]
          ]
        ]
      },
      "properties": {
        "geoid": "09003511000",
        "name": "Census Tract 5110",
        "town": "",
        "total": 1,
        "undefined": 1
      }
    },
    {
      "type": "Feature",
      "geometry": {
        "type": "Polygon",
        "coordinates": [
          [
            [
              -72.60589,
              41.75131
            ],
            [
              -72.6056,
              41.74898
            ],
            [
              -72.59589,
              41.75204
            ],
            [
              -72.58905,
              41.75522
            ],
            [
              -72.57562,
              41.75706
            ],
            [
              -72.57848,
              41.77404
            ],
            [
              -72.58259,
              41.77305
            ],
            [
              -72.59082,
              41.7728
            ],
            [
              -72.60203,
              41.77122
            ],
            [
              -72.60077,
              41.76939
            ],
            [
              -72.59966,
              41.75982
            ],
            [
              -72.60142,
              41.75488
            ],
            [
              -72.60589,
              41.75131
            ]
          ]
        ]
      },
      "properties": {
        "geoid": "09003511100",
        "name": "Census Tract 5111",
        "town": "",
        "total": 2,
        "undefined": 2
      }
    },
    {
      "type": "Feature",
      "geometry": {
        "type": "Polygon",
        "coordinates": [
          [
            [
              -72.61891,
              41.79497
            ],
            [
              -72.61698,
              41.79022
            ],
            [
              -72.61258,
              41.78293
            ],
            [
              -72.58151,
              41.78978
            ],
            [
              -72.58349,
              41.80064
            ],
            [
              -72.6168,
              41.79913
            ],
            [
              -72.61891,
              41.79497
            ]
          ]
        ]
      },
      "properties": {
        "geoid": "09003511400",
        "name": "Census Tract 5114",
        "town": "",
        "total": 1,
        "undefined": 1
      }
    },
    {
      "type": "Feature",
      "geometry": {
        "type": "Polygon",
        "coordinates": [
          [
            [
              -72.54054,
              41.81174
            ],
            [
              -72.53788,
              41.80971
            ],
            [
              -72.53581,
              41.80543
            ],
            [
              -72.53447,
              41.80594
            ],
            [
              -72.53396,
              41.80312
            ],
            [
              -72.52883,
              41.806
            ],
            [
              -72.52409,
              41.81005
            ],
            [
              -72.51949,
              41.81096
            ],
            [
              -72.51705,
              41.81047
            ],
            [
              -72.5184,
              41.80268
            ],
            [
              -72.52152,
              41.79434
            ],
            [
              -72.51344,
              41.79468
            ],
            [
              -72.50908,
              41.79366
            ],
            [
              -72.5064,
              41.79387
            ],
            [
              -72.50675,
              41.79575
            ],
            [
              -72.50506,
              41.79853
            ],
            [
              -72.50766,
              41.80055
            ],
            [
              -72.50256,
              41.81018
            ],
            [
              -72.50753,
              41.8097
            ],
            [
              -72.50543,
              41.8203
            ],
            [
              -72.54054,
              41.81174
            ]
          ]
        ]
      },
      "properties": {
        "geoid": "09003514104",
        "name": "Census Tract 5141.04",
        "town": "",
        "total": 1,
        "undefined": 1
      }
    },
    {
      "type": "Feature",
      "geometry": {
        "type": "Polygon",
        "coordinates": [
          [
            [
              -72.52152,
              41.79434
            ],
            [
              -72.51921,
              41.77649
            ],
            [
              -72.50802,
              41.77801
            ],
            [
              -72.506,
              41.77897
            ],
            [
              -72.50561,
              41.78923
            ],
            [
              -72.50636,
              41.79098
            ],
            [
              -72.50908,
              41.79366
            ],
            [
              -72.51292,
              41.79464
            ],
            [
              -72.52152,
              41.79434
            ]
          ]
        ]
      },
      "properties": {
        "geoid": "09003514300",
        "name": "Census Tract 5143",
        "town": "",
        "total": 3,
        "undefined": 3
      }
    },
    {
      "type": "Feature",
      "geometry": {
        "type": "Polygon",
        "coordinates": [
          [
            [
              -72.56218,
              41.78077
            ],
            [
              -72.55764,
              41.77961
            ],
            [
              -72.55599,
              41.77652
            ],
            [
              -72.55591,
              41.7733
            ],
            [
              -72.5467,
              41.77423
            ],
            [
              -72.53621,
              41.77246
            ],
            [
              -72.53319,
              41.77264
            ],
            [
              -72.53636,
              41.78911
            ],
            [
              -72.54554,
              41.78747
            ],
            [
              -72.55272,
              41.78465
            ],
            [
              -72.55548,
              41.78448
            ],
            [
              -72.55727,
              41.78194
            ],
            [
              -72.56218,
              41.78077
            ]
          ]
        ]
      },
      "properties": {
        "geoid": "09003514500",
        "name": "Census Tract 5145",
        "town": "",
        "total": 4,
        "undefined": 4
      }
    },
    {
      "type": "Feature",
      "geometry": {
        "type": "Polygon",
        "coordinates": [
          [
            [
              -72.55995,
              41.77014
            ],
            [
              -72.5592,
              41.76773
            ],
            [
              -72.55603,
              41.7665
            ],
            [
              -72.54303,
              41.76456
            ],
            [
              -72.53521,
              41.7644
            ],
            [
              -72.53242,
              41.76535
            ],
            [
              -72.53002,
              41.76489
            ],
            [
              -72.53062,
              41.7714
            ],
            [
              -72.53206,
              41.77249
            ],
            [
              -72.55089,
              41.77427
            ],
            [
              -72.55693,
              41.77287
            ],
            [
              -72.55963,
              41.77113
            ],
            [
              -72.55995,
              41.77014
            ]
          ]
        ]
      },
      "properties": {
        "geoid": "09003514600",
        "name": "Census Tract 5146",
        "town": "",
        "total": 1,
        "undefined": 1
      }
    },
    {
      "type": "Feature",
      "geometry": {
        "type": "Polygon",
        "coordinates": [
          [
            [
              -72.50908,
              41.79366
            ],
            [
              -72.50569,
              41.78986
            ],
            [
              -72.506,
              41.77897
            ],
            [
              -72.50215,
              41.78121
            ],
            [
              -72.50027,
              41.78416
            ],
            [
              -72.49868,
              41.78493
            ],
            [
              -72.48289,
              41.78632
            ],
            [
              -72.47106,
              41.78437
            ],
            [
              -72.47364,
              41.79914
            ],
            [
              -72.48133,
              41.79806
            ],
            [
              -72.48259,
              41.7967
            ],
            [
              -72.4849,
              41.79589
            ],
            [
              -72.50908,
              41.79366
            ]
          ]
        ]
      },
      "properties": {
        "geoid": "09003514900",
        "name": "Census Tract 5149",
        "town": "",
        "total": 1,
        "undefined": 1
      }
    },
    {
      "type": "Feature",
      "geometry": {
        "type": "Polygon",
        "coordinates": [
          [
            [
              -72.57995,
              41.78219
            ],
            [
              -72.57123,
              41.7338
            ],
            [
              -72.51713,
              41.73994
            ],
            [
              -72.51728,
              41.74579
            ],
            [
              -72.52036,
              41.75528
            ],
            [
              -72.52329,
              41.75296
            ],
            [
              -72.52623,
              41.75283
            ],
            [
              -72.52669,
              41.75486
            ],
            [
              -72.52777,
              41.75512
            ],
            [
              -72.5284,
              41.75281
            ],
            [
              -72.54008,
              41.751
            ],
            [
              -72.54204,
              41.75974
            ],
            [
              -72.54553,
              41.75951
            ],
            [
              -72.54872,
              41.76038
            ],
            [
              -72.55947,
              41.76808
            ],
            [
              -72.55968,
              41.77107
            ],
            [
              -72.55588,
              41.77344
            ],
            [
              -72.55599,
              41.77652
            ],
            [
              -72.55764,
              41.77961
            ],
            [
              -72.56139,
              41.78077
            ],
            [
              -72.57296,
              41.78015
            ],
            [
              -72.57995,
              41.78219
            ]
          ]
        ]
      },
      "properties": {
        "geoid": "09003515102",
        "name": "Census Tract 5151.02",
        "town": "",
        "total": 1,
        "undefined": 1
      }
    },
    {
      "type": "Feature",
      "geometry": {
        "type": "Polygon",
        "coordinates": [
          [
            [
              -72.58154,
              41.72681
            ],
            [
              -72.57945,
              41.72108
            ],
            [
              -72.57621,
              41.71842
            ],
            [
              -72.5756,
              41.71693
            ],
            [
              -72.56542,
              41.7182
            ],
            [
              -72.56046,
              41.71769
            ],
            [
              -72.55842,
              41.70869
            ],
            [
              -72.56146,
              41.70361
            ],
            [
              -72.55969,
              41.7029
            ],
            [
              -72.5572,
              41.69916
            ],
            [
              -72.5545,
              41.69859
            ],
            [
              -72.55011,
              41.70057
            ],
            [
              -72.54632,
              41.70008
            ],
            [
              -72.5311,
              41.70134
            ],
            [
              -72.53147,
              41.70404
            ],
            [
              -72.52776,
              41.7097
            ],
            [
              -72.5255,
              41.71606
            ],
            [
              -72.52688,
              41.71898
            ],
            [
              -72.52617,
              41.72107
            ],
            [
              -72.52662,
              41.72672
            ],
            [
              -72.52208,
              41.72978
            ],
            [
              -72.51781,
              41.73032
            ],
            [
              -72.51818,
              41.73769
            ],
            [
              -72.51713,
              41.73994
            ],
            [
              -72.57406,
              41.73348
            ],
            [
              -72.57435,
              41.73244
            ],
            [
              -72.58154,
              41.72681
            ]
          ]
        ]
      },
      "properties": {
        "geoid": "09003520100",
        "name": "Census Tract 5201",
        "town": "",
        "total": 1,
        "undefined": 1
      }
    },
    {
      "type": "Feature",
      "geometry": {
        "type": "Polygon",
        "coordinates": [
          [
            [
              -72.57722,
              41.65062
            ],
            [
              -72.57579,
              41.64414
            ],
            [
              -72.57719,
              41.639
            ],
            [
              -72.50543,
              41.647
            ],
            [
              -72.49731,
              41.6624
            ],
            [
              -72.47732,
              41.66876
            ],
            [
              -72.48272,
              41.68129
            ],
            [
              -72.4768,
              41.68609
            ],
            [
              -72.46988,
              41.68679
            ],
            [
              -72.47121,
              41.69963
            ],
            [
              -72.48068,
              41.69888
            ],
            [
              -72.48473,
              41.69697
            ],
            [
              -72.48867,
              41.69388
            ],
            [
              -72.48976,
              41.69205
            ],
            [
              -72.49701,
              41.68965
            ],
            [
              -72.50215,
              41.69183
            ],
            [
              -72.50354,
              41.69317
            ],
            [
              -72.51268,
              41.69223
            ],
            [
              -72.51578,
              41.693
            ],
            [
              -72.52056,
              41.6926
            ],
            [
              -72.52122,
              41.69637
            ],
            [
              -72.52324,
              41.69624
            ],
            [
              -72.52783,
              41.6993
            ],
            [
              -72.53079,
              41.69967
            ],
            [
              -72.5311,
              41.70134
            ],
            [
              -72.54632,
              41.70008
            ],
            [
              -72.55011,
              41.70057
            ],
            [
              -72.55484,
              41.69854
            ],
            [
              -72.55483,
              41.69754
            ],
            [
              -72.54551,
              41.69595
            ],
            [
              -72.54185,
              41.69339
            ],
            [
              -72.54009,
              41.68952
            ],
            [
              -72.54107,
              41.68386
            ],
            [
              -72.54601,
              41.68124
            ],
            [
              -72.56341,
              41.67915
            ],
            [
              -72.56479,
              41.67463
            ],
            [
              -72.56679,
              41.67225
            ],
            [
              -72.56523,
              41.6676
            ],
            [
              -72.56313,
              41.66584
            ],
            [
              -72.5616,
              41.66317
            ],
            [
              -72.56137,
              41.65996
            ],
            [
              -72.56405,
              41.65227
            ],
            [
              -72.57722,
              41.65062
            ]
          ]
        ]
      },
      "properties": {
        "geoid": "09003520202",
        "name": "Census Tract 5202.02",
        "town": "",
        "total": 1,
        "undefined": 1
      }
    },
    {
      "type": "Feature",
      "geometry": {
        "type": "Polygon",
        "coordinates": [
          [
            [
              -72.63052,
              41.63328
            ],
            [
              -72.57719,
              41.639
            ],
            [
              -72.57579,
              41.64414
            ],
            [
              -72.57722,
              41.65062
            ],
            [
              -72.56418,
              41.6521
            ],
            [
              -72.56137,
              41.65996
            ],
            [
              -72.56169,
              41.66347
            ],
            [
              -72.56523,
              41.6676
            ],
            [
              -72.56676,
              41.67171
            ],
            [
              -72.56674,
              41.67284
            ],
            [
              -72.56496,
              41.67435
            ],
            [
              -72.56368,
              41.67699
            ],
            [
              -72.56341,
              41.67915
            ],
            [
              -72.57842,
              41.6771
            ],
            [
              -72.58073,
              41.67838
            ],
            [
              -72.59867,
              41.67546
            ],
            [
              -72.60157,
              41.67028
            ],
            [
              -72.60203,
              41.66769
            ],
            [
              -72.60697,
              41.66747
            ],
            [
              -72.61334,
              41.66552
            ],
            [
              -72.61618,
              41.66378
            ],
            [
              -72.62802,
              41.66604
            ],
            [
              -72.62814,
              41.6617
            ],
            [
              -72.62353,
              41.6503
            ],
            [
              -72.62444,
              41.6451
            ],
            [
              -72.62784,
              41.6402
            ],
            [
              -72.63052,
              41.63328
            ]
          ]
        ]
      },
      "properties": {
        "geoid": "09003520501",
        "name": "Census Tract 5205.01",
        "town": "",
        "total": 2,
        "undefined": 2
      }
    },
    {
      "type": "Feature",
      "geometry": {
        "type": "Polygon",
        "coordinates": [
          [
            [
              -72.50543,
              41.647
            ],
            [
              -72.47434,
              41.59516
            ],
            [
              -72.46673,
              41.5839
            ],
            [
              -72.41723,
              41.5906
            ],
            [
              -72.41063,
              41.6018
            ],
            [
              -72.40948,
              41.60859
            ],
            [
              -72.40951,
              41.62005
            ],
            [
              -72.40787,
              41.62522
            ],
            [
              -72.40922,
              41.63075
            ],
            [
              -72.41372,
              41.63472
            ],
            [
              -72.41385,
              41.63692
            ],
            [
              -72.42943,
              41.6623
            ],
            [
              -72.44813,
              41.6719
            ],
            [
              -72.45223,
              41.6888
            ],
            [
              -72.4768,
              41.68609
            ],
            [
              -72.48272,
              41.68129
            ],
            [
              -72.47732,
              41.66876
            ],
            [
              -72.49731,
              41.6624
            ],
            [
              -72.50543,
              41.647
            ]
          ]
        ]
      },
      "properties": {
        "geoid": "09003524100",
        "name": "Census Tract 5241",
        "town": "",
        "total": 1,
        "undefined": 1
      }
    },
    {
      "type": "Feature",
      "geometry": {
        "type": "Polygon",
        "coordinates": [
          [
            [
              -72.68614,
              41.8029
            ],
            [
              -72.68604,
              41.80017
            ],
            [
              -72.67576,
              41.7985
            ],
            [
              -72.67805,
              41.79052
            ],
            [
              -72.67191,
              41.78906
            ],
            [
              -72.67386,
              41.78659
            ],
            [
              -72.66877,
              41.78705
            ],
            [
              -72.66202,
              41.79523
            ],
            [
              -72.65464,
              41.8061
            ],
            [
              -72.65573,
              41.80599
            ],
            [
              -72.66029,
              41.80141
            ],
            [
              -72.66286,
              41.80149
            ],
            [
              -72.66274,
              41.80563
            ],
            [
              -72.66043,
              41.80619
            ],
            [
              -72.65836,
              41.80572
            ],
            [
              -72.65867,
              41.80732
            ],
            [
              -72.68614,
              41.8029
            ]
          ]
        ]
      },
      "properties": {
        "geoid": "09003524400",
        "name": "Census Tract 5244",
        "town": "",
        "total": 2,
        "undefined": 2
      }
    },
    {
      "type": "Feature",
      "geometry": {
        "type": "Polygon",
        "coordinates": [
          [
            [
              -72.71615,
              41.76562
            ],
            [
              -72.71478,
              41.75643
            ],
            [
              -72.70903,
              41.75673
            ],
            [
              -72.71103,
              41.76623
            ],
            [
              -72.71615,
              41.76562
            ]
          ]
        ]
      },
      "properties": {
        "geoid": "09003524501",
        "name": "Census Tract 5245.01",
        "town": "",
        "total": 1,
        "undefined": 1
      }
    },
    {
      "type": "Feature",
      "geometry": {
        "type": "Polygon",
        "coordinates": [
          [
            [
              -72.71647,
              41.7708
            ],
            [
              -72.71615,
              41.76562
            ],
            [
              -72.71103,
              41.76623
            ],
            [
              -72.71173,
              41.77305
            ],
            [
              -72.71033,
              41.77631
            ],
            [
              -72.70588,
              41.77533
            ],
            [
              -72.70477,
              41.77358
            ],
            [
              -72.70065,
              41.77238
            ],
            [
              -72.69803,
              41.77812
            ],
            [
              -72.70248,
              41.78071
            ],
            [
              -72.7041,
              41.78452
            ],
            [
              -72.70884,
              41.78502
            ],
            [
              -72.7129,
              41.78693
            ],
            [
              -72.7152,
              41.78716
            ],
            [
              -72.7139,
              41.77741
            ],
            [
              -72.71647,
              41.7708
            ]
          ]
        ]
      },
      "properties": {
        "geoid": "09003524502",
        "name": "Census Tract 5245.02",
        "town": "",
        "total": 1,
        "undefined": 1
      }
    },
    {
      "type": "Feature",
      "geometry": {
        "type": "Polygon",
        "coordinates": [
          [
            [
              -72.69965,
              41.77467
            ],
            [
              -72.68952,
              41.77272
            ],
            [
              -72.69051,
              41.76927
            ],
            [
              -72.6937,
              41.77024
            ],
            [
              -72.69359,
              41.76339
            ],
            [
              -72.68661,
              41.76366
            ],
            [
              -72.68645,
              41.76577
            ],
            [
              -72.68359,
              41.76619
            ],
            [
              -72.68207,
              41.76746
            ],
            [
              -72.6817,
              41.77098
            ],
            [
              -72.68068,
              41.77237
            ],
            [
              -72.68749,
              41.77576
            ],
            [
              -72.69777,
              41.77869
            ],
            [
              -72.69965,
              41.77467
            ]
          ]
        ]
      },
      "properties": {
        "geoid": "09003524600",
        "name": "Census Tract 5246",
        "town": "",
        "total": 3,
        "undefined": 3
      }
    },
    {
      "type": "Feature",
      "geometry": {
        "type": "Polygon",
        "coordinates": [
          [
            [
              -73.50686,
              41.66468
            ],
            [
              -73.50629,
              41.66333
            ],
            [
              -73.49829,
              41.65886
            ],
            [
              -73.49486,
              41.66121
            ],
            [
              -73.49365,
              41.66086
            ],
            [
              -73.49032,
              41.65328
            ],
            [
              -73.47805,
              41.64143
            ],
            [
              -73.4774,
              41.63859
            ],
            [
              -73.47426,
              41.63435
            ],
            [
              -73.47253,
              41.63246
            ],
            [
              -73.46882,
              41.63084
            ],
            [
              -73.46386,
              41.62691
            ],
            [
              -73.46298,
              41.62368
            ],
            [
              -73.46012,
              41.61861
            ],
            [
              -73.44962,
              41.61331
            ],
            [
              -73.44903,
              41.61178
            ],
            [
              -73.44979,
              41.61019
            ],
            [
              -73.44821,
              41.60951
            ],
            [
              -73.44434,
              41.6097
            ],
            [
              -73.44198,
              41.61022
            ],
            [
              -73.43948,
              41.61267
            ],
            [
              -73.43725,
              41.61266
            ],
            [
              -73.43514,
              41.6112
            ],
            [
              -73.43311,
              41.61098
            ],
            [
              -73.43226,
              41.60817
            ],
            [
              -73.43018,
              41.60828
            ],
            [
              -73.42881,
              41.60475
            ],
            [
              -73.43098,
              41.59951
            ],
            [
              -73.43092,
              41.59253
            ],
            [
              -73.42978,
              41.59217
            ],
            [
              -73.43013,
              41.59144
            ],
            [
              -73.42832,
              41.59062
            ],
            [
              -73.42835,
              41.58984
            ],
            [
              -73.42598,
              41.58933
            ],
            [
              -73.42464,
              41.58495
            ],
            [
              -73.42001,
              41.58311
            ],
            [
              -73.42025,
              41.58539
            ],
            [
              -73.42295,
              41.58662
            ],
            [
              -73.42184,
              41.58759
            ],
            [
              -73.42404,
              41.58785
            ],
            [
              -73.42268,
              41.59037
            ],
            [
              -73.42135,
              41.59063
            ],
            [
              -73.42069,
              41.59201
            ],
            [
              -73.42155,
              41.59395
            ],
            [
              -73.42038,
              41.59452
            ],
            [
              -73.41979,
              41.59401
            ],
            [
              -73.41821,
              41.59582
            ],
            [
              -73.41741,
              41.59527
            ],
            [
              -73.41537,
              41.59643
            ],
            [
              -73.41484,
              41.59874
            ],
            [
              -73.41313,
              41.59968
            ],
            [
              -73.41415,
              41.60048
            ],
            [
              -73.41166,
              41.60444
            ],
            [
              -73.41287,
              41.60734
            ],
            [
              -73.41143,
              41.61015
            ],
            [
              -73.40932,
              41.61181
            ],
            [
              -73.40903,
              41.61383
            ],
            [
              -73.40655,
              41.61741
            ],
            [
              -73.40171,
              41.62098
            ],
            [
              -73.40099,
              41.62236
            ],
            [
              -73.39824,
              41.624
            ],
            [
              -73.39426,
              41.62434
            ],
            [
              -73.39727,
              41.62103
            ],
            [
              -73.39809,
              41.61665
            ],
            [
              -73.40225,
              41.61094
            ],
            [
              -73.40408,
              41.60526
            ],
            [
              -73.40567,
              41.60278
            ],
            [
              -73.40326,
              41.60181
            ],
            [
              -73.40227,
              41.60337
            ],
            [
              -73.39571,
              41.60667
            ],
            [
              -73.39178,
              41.60761
            ],
            [
              -73.38364,
              41.6174
            ],
            [
              -73.37743,
              41.61953
            ],
            [
              -73.374,
              41.62162
            ],
            [
              -73.36518,
              41.62952
            ],
            [
              -73.35694,
              41.63383
            ],
            [
              -73.35942,
              41.64707
            ],
            [
              -73.37041,
              41.65529
            ],
            [
              -73.37786,
              41.65898
            ],
            [
              -73.38212,
              41.68333
            ],
            [
              -73.50186,
              41.66955
            ],
            [
              -73.50407,
              41.6691
            ],
            [
              -73.50692,
              41.6658
            ],
            [
              -73.50686,
              41.66468
            ]
          ]
        ]
      },
      "properties": {
        "geoid": "09005253500",
        "name": "Census Tract 2535",
        "town": "",
        "total": 1,
        "undefined": 1
      }
    },
    {
      "type": "Feature",
      "geometry": {
        "type": "Polygon",
        "coordinates": [
          [
            [
              -73.35922,
              42.00896
            ],
            [
              -73.35739,
              42.00486
            ],
            [
              -73.35736,
              42.00258
            ],
            [
              -73.31659,
              42.00007
            ],
            [
              -73.24361,
              41.99402
            ],
            [
              -73.23295,
              42.04505
            ],
            [
              -73.34054,
              42.04836
            ],
            [
              -73.3405,
              42.04426
            ],
            [
              -73.34297,
              42.04257
            ],
            [
              -73.34477,
              42.03761
            ],
            [
              -73.35243,
              42.02869
            ],
            [
              -73.35335,
              42.02424
            ],
            [
              -73.35211,
              42.02291
            ],
            [
              -73.35111,
              42.01644
            ],
            [
              -73.35775,
              42.01297
            ],
            [
              -73.35922,
              42.00896
            ]
          ]
        ]
      },
      "properties": {
        "geoid": "09005260200",
        "name": "Census Tract 2602",
        "town": "",
        "total": 1,
        "undefined": 1
      }
    },
    {
      "type": "Feature",
      "geometry": {
        "type": "Polygon",
        "coordinates": [
          [
            [
              -73.50787,
              41.79219
            ],
            [
              -73.50793,
              41.79152
            ],
            [
              -73.41013,
              41.78829
            ],
            [
              -73.40724,
              41.79268
            ],
            [
              -73.39958,
              41.79877
            ],
            [
              -73.39393,
              41.80594
            ],
            [
              -73.39176,
              41.80746
            ],
            [
              -73.38949,
              41.80706
            ],
            [
              -73.38645,
              41.80824
            ],
            [
              -73.37634,
              41.81455
            ],
            [
              -73.37396,
              41.81682
            ],
            [
              -73.37161,
              41.82153
            ],
            [
              -73.37189,
              41.82282
            ],
            [
              -73.37387,
              41.82507
            ],
            [
              -73.37673,
              41.82484
            ],
            [
              -73.37864,
              41.82565
            ],
            [
              -73.38295,
              41.82898
            ],
            [
              -73.38412,
              41.83098
            ],
            [
              -73.38227,
              41.83381
            ],
            [
              -73.37794,
              41.83756
            ],
            [
              -73.37761,
              41.83956
            ],
            [
              -73.37418,
              41.84553
            ],
            [
              -73.37404,
              41.84803
            ],
            [
              -73.37576,
              41.85102
            ],
            [
              -73.37394,
              41.85322
            ],
            [
              -73.37461,
              41.8581
            ],
            [
              -73.37389,
              41.86066
            ],
            [
              -73.36929,
              41.86549
            ],
            [
              -73.36829,
              41.86838
            ],
            [
              -73.36368,
              41.86919
            ],
            [
              -73.36383,
              41.8716
            ],
            [
              -73.36542,
              41.875
            ],
            [
              -73.36538,
              41.88428
            ],
            [
              -73.35939,
              41.88635
            ],
            [
              -73.35779,
              41.88818
            ],
            [
              -73.35886,
              41.89536
            ],
            [
              -73.36109,
              41.89813
            ],
            [
              -73.35964,
              41.90321
            ],
            [
              -73.36127,
              41.91167
            ],
            [
              -73.36089,
              41.9163
            ],
            [
              -73.36178,
              41.91835
            ],
            [
              -73.4966,
              41.92175
            ],
            [
              -73.4983,
              41.89251
            ],
            [
              -73.50787,
              41.79219
            ]
          ]
        ]
      },
      "properties": {
        "geoid": "09005262100",
        "name": "Census Tract 2621",
        "town": "",
        "total": 1,
        "undefined": 1
      }
    },
    {
      "type": "Feature",
      "geometry": {
        "type": "Polygon",
        "coordinates": [
          [
            [
              -73.51807,
              41.66678
            ],
            [
              -73.51602,
              41.66596
            ],
            [
              -73.51038,
              41.6665
            ],
            [
              -73.50692,
              41.6658
            ],
            [
              -73.50407,
              41.6691
            ],
            [
              -73.50186,
              41.66955
            ],
            [
              -73.38212,
              41.68333
            ],
            [
              -73.38311,
              41.68706
            ],
            [
              -73.384,
              41.69876
            ],
            [
              -73.37875,
              41.69938
            ],
            [
              -73.38032,
              41.70168
            ],
            [
              -73.38005,
              41.70398
            ],
            [
              -73.38348,
              41.70833
            ],
            [
              -73.39855,
              41.73617
            ],
            [
              -73.40157,
              41.75436
            ],
            [
              -73.39323,
              41.76093
            ],
            [
              -73.38692,
              41.78101
            ],
            [
              -73.41484,
              41.78145
            ],
            [
              -73.41013,
              41.78829
            ],
            [
              -73.50793,
              41.79152
            ],
            [
              -73.51807,
              41.66678
            ]
          ]
        ]
      },
      "properties": {
        "geoid": "09005266100",
        "name": "Census Tract 2661",
        "town": "",
        "total": 1,
        "undefined": 1
      }
    },
    {
      "type": "Feature",
      "geometry": {
        "type": "Polygon",
        "coordinates": [
          [
            [
              -73.1221,
              41.81938
            ],
            [
              -73.12124,
              41.80601
            ],
            [
              -73.11421,
              41.80648
            ],
            [
              -73.1141,
              41.80556
            ],
            [
              -73.10666,
              41.80967
            ],
            [
              -73.10641,
              41.81505
            ],
            [
              -73.1033,
              41.81767
            ],
            [
              -73.09194,
              41.82021
            ],
            [
              -73.0915,
              41.82177
            ],
            [
              -73.10142,
              41.82404
            ],
            [
              -73.10582,
              41.83178
            ],
            [
              -73.1221,
              41.81938
            ]
          ]
        ]
      },
      "properties": {
        "geoid": "09005310100",
        "name": "Census Tract 3101",
        "town": "",
        "total": 1,
        "undefined": 1
      }
    },
    {
      "type": "Feature",
      "geometry": {
        "type": "Polygon",
        "coordinates": [
          [
            [
              -73.09594,
              41.80666
            ],
            [
              -73.08951,
              41.80048
            ],
            [
              -73.08292,
              41.79837
            ],
            [
              -73.07668,
              41.79845
            ],
            [
              -73.06767,
              41.83038
            ],
            [
              -73.07829,
              41.83065
            ],
            [
              -73.09152,
              41.83255
            ],
            [
              -73.09049,
              41.82548
            ],
            [
              -73.09594,
              41.80666
            ]
          ]
        ]
      },
      "properties": {
        "geoid": "09005310602",
        "name": "Census Tract 3106.02",
        "town": "",
        "total": 1,
        "undefined": 1
      }
    },
    {
      "type": "Feature",
      "geometry": {
        "type": "Polygon",
        "coordinates": [
          [
            [
              -73.20183,
              41.79005
            ],
            [
              -73.16778,
              41.79352
            ],
            [
              -73.16894,
              41.80056
            ],
            [
              -73.1319,
              41.80454
            ],
            [
              -73.13722,
              41.81214
            ],
            [
              -73.14263,
              41.81471
            ],
            [
              -73.14448,
              41.81653
            ],
            [
              -73.14506,
              41.8183
            ],
            [
              -73.15191,
              41.81917
            ],
            [
              -73.15991,
              41.82365
            ],
            [
              -73.16494,
              41.82312
            ],
            [
              -73.17262,
              41.82435
            ],
            [
              -73.18051,
              41.8274
            ],
            [
              -73.19006,
              41.82946
            ],
            [
              -73.20183,
              41.79005
            ]
          ]
        ]
      },
      "properties": {
        "geoid": "09005310804",
        "name": "Census Tract 3108.04",
        "town": "",
        "total": 1,
        "undefined": 1
      }
    },
    {
      "type": "Feature",
      "geometry": {
        "type": "Polygon",
        "coordinates": [
          [
            [
              -73.1415,
              41.67272
            ],
            [
              -73.13931,
              41.66851
            ],
            [
              -73.13844,
              41.66861
            ],
            [
              -73.13571,
              41.66598
            ],
            [
              -73.1342,
              41.66559
            ],
            [
              -73.13165,
              41.66167
            ],
            [
              -73.12934,
              41.66363
            ],
            [
              -73.12568,
              41.66425
            ],
            [
              -73.12356,
              41.66329
            ],
            [
              -73.1219,
              41.66036
            ],
            [
              -73.11853,
              41.66173
            ],
            [
              -73.11375,
              41.66107
            ],
            [
              -73.11445,
              41.65813
            ],
            [
              -73.11402,
              41.6568
            ],
            [
              -73.10924,
              41.65803
            ],
            [
              -73.10867,
              41.65698
            ],
            [
              -73.10732,
              41.6566
            ],
            [
              -73.10558,
              41.65796
            ],
            [
              -73.10381,
              41.65793
            ],
            [
              -73.09493,
              41.65483
            ],
            [
              -73.09377,
              41.65255
            ],
            [
              -73.09284,
              41.65252
            ],
            [
              -73.09307,
              41.6516
            ],
            [
              -73.08856,
              41.65076
            ],
            [
              -73.08849,
              41.64983
            ],
            [
              -73.0811,
              41.64765
            ],
            [
              -73.08085,
              41.64221
            ],
            [
              -73.07986,
              41.64147
            ],
            [
              -73.08024,
              41.64025
            ],
            [
              -73.07731,
              41.63387
            ],
            [
              -73.0777,
              41.63126
            ],
            [
              -73.0687,
              41.62672
            ],
            [
              -73.06725,
              41.62397
            ],
            [
              -73.06312,
              41.6209
            ],
            [
              -73.05912,
              41.61978
            ],
            [
              -73.0579,
              41.6162
            ],
            [
              -73.05876,
              41.60667
            ],
            [
              -73.05036,
              41.60975
            ],
            [
              -73.06482,
              41.64104
            ],
            [
              -73.06206,
              41.65974
            ],
            [
              -73.06364,
              41.65996
            ],
            [
              -73.06496,
              41.65916
            ],
            [
              -73.0712,
              41.65988
            ],
            [
              -73.07488,
              41.65885
            ],
            [
              -73.07674,
              41.65745
            ],
            [
              -73.08008,
              41.65752
            ],
            [
              -73.07993,
              41.66588
            ],
            [
              -73.07847,
              41.66838
            ],
            [
              -73.08132,
              41.67054
            ],
            [
              -73.07688,
              41.67167
            ],
            [
              -73.07701,
              41.67741
            ],
            [
              -73.07808,
              41.68237
            ],
            [
              -73.0817,
              41.68782
            ],
            [
              -73.08685,
              41.69809
            ],
            [
              -73.1415,
              41.67272
            ]
          ]
        ]
      },
      "properties": {
        "geoid": "09005349100",
        "name": "Census Tract 3491",
        "town": "",
        "total": 1,
        "undefined": 1
      }
    },
    {
      "type": "Feature",
      "geometry": {
        "type": "Polygon",
        "coordinates": [
          [
            [
              -73.06467,
              41.64182
            ],
            [
              -73.05036,
              41.60975
            ],
            [
              -73.03616,
              41.6152
            ],
            [
              -73.01865,
              41.6141
            ],
            [
              -73.02147,
              41.6271
            ],
            [
              -73.00405,
              41.62858
            ],
            [
              -72.98325,
              41.6396
            ],
            [
              -72.98764,
              41.66043
            ],
            [
              -72.99051,
              41.66185
            ],
            [
              -72.99558,
              41.66063
            ],
            [
              -73.00133,
              41.66138
            ],
            [
              -73.00707,
              41.66381
            ],
            [
              -73.00987,
              41.67137
            ],
            [
              -73.00934,
              41.67546
            ],
            [
              -73.01155,
              41.67668
            ],
            [
              -73.01116,
              41.67843
            ],
            [
              -73.01738,
              41.68036
            ],
            [
              -73.0322,
              41.67711
            ],
            [
              -73.03613,
              41.67504
            ],
            [
              -73.04356,
              41.67392
            ],
            [
              -73.04847,
              41.67155
            ],
            [
              -73.05658,
              41.67167
            ],
            [
              -73.06031,
              41.67324
            ],
            [
              -73.06467,
              41.64182
            ]
          ]
        ]
      },
      "properties": {
        "geoid": "09005425400",
        "name": "Census Tract 4254",
        "town": "",
        "total": 1,
        "undefined": 1
      }
    },
    {
      "type": "Feature",
      "geometry": {
        "type": "Polygon",
        "coordinates": [
          [
            [
              -73.45824,
              41.60249
            ],
            [
              -73.45778,
              41.60082
            ],
            [
              -73.45461,
              41.59762
            ],
            [
              -73.45412,
              41.59619
            ],
            [
              -73.4417,
              41.58623
            ],
            [
              -73.43991,
              41.58383
            ],
            [
              -73.43005,
              41.58323
            ],
            [
              -73.43012,
              41.58181
            ],
            [
              -73.43216,
              41.57992
            ],
            [
              -73.44013,
              41.56727
            ],
            [
              -73.43715,
              41.55715
            ],
            [
              -73.43775,
              41.55411
            ],
            [
              -73.43655,
              41.54705
            ],
            [
              -73.43725,
              41.54428
            ],
            [
              -73.43557,
              41.54043
            ],
            [
              -73.43557,
              41.53867
            ],
            [
              -73.43646,
              41.53752
            ],
            [
              -73.43496,
              41.53415
            ],
            [
              -73.43196,
              41.53373
            ],
            [
              -73.4277,
              41.53452
            ],
            [
              -73.42508,
              41.53372
            ],
            [
              -73.42351,
              41.53428
            ],
            [
              -73.42313,
              41.53531
            ],
            [
              -73.41568,
              41.53845
            ],
            [
              -73.41613,
              41.5403
            ],
            [
              -73.40985,
              41.54235
            ],
            [
              -73.4073,
              41.54455
            ],
            [
              -73.40729,
              41.54775
            ],
            [
              -73.40624,
              41.54988
            ],
            [
              -73.40697,
              41.55377
            ],
            [
              -73.40667,
              41.5578
            ],
            [
              -73.40518,
              41.56235
            ],
            [
              -73.40763,
              41.5642
            ],
            [
              -73.40773,
              41.56843
            ],
            [
              -73.41245,
              41.57618
            ],
            [
              -73.40872,
              41.57662
            ],
            [
              -73.40644,
              41.57383
            ],
            [
              -73.40434,
              41.57486
            ],
            [
              -73.4029,
              41.57668
            ],
            [
              -73.40227,
              41.58293
            ],
            [
              -73.40356,
              41.58196
            ],
            [
              -73.41488,
              41.58007
            ],
            [
              -73.41972,
              41.58308
            ],
            [
              -73.42464,
              41.58495
            ],
            [
              -73.42598,
              41.58933
            ],
            [
              -73.42835,
              41.58984
            ],
            [
              -73.42832,
              41.59062
            ],
            [
              -73.42959,
              41.59075
            ],
            [
              -73.42978,
              41.59217
            ],
            [
              -73.43097,
              41.59275
            ],
            [
              -73.43111,
              41.59578
            ],
            [
              -73.43045,
              41.59647
            ],
            [
              -73.43098,
              41.59951
            ],
            [
              -73.42881,
              41.60475
            ],
            [
              -73.42992,
              41.60789
            ],
            [
              -73.43226,
              41.60817
            ],
            [
              -73.43311,
              41.61098
            ],
            [
              -73.43514,
              41.6112
            ],
            [
              -73.43691,
              41.6126
            ],
            [
              -73.43948,
              41.61267
            ],
            [
              -73.44198,
              41.61022
            ],
            [
              -73.44434,
              41.6097
            ],
            [
              -73.44821,
              41.60951
            ],
            [
              -73.44979,
              41.61019
            ],
            [
              -73.45116,
              41.60848
            ],
            [
              -73.45492,
              41.60735
            ],
            [
              -73.45824,
              41.60249
            ]
          ]
        ]
      },
      "properties": {
        "geoid": "09005425700",
        "name": "Census Tract 4257",
        "town": "",
        "total": 2,
        "undefined": 2
      }
    },
    {
      "type": "Feature",
      "geometry": {
        "type": "Polygon",
        "coordinates": [
          [
            [
              -72.66655,
              41.56309
            ],
            [
              -72.66562,
              41.56099
            ],
            [
              -72.66251,
              41.56032
            ],
            [
              -72.66118,
              41.55895
            ],
            [
              -72.65825,
              41.55986
            ],
            [
              -72.6595,
              41.5619
            ],
            [
              -72.65199,
              41.56414
            ],
            [
              -72.6545,
              41.56723
            ],
            [
              -72.64844,
              41.56922
            ],
            [
              -72.6488,
              41.57524
            ],
            [
              -72.65155,
              41.57311
            ],
            [
              -72.65403,
              41.57229
            ],
            [
              -72.65451,
              41.57323
            ],
            [
              -72.6561,
              41.57339
            ],
            [
              -72.65623,
              41.57608
            ],
            [
              -72.65532,
              41.57764
            ],
            [
              -72.65684,
              41.57751
            ],
            [
              -72.65789,
              41.57896
            ],
            [
              -72.65849,
              41.57803
            ],
            [
              -72.66137,
              41.57701
            ],
            [
              -72.66,
              41.57544
            ],
            [
              -72.66119,
              41.57493
            ],
            [
              -72.66175,
              41.57308
            ],
            [
              -72.66383,
              41.57238
            ],
            [
              -72.66567,
              41.57023
            ],
            [
              -72.66637,
              41.56696
            ],
            [
              -72.663,
              41.56652
            ],
            [
              -72.66215,
              41.56503
            ],
            [
              -72.66655,
              41.56309
            ]
          ]
        ]
      },
      "properties": {
        "geoid": "09007541100",
        "name": "Census Tract 5411",
        "town": "",
        "total": 14,
        "undefined": 14
      }
    },
    {
      "type": "Feature",
      "geometry": {
        "type": "Polygon",
        "coordinates": [
          [
            [
              -72.69745,
              41.59408
            ],
            [
              -72.69368,
              41.59138
            ],
            [
              -72.69124,
              41.59105
            ],
            [
              -72.69269,
              41.58101
            ],
            [
              -72.69132,
              41.57574
            ],
            [
              -72.69152,
              41.57096
            ],
            [
              -72.69003,
              41.5638
            ],
            [
              -72.68443,
              41.56319
            ],
            [
              -72.67338,
              41.56404
            ],
            [
              -72.66991,
              41.56499
            ],
            [
              -72.66797,
              41.56221
            ],
            [
              -72.66562,
              41.56099
            ],
            [
              -72.66655,
              41.56309
            ],
            [
              -72.66248,
              41.56459
            ],
            [
              -72.66206,
              41.56562
            ],
            [
              -72.663,
              41.56652
            ],
            [
              -72.66636,
              41.56675
            ],
            [
              -72.66567,
              41.57023
            ],
            [
              -72.66383,
              41.57238
            ],
            [
              -72.66175,
              41.57308
            ],
            [
              -72.66119,
              41.57493
            ],
            [
              -72.66,
              41.57544
            ],
            [
              -72.66137,
              41.57701
            ],
            [
              -72.65849,
              41.57803
            ],
            [
              -72.65789,
              41.57896
            ],
            [
              -72.66091,
              41.57899
            ],
            [
              -72.66114,
              41.58026
            ],
            [
              -72.6681,
              41.58355
            ],
            [
              -72.6679,
              41.58625
            ],
            [
              -72.66538,
              41.5871
            ],
            [
              -72.66729,
              41.58924
            ],
            [
              -72.66678,
              41.59034
            ],
            [
              -72.66728,
              41.59142
            ],
            [
              -72.67036,
              41.59173
            ],
            [
              -72.67319,
              41.59469
            ],
            [
              -72.67181,
              41.59763
            ],
            [
              -72.67276,
              41.59895
            ],
            [
              -72.67519,
              41.59979
            ],
            [
              -72.67627,
              41.59849
            ],
            [
              -72.67951,
              41.59713
            ],
            [
              -72.68033,
              41.59737
            ],
            [
              -72.68096,
              41.60049
            ],
            [
              -72.68407,
              41.60186
            ],
            [
              -72.68922,
              41.60077
            ],
            [
              -72.69369,
              41.60161
            ],
            [
              -72.69745,
              41.59408
            ]
          ]
        ]
      },
      "properties": {
        "geoid": "09007541200",
        "name": "Census Tract 5412",
        "town": "",
        "total": 11,
        "undefined": 11
      }
    },
    {
      "type": "Feature",
      "geometry": {
        "type": "Polygon",
        "coordinates": [
          [
            [
              -72.70945,
              41.58429
            ],
            [
              -72.70791,
              41.58403
            ],
            [
              -72.70768,
              41.58078
            ],
            [
              -72.70234,
              41.58119
            ],
            [
              -72.69851,
              41.59205
            ],
            [
              -72.6951,
              41.59886
            ],
            [
              -72.69956,
              41.59768
            ],
            [
              -72.70288,
              41.59585
            ],
            [
              -72.7038,
              41.59285
            ],
            [
              -72.7078,
              41.58905
            ],
            [
              -72.70945,
              41.58429
            ]
          ]
        ]
      },
      "properties": {
        "geoid": "09007541302",
        "name": "Census Tract 5413.02",
        "town": "",
        "total": 4,
        "undefined": 4
      }
    },
    {
      "type": "Feature",
      "geometry": {
        "type": "Polygon",
        "coordinates": [
          [
            [
              -72.75294,
              41.5925
            ],
            [
              -72.74888,
              41.54428
            ],
            [
              -72.73486,
              41.54433
            ],
            [
              -72.73358,
              41.54616
            ],
            [
              -72.72288,
              41.54795
            ],
            [
              -72.71166,
              41.54865
            ],
            [
              -72.7112,
              41.54772
            ],
            [
              -72.7009,
              41.54903
            ],
            [
              -72.7012,
              41.5525
            ],
            [
              -72.70272,
              41.55491
            ],
            [
              -72.70146,
              41.56343
            ],
            [
              -72.70247,
              41.56911
            ],
            [
              -72.70204,
              41.58078
            ],
            [
              -72.70768,
              41.58078
            ],
            [
              -72.70807,
              41.58417
            ],
            [
              -72.71409,
              41.58373
            ],
            [
              -72.71172,
              41.58711
            ],
            [
              -72.70845,
              41.59785
            ],
            [
              -72.70517,
              41.60325
            ],
            [
              -72.70805,
              41.60265
            ],
            [
              -72.70886,
              41.60388
            ],
            [
              -72.71245,
              41.60242
            ],
            [
              -72.71454,
              41.60431
            ],
            [
              -72.72704,
              41.6024
            ],
            [
              -72.72994,
              41.6015
            ],
            [
              -72.73167,
              41.59578
            ],
            [
              -72.75294,
              41.5925
            ]
          ]
        ]
      },
      "properties": {
        "geoid": "09007541401",
        "name": "Census Tract 5414.01",
        "town": "",
        "total": 5,
        "undefined": 5
      }
    },
    {
      "type": "Feature",
      "geometry": {
        "type": "Polygon",
        "coordinates": [
          [
            [
              -72.70272,
              41.55527
            ],
            [
              -72.70119,
              41.55248
            ],
            [
              -72.7009,
              41.54891
            ],
            [
              -72.69455,
              41.54953
            ],
            [
              -72.69022,
              41.54202
            ],
            [
              -72.67735,
              41.54681
            ],
            [
              -72.67192,
              41.55009
            ],
            [
              -72.66809,
              41.55097
            ],
            [
              -72.6661,
              41.55382
            ],
            [
              -72.66478,
              41.55792
            ],
            [
              -72.66118,
              41.55895
            ],
            [
              -72.66251,
              41.56032
            ],
            [
              -72.6674,
              41.56177
            ],
            [
              -72.66991,
              41.56499
            ],
            [
              -72.67338,
              41.56404
            ],
            [
              -72.68443,
              41.56319
            ],
            [
              -72.69003,
              41.5638
            ],
            [
              -72.69152,
              41.57096
            ],
            [
              -72.69132,
              41.57574
            ],
            [
              -72.69269,
              41.58101
            ],
            [
              -72.69124,
              41.59105
            ],
            [
              -72.69349,
              41.59129
            ],
            [
              -72.69755,
              41.59388
            ],
            [
              -72.70234,
              41.58119
            ],
            [
              -72.70181,
              41.57434
            ],
            [
              -72.70247,
              41.56911
            ],
            [
              -72.70146,
              41.56343
            ],
            [
              -72.70272,
              41.55527
            ]
          ]
        ]
      },
      "properties": {
        "geoid": "09007541402",
        "name": "Census Tract 5414.02",
        "town": "",
        "total": 11,
        "undefined": 11
      }
    },
    {
      "type": "Feature",
      "geometry": {
        "type": "Polygon",
        "coordinates": [
          [
            [
              -72.66705,
              41.55217
            ],
            [
              -72.66446,
              41.55095
            ],
            [
              -72.65843,
              41.55357
            ],
            [
              -72.65928,
              41.54614
            ],
            [
              -72.65744,
              41.54752
            ],
            [
              -72.65355,
              41.54752
            ],
            [
              -72.65314,
              41.54886
            ],
            [
              -72.65182,
              41.54929
            ],
            [
              -72.65207,
              41.55158
            ],
            [
              -72.65307,
              41.55192
            ],
            [
              -72.65465,
              41.55558
            ],
            [
              -72.65216,
              41.55652
            ],
            [
              -72.6529,
              41.55764
            ],
            [
              -72.65223,
              41.55795
            ],
            [
              -72.65525,
              41.56316
            ],
            [
              -72.6595,
              41.5619
            ],
            [
              -72.65825,
              41.55986
            ],
            [
              -72.66478,
              41.55792
            ],
            [
              -72.66705,
              41.55217
            ]
          ]
        ]
      },
      "properties": {
        "geoid": "09007541500",
        "name": "Census Tract 5415",
        "town": "",
        "total": 10,
        "undefined": 10
      }
    },
    {
      "type": "Feature",
      "geometry": {
        "type": "Polygon",
        "coordinates": [
          [
            [
              -72.65525,
              41.56316
            ],
            [
              -72.65223,
              41.55795
            ],
            [
              -72.6529,
              41.55764
            ],
            [
              -72.65216,
              41.55652
            ],
            [
              -72.64588,
              41.5589
            ],
            [
              -72.64521,
              41.55755
            ],
            [
              -72.64419,
              41.55798
            ],
            [
              -72.64131,
              41.56136
            ],
            [
              -72.6443,
              41.56291
            ],
            [
              -72.64703,
              41.56556
            ],
            [
              -72.64845,
              41.56784
            ],
            [
              -72.64844,
              41.56922
            ],
            [
              -72.65428,
              41.56751
            ],
            [
              -72.65446,
              41.56671
            ],
            [
              -72.65199,
              41.56414
            ],
            [
              -72.65525,
              41.56316
            ]
          ]
        ]
      },
      "properties": {
        "geoid": "09007541600",
        "name": "Census Tract 5416",
        "town": "",
        "total": 5,
        "undefined": 5
      }
    },
    {
      "type": "Feature",
      "geometry": {
        "type": "Polygon",
        "coordinates": [
          [
            [
              -72.65465,
              41.55558
            ],
            [
              -72.65307,
              41.55192
            ],
            [
              -72.65224,
              41.55213
            ],
            [
              -72.65182,
              41.54929
            ],
            [
              -72.65006,
              41.55009
            ],
            [
              -72.65023,
              41.54947
            ],
            [
              -72.64941,
              41.54932
            ],
            [
              -72.64651,
              41.54995
            ],
            [
              -72.63375,
              41.54676
            ],
            [
              -72.6302,
              41.54744
            ],
            [
              -72.63491,
              41.55964
            ],
            [
              -72.63426,
              41.56066
            ],
            [
              -72.63868,
              41.56039
            ],
            [
              -72.64131,
              41.56136
            ],
            [
              -72.64419,
              41.55798
            ],
            [
              -72.64521,
              41.55755
            ],
            [
              -72.64588,
              41.5589
            ],
            [
              -72.65465,
              41.55558
            ]
          ]
        ]
      },
      "properties": {
        "geoid": "09007541700",
        "name": "Census Tract 5417",
        "town": "",
        "total": 8,
        "undefined": 8
      }
    },
    {
      "type": "Feature",
      "geometry": {
        "type": "Polygon",
        "coordinates": [
          [
            [
              -72.65955,
              41.53161
            ],
            [
              -72.6509,
              41.53189
            ],
            [
              -72.64766,
              41.53302
            ],
            [
              -72.64458,
              41.53244
            ],
            [
              -72.61841,
              41.53449
            ],
            [
              -72.62454,
              41.53984
            ],
            [
              -72.63062,
              41.54721
            ],
            [
              -72.63375,
              41.54676
            ],
            [
              -72.64775,
              41.54986
            ],
            [
              -72.65023,
              41.54947
            ],
            [
              -72.65328,
              41.53996
            ],
            [
              -72.65715,
              41.53326
            ],
            [
              -72.65955,
              41.53161
            ]
          ]
        ]
      },
      "properties": {
        "geoid": "09007542000",
        "name": "Census Tract 5420",
        "town": "",
        "total": 16,
        "undefined": 16
      }
    },
    {
      "type": "Feature",
      "geometry": {
        "type": "Polygon",
        "coordinates": [
          [
            [
              -72.69016,
              41.54203
            ],
            [
              -72.68736,
              41.53616
            ],
            [
              -72.68109,
              41.53921
            ],
            [
              -72.67867,
              41.53946
            ],
            [
              -72.67768,
              41.53601
            ],
            [
              -72.67844,
              41.53107
            ],
            [
              -72.66551,
              41.53113
            ],
            [
              -72.66447,
              41.52572
            ],
            [
              -72.66037,
              41.53109
            ],
            [
              -72.6574,
              41.53294
            ],
            [
              -72.65548,
              41.53588
            ],
            [
              -72.65305,
              41.54049
            ],
            [
              -72.65006,
              41.55009
            ],
            [
              -72.65314,
              41.54886
            ],
            [
              -72.65355,
              41.54752
            ],
            [
              -72.65744,
              41.54752
            ],
            [
              -72.65928,
              41.54614
            ],
            [
              -72.65843,
              41.55357
            ],
            [
              -72.66446,
              41.55095
            ],
            [
              -72.66705,
              41.55217
            ],
            [
              -72.66827,
              41.55086
            ],
            [
              -72.67192,
              41.55009
            ],
            [
              -72.67735,
              41.54681
            ],
            [
              -72.69016,
              41.54203
            ]
          ]
        ]
      },
      "properties": {
        "geoid": "09007542100",
        "name": "Census Tract 5421",
        "town": "",
        "total": 12,
        "undefined": 12
      }
    },
    {
      "type": "Feature",
      "geometry": {
        "type": "Polygon",
        "coordinates": [
          [
            [
              -72.68734,
              41.5362
            ],
            [
              -72.68206,
              41.52973
            ],
            [
              -72.68086,
              41.52271
            ],
            [
              -72.68127,
              41.51687
            ],
            [
              -72.68031,
              41.5162
            ],
            [
              -72.6779,
              41.49623
            ],
            [
              -72.67272,
              41.50342
            ],
            [
              -72.66989,
              41.51076
            ],
            [
              -72.66818,
              41.5198
            ],
            [
              -72.66395,
              41.52624
            ],
            [
              -72.6646,
              41.52584
            ],
            [
              -72.66551,
              41.53113
            ],
            [
              -72.67844,
              41.53107
            ],
            [
              -72.67768,
              41.53601
            ],
            [
              -72.67867,
              41.53946
            ],
            [
              -72.68109,
              41.53921
            ],
            [
              -72.68734,
              41.5362
            ]
          ]
        ]
      },
      "properties": {
        "geoid": "09007542200",
        "name": "Census Tract 5422",
        "town": "",
        "total": 6,
        "undefined": 6
      }
    },
    {
      "type": "Feature",
      "geometry": {
        "type": "Polygon",
        "coordinates": [
          [
            [
              -72.5595,
              41.56239
            ],
            [
              -72.55073,
              41.5618
            ],
            [
              -72.54366,
              41.5629
            ],
            [
              -72.53655,
              41.56719
            ],
            [
              -72.51833,
              41.5739
            ],
            [
              -72.50653,
              41.58209
            ],
            [
              -72.50024,
              41.58457
            ],
            [
              -72.4954,
              41.58522
            ],
            [
              -72.49395,
              41.58625
            ],
            [
              -72.49049,
              41.59264
            ],
            [
              -72.48779,
              41.60027
            ],
            [
              -72.48534,
              41.60411
            ],
            [
              -72.48154,
              41.60774
            ],
            [
              -72.50543,
              41.647
            ],
            [
              -72.54423,
              41.6427
            ],
            [
              -72.52929,
              41.61743
            ],
            [
              -72.54449,
              41.61582
            ],
            [
              -72.5408,
              41.60536
            ],
            [
              -72.54299,
              41.59642
            ],
            [
              -72.55409,
              41.58152
            ],
            [
              -72.55749,
              41.57845
            ],
            [
              -72.5595,
              41.56239
            ]
          ]
        ]
      },
      "properties": {
        "geoid": "09007550100",
        "name": "Census Tract 5501",
        "town": "",
        "total": 1,
        "undefined": 1
      }
    },
    {
      "type": "Feature",
      "geometry": {
        "type": "Polygon",
        "coordinates": [
          [
            [
              -72.64893,
              41.57572
            ],
            [
              -72.64845,
              41.56784
            ],
            [
              -72.6443,
              41.56291
            ],
            [
              -72.63868,
              41.56039
            ],
            [
              -72.62458,
              41.56089
            ],
            [
              -72.62625,
              41.56682
            ],
            [
              -72.62567,
              41.56883
            ],
            [
              -72.6291,
              41.56867
            ],
            [
              -72.63175,
              41.56949
            ],
            [
              -72.62709,
              41.57681
            ],
            [
              -72.62339,
              41.58546
            ],
            [
              -72.61988,
              41.58993
            ],
            [
              -72.62463,
              41.59069
            ],
            [
              -72.62252,
              41.59312
            ],
            [
              -72.61996,
              41.59853
            ],
            [
              -72.61637,
              41.60131
            ],
            [
              -72.62077,
              41.60048
            ],
            [
              -72.62288,
              41.60073
            ],
            [
              -72.62395,
              41.60184
            ],
            [
              -72.62593,
              41.60135
            ],
            [
              -72.63585,
              41.59605
            ],
            [
              -72.63902,
              41.59281
            ],
            [
              -72.64377,
              41.58411
            ],
            [
              -72.64723,
              41.57979
            ],
            [
              -72.64893,
              41.57572
            ]
          ]
        ]
      },
      "properties": {
        "geoid": "09007560200",
        "name": "Census Tract 5602",
        "town": "",
        "total": 1,
        "undefined": 1
      }
    },
    {
      "type": "Feature",
      "geometry": {
        "type": "Polygon",
        "coordinates": [
          [
            [
              -72.71592,
              41.60642
            ],
            [
              -72.71271,
              41.60246
            ],
            [
              -72.7102,
              41.60284
            ],
            [
              -72.70886,
              41.60388
            ],
            [
              -72.70805,
              41.60265
            ],
            [
              -72.70532,
              41.60333
            ],
            [
              -72.69651,
              41.60034
            ],
            [
              -72.69369,
              41.60161
            ],
            [
              -72.68922,
              41.60077
            ],
            [
              -72.68407,
              41.60186
            ],
            [
              -72.68096,
              41.60049
            ],
            [
              -72.68033,
              41.59737
            ],
            [
              -72.67883,
              41.59711
            ],
            [
              -72.6771,
              41.598
            ],
            [
              -72.67607,
              41.60263
            ],
            [
              -72.67664,
              41.60663
            ],
            [
              -72.67519,
              41.62178
            ],
            [
              -72.67698,
              41.62919
            ],
            [
              -72.67588,
              41.63309
            ],
            [
              -72.7139,
              41.62771
            ],
            [
              -72.71591,
              41.625
            ],
            [
              -72.7158,
              41.62373
            ],
            [
              -72.71329,
              41.62084
            ],
            [
              -72.71284,
              41.61893
            ],
            [
              -72.71113,
              41.61804
            ],
            [
              -72.71257,
              41.61668
            ],
            [
              -72.71364,
              41.61074
            ],
            [
              -72.71592,
              41.60642
            ]
          ]
        ]
      },
      "properties": {
        "geoid": "09007570100",
        "name": "Census Tract 5701",
        "town": "",
        "total": 1,
        "undefined": 1
      }
    },
    {
      "type": "Feature",
      "geometry": {
        "type": "Polygon",
        "coordinates": [
          [
            [
              -72.67713,
              41.59912
            ],
            [
              -72.6771,
              41.598
            ],
            [
              -72.67519,
              41.59979
            ],
            [
              -72.67276,
              41.59895
            ],
            [
              -72.67181,
              41.59763
            ],
            [
              -72.67319,
              41.59469
            ],
            [
              -72.67036,
              41.59173
            ],
            [
              -72.6683,
              41.59142
            ],
            [
              -72.66839,
              41.59465
            ],
            [
              -72.66698,
              41.5957
            ],
            [
              -72.66676,
              41.59774
            ],
            [
              -72.66816,
              41.60432
            ],
            [
              -72.66687,
              41.61034
            ],
            [
              -72.6647,
              41.61043
            ],
            [
              -72.65805,
              41.61285
            ],
            [
              -72.65244,
              41.61345
            ],
            [
              -72.65392,
              41.61872
            ],
            [
              -72.65353,
              41.62301
            ],
            [
              -72.64905,
              41.63399
            ],
            [
              -72.64876,
              41.6371
            ],
            [
              -72.67588,
              41.63309
            ],
            [
              -72.67698,
              41.62919
            ],
            [
              -72.67519,
              41.62178
            ],
            [
              -72.67664,
              41.60663
            ],
            [
              -72.67608,
              41.60254
            ],
            [
              -72.67713,
              41.59912
            ]
          ]
        ]
      },
      "properties": {
        "geoid": "09007570200",
        "name": "Census Tract 5702",
        "town": "",
        "total": 1,
        "undefined": 1
      }
    },
    {
      "type": "Feature",
      "geometry": {
        "type": "Polygon",
        "coordinates": [
          [
            [
              -72.6686,
              41.59354
            ],
            [
              -72.66691,
              41.5909
            ],
            [
              -72.66729,
              41.58924
            ],
            [
              -72.66538,
              41.5871
            ],
            [
              -72.6679,
              41.58625
            ],
            [
              -72.6681,
              41.58355
            ],
            [
              -72.66114,
              41.58026
            ],
            [
              -72.66091,
              41.57899
            ],
            [
              -72.65821,
              41.57909
            ],
            [
              -72.65684,
              41.57751
            ],
            [
              -72.65532,
              41.57764
            ],
            [
              -72.65623,
              41.57608
            ],
            [
              -72.6561,
              41.57339
            ],
            [
              -72.65342,
              41.57237
            ],
            [
              -72.6488,
              41.57524
            ],
            [
              -72.64744,
              41.57942
            ],
            [
              -72.64377,
              41.58411
            ],
            [
              -72.63814,
              41.59402
            ],
            [
              -72.62822,
              41.60047
            ],
            [
              -72.62233,
              41.60235
            ],
            [
              -72.61947,
              41.60424
            ],
            [
              -72.61746,
              41.60771
            ],
            [
              -72.61806,
              41.61323
            ],
            [
              -72.62552,
              41.61933
            ],
            [
              -72.63077,
              41.62766
            ],
            [
              -72.63052,
              41.63328
            ],
            [
              -72.62784,
              41.6402
            ],
            [
              -72.64876,
              41.6371
            ],
            [
              -72.64905,
              41.63399
            ],
            [
              -72.65353,
              41.62301
            ],
            [
              -72.65392,
              41.61872
            ],
            [
              -72.65244,
              41.61345
            ],
            [
              -72.65805,
              41.61285
            ],
            [
              -72.6647,
              41.61043
            ],
            [
              -72.66687,
              41.61034
            ],
            [
              -72.66816,
              41.60432
            ],
            [
              -72.66676,
              41.59774
            ],
            [
              -72.66698,
              41.5957
            ],
            [
              -72.66833,
              41.59479
            ],
            [
              -72.6686,
              41.59354
            ]
          ]
        ]
      },
      "properties": {
        "geoid": "09007570300",
        "name": "Census Tract 5703",
        "town": "",
        "total": 1,
        "undefined": 1
      }
    },
    {
      "type": "Feature",
      "geometry": {
        "type": "Polygon",
        "coordinates": [
          [
            [
              -72.74888,
              41.54428
            ],
            [
              -72.74333,
              41.48311
            ],
            [
              -72.70112,
              41.49135
            ],
            [
              -72.67974,
              41.49448
            ],
            [
              -72.6779,
              41.49623
            ],
            [
              -72.68031,
              41.5162
            ],
            [
              -72.68127,
              41.51687
            ],
            [
              -72.68086,
              41.52271
            ],
            [
              -72.68241,
              41.53085
            ],
            [
              -72.68809,
              41.53703
            ],
            [
              -72.6882,
              41.53863
            ],
            [
              -72.69455,
              41.54953
            ],
            [
              -72.7112,
              41.54772
            ],
            [
              -72.71166,
              41.54865
            ],
            [
              -72.72288,
              41.54795
            ],
            [
              -72.73358,
              41.54616
            ],
            [
              -72.73486,
              41.54433
            ],
            [
              -72.74888,
              41.54428
            ]
          ]
        ]
      },
      "properties": {
        "geoid": "09007580100",
        "name": "Census Tract 5801",
        "town": "",
        "total": 2,
        "undefined": 2
      }
    },
    {
      "type": "Feature",
      "geometry": {
        "type": "Polygon",
        "coordinates": [
          [
            [
              -72.74614,
              41.4233
            ],
            [
              -72.65419,
              41.43826
            ],
            [
              -72.61479,
              41.44174
            ],
            [
              -72.60896,
              41.44309
            ],
            [
              -72.62265,
              41.45461
            ],
            [
              -72.63704,
              41.46383
            ],
            [
              -72.6279,
              41.48541
            ],
            [
              -72.6337,
              41.5002
            ],
            [
              -72.6776,
              41.49484
            ],
            [
              -72.6779,
              41.49623
            ],
            [
              -72.67974,
              41.49448
            ],
            [
              -72.6901,
              41.49332
            ],
            [
              -72.73389,
              41.48537
            ],
            [
              -72.73912,
              41.43829
            ],
            [
              -72.74614,
              41.4233
            ]
          ]
        ]
      },
      "properties": {
        "geoid": "09007585100",
        "name": "Census Tract 5851",
        "town": "",
        "total": 1,
        "undefined": 1
      }
    },
    {
      "type": "Feature",
      "geometry": {
        "type": "Polygon",
        "coordinates": [
          [
            [
              -72.58772,
              41.50651
            ],
            [
              -72.58017,
              41.50281
            ],
            [
              -72.56998,
              41.49506
            ],
            [
              -72.5609,
              41.4824
            ],
            [
              -72.55844,
              41.47434
            ],
            [
              -72.55624,
              41.47139
            ],
            [
              -72.53674,
              41.46291
            ],
            [
              -72.52526,
              41.45462
            ],
            [
              -72.51976,
              41.44568
            ],
            [
              -72.51475,
              41.43551
            ],
            [
              -72.50525,
              41.42684
            ],
            [
              -72.45098,
              41.43367
            ],
            [
              -72.45637,
              41.43729
            ],
            [
              -72.46489,
              41.45254
            ],
            [
              -72.46956,
              41.46875
            ],
            [
              -72.47194,
              41.47206
            ],
            [
              -72.47775,
              41.47528
            ],
            [
              -72.47682,
              41.48374
            ],
            [
              -72.47727,
              41.48865
            ],
            [
              -72.47901,
              41.48959
            ],
            [
              -72.48438,
              41.49006
            ],
            [
              -72.48634,
              41.4931
            ],
            [
              -72.48785,
              41.50224
            ],
            [
              -72.4821,
              41.51176
            ],
            [
              -72.48162,
              41.51416
            ],
            [
              -72.48279,
              41.51517
            ],
            [
              -72.48259,
              41.51844
            ],
            [
              -72.48037,
              41.51947
            ],
            [
              -72.5001,
              41.51673
            ],
            [
              -72.56354,
              41.51012
            ],
            [
              -72.58772,
              41.50651
            ]
          ]
        ]
      },
      "properties": {
        "geoid": "09007590101",
        "name": "Census Tract 5901.01",
        "town": "",
        "total": 2,
        "undefined": 2
      }
    },
    {
      "type": "Feature",
      "geometry": {
        "type": "Polygon",
        "coordinates": [
          [
            [
              -72.46764,
              41.4609
            ],
            [
              -72.46489,
              41.45254
            ],
            [
              -72.45637,
              41.43729
            ],
            [
              -72.45098,
              41.43367
            ],
            [
              -72.4379,
              41.42828
            ],
            [
              -72.43371,
              41.424
            ],
            [
              -72.42761,
              41.42329
            ],
            [
              -72.40948,
              41.42529
            ],
            [
              -72.40303,
              41.42477
            ],
            [
              -72.39979,
              41.42611
            ],
            [
              -72.30553,
              41.43628
            ],
            [
              -72.31254,
              41.47841
            ],
            [
              -72.31525,
              41.47809
            ],
            [
              -72.3226,
              41.51608
            ],
            [
              -72.32339,
              41.53425
            ],
            [
              -72.38306,
              41.529
            ],
            [
              -72.38566,
              41.51791
            ],
            [
              -72.3828,
              41.51526
            ],
            [
              -72.38231,
              41.51026
            ],
            [
              -72.37594,
              41.50571
            ],
            [
              -72.37503,
              41.50218
            ],
            [
              -72.37323,
              41.50001
            ],
            [
              -72.37346,
              41.49028
            ],
            [
              -72.37275,
              41.48439
            ],
            [
              -72.37187,
              41.48265
            ],
            [
              -72.37885,
              41.47754
            ],
            [
              -72.38182,
              41.47387
            ],
            [
              -72.38814,
              41.47132
            ],
            [
              -72.41049,
              41.47038
            ],
            [
              -72.41469,
              41.47192
            ],
            [
              -72.42109,
              41.46765
            ],
            [
              -72.42805,
              41.46702
            ],
            [
              -72.43194,
              41.4648
            ],
            [
              -72.44049,
              41.46334
            ],
            [
              -72.44281,
              41.46324
            ],
            [
              -72.44444,
              41.46501
            ],
            [
              -72.44422,
              41.47154
            ],
            [
              -72.46308,
              41.46967
            ],
            [
              -72.46397,
              41.4687
            ],
            [
              -72.46439,
              41.46557
            ],
            [
              -72.46389,
              41.46095
            ],
            [
              -72.46764,
              41.4609
            ]
          ]
        ]
      },
      "properties": {
        "geoid": "09007595101",
        "name": "Census Tract 5951.01",
        "town": "",
        "total": 1,
        "undefined": 1
      }
    },
    {
      "type": "Feature",
      "geometry": {
        "type": "Polygon",
        "coordinates": [
          [
            [
              -72.47268,
              41.33436
            ],
            [
              -72.43578,
              41.33096
            ],
            [
              -72.43203,
              41.32655
            ],
            [
              -72.42808,
              41.32548
            ],
            [
              -72.42837,
              41.32461
            ],
            [
              -72.42552,
              41.32422
            ],
            [
              -72.40273,
              41.3316
            ],
            [
              -72.39062,
              41.33223
            ],
            [
              -72.39486,
              41.33674
            ],
            [
              -72.40429,
              41.35241
            ],
            [
              -72.41454,
              41.3566
            ],
            [
              -72.42713,
              41.36372
            ],
            [
              -72.44606,
              41.35618
            ],
            [
              -72.46894,
              41.34538
            ],
            [
              -72.47268,
              41.33436
            ]
          ]
        ]
      },
      "properties": {
        "geoid": "09007630101",
        "name": "Census Tract 6301.01",
        "town": "",
        "total": 1,
        "undefined": 1
      }
    },
    {
      "type": "Feature",
      "geometry": {
        "type": "Polygon",
        "coordinates": [
          [
            [
              -72.65458,
              41.43641
            ],
            [
              -72.65221,
              41.43453
            ],
            [
              -72.6498,
              41.4356
            ],
            [
              -72.64836,
              41.43515
            ],
            [
              -72.6495,
              41.43092
            ],
            [
              -72.64613,
              41.43112
            ],
            [
              -72.64226,
              41.42924
            ],
            [
              -72.64879,
              41.422
            ],
            [
              -72.65048,
              41.41912
            ],
            [
              -72.6494,
              41.41755
            ],
            [
              -72.64741,
              41.41696
            ],
            [
              -72.64687,
              41.41574
            ],
            [
              -72.64517,
              41.41585
            ],
            [
              -72.63833,
              41.41247
            ],
            [
              -72.63203,
              41.41214
            ],
            [
              -72.63157,
              41.41138
            ],
            [
              -72.63266,
              41.40953
            ],
            [
              -72.63232,
              41.40816
            ],
            [
              -72.63044,
              41.40676
            ],
            [
              -72.63084,
              41.4038
            ],
            [
              -72.63028,
              41.40268
            ],
            [
              -72.6288,
              41.40106
            ],
            [
              -72.62526,
              41.39953
            ],
            [
              -72.62591,
              41.39716
            ],
            [
              -72.62271,
              41.39463
            ],
            [
              -72.62246,
              41.39359
            ],
            [
              -72.61808,
              41.39174
            ],
            [
              -72.61603,
              41.38874
            ],
            [
              -72.61233,
              41.38618
            ],
            [
              -72.61384,
              41.3844
            ],
            [
              -72.61401,
              41.38078
            ],
            [
              -72.60884,
              41.37351
            ],
            [
              -72.60924,
              41.37053
            ],
            [
              -72.60813,
              41.3674
            ],
            [
              -72.61064,
              41.36675
            ],
            [
              -72.60935,
              41.36536
            ],
            [
              -72.60975,
              41.36337
            ],
            [
              -72.61223,
              41.36267
            ],
            [
              -72.61263,
              41.36049
            ],
            [
              -72.61265,
              41.35383
            ],
            [
              -72.61147,
              41.35188
            ],
            [
              -72.61288,
              41.3504
            ],
            [
              -72.61172,
              41.34866
            ],
            [
              -72.61112,
              41.34445
            ],
            [
              -72.6113,
              41.34307
            ],
            [
              -72.61261,
              41.34254
            ],
            [
              -72.61269,
              41.34087
            ],
            [
              -72.61372,
              41.34024
            ],
            [
              -72.61441,
              41.33731
            ],
            [
              -72.6136,
              41.33622
            ],
            [
              -72.61496,
              41.33359
            ],
            [
              -72.61427,
              41.32962
            ],
            [
              -72.61208,
              41.32922
            ],
            [
              -72.61149,
              41.32748
            ],
            [
              -72.60865,
              41.32817
            ],
            [
              -72.60598,
              41.32782
            ],
            [
              -72.60078,
              41.32581
            ],
            [
              -72.59951,
              41.32726
            ],
            [
              -72.59667,
              41.32845
            ],
            [
              -72.5915,
              41.32266
            ],
            [
              -72.5892,
              41.32273
            ],
            [
              -72.58751,
              41.32433
            ],
            [
              -72.58594,
              41.32401
            ],
            [
              -72.58515,
              41.31895
            ],
            [
              -72.58781,
              41.31605
            ],
            [
              -72.5889,
              41.31626
            ],
            [
              -72.58961,
              41.3155
            ],
            [
              -72.58741,
              41.31375
            ],
            [
              -72.58521,
              41.31423
            ],
            [
              -72.58462,
              41.31321
            ],
            [
              -72.58857,
              41.3117
            ],
            [
              -72.58566,
              41.30985
            ],
            [
              -72.57358,
              41.31483
            ],
            [
              -72.53173,
              41.33676
            ],
            [
              -72.51203,
              41.3416
            ],
            [
              -72.53878,
              41.42149
            ],
            [
              -72.57,
              41.41477
            ],
            [
              -72.60896,
              41.44309
            ],
            [
              -72.61479,
              41.44174
            ],
            [
              -72.65367,
              41.43812
            ],
            [
              -72.65458,
              41.43641
            ]
          ]
        ]
      },
      "properties": {
        "geoid": "09007640100",
        "name": "Census Tract 6401",
        "town": "",
        "total": 1,
        "undefined": 1
      }
    },
    {
      "type": "Feature",
      "geometry": {
        "type": "Polygon",
        "coordinates": [
          [
            [
              -72.51395,
              41.3464
            ],
            [
              -72.49421,
              41.29205
            ],
            [
              -72.48532,
              41.29428
            ],
            [
              -72.46654,
              41.29088
            ],
            [
              -72.44945,
              41.29201
            ],
            [
              -72.424,
              41.29041
            ],
            [
              -72.43313,
              41.31519
            ],
            [
              -72.43189,
              41.31712
            ],
            [
              -72.42692,
              41.32128
            ],
            [
              -72.42552,
              41.32422
            ],
            [
              -72.42837,
              41.32461
            ],
            [
              -72.42808,
              41.32548
            ],
            [
              -72.43203,
              41.32655
            ],
            [
              -72.43578,
              41.33096
            ],
            [
              -72.47663,
              41.3344
            ],
            [
              -72.49823,
              41.3476
            ],
            [
              -72.51395,
              41.3464
            ]
          ]
        ]
      },
      "properties": {
        "geoid": "09007680101",
        "name": "Census Tract 6801.01",
        "town": "",
        "total": 1,
        "undefined": 1
      }
    },
    {
      "type": "Feature",
      "geometry": {
        "type": "Polygon",
        "coordinates": [
          [
            [
              -72.67788,
              41.49625
            ],
            [
              -72.6776,
              41.49484
            ],
            [
              -72.67555,
              41.49508
            ],
            [
              -72.55491,
              41.51105
            ],
            [
              -72.55598,
              41.51664
            ],
            [
              -72.55609,
              41.52345
            ],
            [
              -72.55134,
              41.5353
            ],
            [
              -72.55158,
              41.5455
            ],
            [
              -72.55464,
              41.55086
            ],
            [
              -72.5608,
              41.55405
            ],
            [
              -72.57347,
              41.5571
            ],
            [
              -72.57985,
              41.55794
            ],
            [
              -72.59521,
              41.55809
            ],
            [
              -72.60894,
              41.56284
            ],
            [
              -72.62385,
              41.56056
            ],
            [
              -72.63426,
              41.56066
            ],
            [
              -72.63491,
              41.55964
            ],
            [
              -72.63062,
              41.54721
            ],
            [
              -72.62454,
              41.53984
            ],
            [
              -72.61841,
              41.53449
            ],
            [
              -72.64458,
              41.53244
            ],
            [
              -72.64796,
              41.533
            ],
            [
              -72.6509,
              41.53189
            ],
            [
              -72.66015,
              41.53127
            ],
            [
              -72.66793,
              41.52034
            ],
            [
              -72.66989,
              41.51076
            ],
            [
              -72.67262,
              41.50366
            ],
            [
              -72.67788,
              41.49625
            ]
          ]
        ]
      },
      "properties": {
        "geoid": "09007680200",
        "name": "Census Tract 6802",
        "town": "",
        "total": 12,
        "undefined": 12
      }
    },
    {
      "type": "Feature",
      "geometry": {
        "type": "Polygon",
        "coordinates": [
          [
            [
              -73.08201,
              41.31312
            ],
            [
              -73.07895,
              41.3116
            ],
            [
              -73.07765,
              41.3077
            ],
            [
              -73.07535,
              41.3056
            ],
            [
              -73.06785,
              41.301
            ],
            [
              -73.06481,
              41.30532
            ],
            [
              -73.06503,
              41.30613
            ],
            [
              -73.06175,
              41.31008
            ],
            [
              -73.05898,
              41.31163
            ],
            [
              -73.0567,
              41.31217
            ],
            [
              -73.0532,
              41.31114
            ],
            [
              -73.04911,
              41.3113
            ],
            [
              -73.04071,
              41.31389
            ],
            [
              -73.03914,
              41.32665
            ],
            [
              -73.05827,
              41.32401
            ],
            [
              -73.06502,
              41.32524
            ],
            [
              -73.06686,
              41.32661
            ],
            [
              -73.0721,
              41.32685
            ],
            [
              -73.07638,
              41.32895
            ],
            [
              -73.07726,
              41.33033
            ],
            [
              -73.07918,
              41.33084
            ],
            [
              -73.08167,
              41.32828
            ],
            [
              -73.08185,
              41.31887
            ],
            [
              -73.08111,
              41.31367
            ],
            [
              -73.08201,
              41.31312
            ]
          ]
        ]
      },
      "properties": {
        "geoid": "09009120100",
        "name": "Census Tract 1201",
        "town": "",
        "total": 4,
        "undefined": 4
      }
    },
    {
      "type": "Feature",
      "geometry": {
        "type": "Polygon",
        "coordinates": [
          [
            [
              -73.12457,
              41.34533
            ],
            [
              -73.12285,
              41.3414
            ],
            [
              -73.11575,
              41.3322
            ],
            [
              -73.09324,
              41.32101
            ],
            [
              -73.08526,
              41.3137
            ],
            [
              -73.08205,
              41.3131
            ],
            [
              -73.08111,
              41.31367
            ],
            [
              -73.0819,
              41.32652
            ],
            [
              -73.08116,
              41.32938
            ],
            [
              -73.07918,
              41.33084
            ],
            [
              -73.08821,
              41.33511
            ],
            [
              -73.09113,
              41.33871
            ],
            [
              -73.09286,
              41.33946
            ],
            [
              -73.09567,
              41.33932
            ],
            [
              -73.09579,
              41.34073
            ],
            [
              -73.10235,
              41.3529
            ],
            [
              -73.12457,
              41.34533
            ]
          ]
        ]
      },
      "properties": {
        "geoid": "09009120200",
        "name": "Census Tract 1202",
        "town": "",
        "total": 3,
        "undefined": 3
      }
    },
    {
      "type": "Feature",
      "geometry": {
        "type": "Polygon",
        "coordinates": [
          [
            [
              -73.08127,
              41.3407
            ],
            [
              -73.08118,
              41.33944
            ],
            [
              -73.0776,
              41.33445
            ],
            [
              -73.07918,
              41.33084
            ],
            [
              -73.07232,
              41.32734
            ],
            [
              -73.0708,
              41.3293
            ],
            [
              -73.07271,
              41.3331
            ],
            [
              -73.07068,
              41.33774
            ],
            [
              -73.07021,
              41.34115
            ],
            [
              -73.06582,
              41.34205
            ],
            [
              -73.06416,
              41.34009
            ],
            [
              -73.06348,
              41.34025
            ],
            [
              -73.05804,
              41.34455
            ],
            [
              -73.0564,
              41.34459
            ],
            [
              -73.05424,
              41.33648
            ],
            [
              -73.05021,
              41.33613
            ],
            [
              -73.04188,
              41.33758
            ],
            [
              -73.04294,
              41.33882
            ],
            [
              -73.04372,
              41.34232
            ],
            [
              -73.04633,
              41.34608
            ],
            [
              -73.04716,
              41.36053
            ],
            [
              -73.06491,
              41.3603
            ],
            [
              -73.06778,
              41.35593
            ],
            [
              -73.07011,
              41.35671
            ],
            [
              -73.07224,
              41.35458
            ],
            [
              -73.07653,
              41.3522
            ],
            [
              -73.07639,
              41.34807
            ],
            [
              -73.08114,
              41.34553
            ],
            [
              -73.08044,
              41.34442
            ],
            [
              -73.08127,
              41.3407
            ]
          ]
        ]
      },
      "properties": {
        "geoid": "09009125200",
        "name": "Census Tract 1252",
        "town": "",
        "total": 3,
        "undefined": 3
      }
    },
    {
      "type": "Feature",
      "geometry": {
        "type": "Polygon",
        "coordinates": [
          [
            [
              -73.10219,
              41.35302
            ],
            [
              -73.09567,
              41.33932
            ],
            [
              -73.09177,
              41.33904
            ],
            [
              -73.08983,
              41.33786
            ],
            [
              -73.08821,
              41.33511
            ],
            [
              -73.0813,
              41.33155
            ],
            [
              -73.07871,
              41.33128
            ],
            [
              -73.07744,
              41.33358
            ],
            [
              -73.08135,
              41.33983
            ],
            [
              -73.08075,
              41.34534
            ],
            [
              -73.08241,
              41.34639
            ],
            [
              -73.08587,
              41.35125
            ],
            [
              -73.08675,
              41.35438
            ],
            [
              -73.09117,
              41.36054
            ],
            [
              -73.09481,
              41.36069
            ],
            [
              -73.10219,
              41.35302
            ]
          ]
        ]
      },
      "properties": {
        "geoid": "09009125300",
        "name": "Census Tract 1253",
        "town": "",
        "total": 2,
        "undefined": 2
      }
    },
    {
      "type": "Feature",
      "geometry": {
        "type": "Polygon",
        "coordinates": [
          [
            [
              -73.09117,
              41.36054
            ],
            [
              -73.08675,
              41.35438
            ],
            [
              -73.08587,
              41.35125
            ],
            [
              -73.08114,
              41.34553
            ],
            [
              -73.07639,
              41.34807
            ],
            [
              -73.07637,
              41.35237
            ],
            [
              -73.07224,
              41.35458
            ],
            [
              -73.07011,
              41.35671
            ],
            [
              -73.06778,
              41.35593
            ],
            [
              -73.06491,
              41.3603
            ],
            [
              -73.07074,
              41.36022
            ],
            [
              -73.08005,
              41.3628
            ],
            [
              -73.08527,
              41.36298
            ],
            [
              -73.09117,
              41.36054
            ]
          ]
        ]
      },
      "properties": {
        "geoid": "09009125400",
        "name": "Census Tract 1254",
        "town": "",
        "total": 2,
        "undefined": 2
      }
    },
    {
      "type": "Feature",
      "geometry": {
        "type": "Polygon",
        "coordinates": [
          [
            [
              -73.07653,
              41.39556
            ],
            [
              -73.07613,
              41.39301
            ],
            [
              -73.0748,
              41.39226
            ],
            [
              -73.07343,
              41.3926
            ],
            [
              -73.07107,
              41.3886
            ],
            [
              -73.06762,
              41.38939
            ],
            [
              -73.06563,
              41.38744
            ],
            [
              -73.06427,
              41.38891
            ],
            [
              -73.06018,
              41.38608
            ],
            [
              -73.05836,
              41.38645
            ],
            [
              -73.0562,
              41.38537
            ],
            [
              -73.05572,
              41.38363
            ],
            [
              -73.05878,
              41.37852
            ],
            [
              -73.05711,
              41.37738
            ],
            [
              -73.05484,
              41.37733
            ],
            [
              -73.05005,
              41.38025
            ],
            [
              -73.04907,
              41.38105
            ],
            [
              -73.04707,
              41.39884
            ],
            [
              -73.04165,
              41.4209
            ],
            [
              -73.06311,
              41.4236
            ],
            [
              -73.06527,
              41.41877
            ],
            [
              -73.06788,
              41.41666
            ],
            [
              -73.06958,
              41.41377
            ],
            [
              -73.07026,
              41.41136
            ],
            [
              -73.06847,
              41.41074
            ],
            [
              -73.0737,
              41.41055
            ],
            [
              -73.07187,
              41.40643
            ],
            [
              -73.06883,
              41.40426
            ],
            [
              -73.06884,
              41.40179
            ],
            [
              -73.07169,
              41.3974
            ],
            [
              -73.07653,
              41.39556
            ]
          ]
        ]
      },
      "properties": {
        "geoid": "09009130101",
        "name": "Census Tract 1301.01",
        "town": "",
        "total": 1,
        "undefined": 1
      }
    },
    {
      "type": "Feature",
      "geometry": {
        "type": "Polygon",
        "coordinates": [
          [
            [
              -72.93362,
              41.30571
            ],
            [
              -72.92812,
              41.30279
            ],
            [
              -72.92576,
              41.30604
            ],
            [
              -72.93033,
              41.30792
            ],
            [
              -72.9319,
              41.30571
            ],
            [
              -72.93324,
              41.30627
            ],
            [
              -72.93362,
              41.30571
            ]
          ]
        ]
      },
      "properties": {
        "geoid": "09009140101",
        "name": "Census Tract 1401.01",
        "town": "",
        "total": 1,
        "undefined": 1
      }
    },
    {
      "type": "Feature",
      "geometry": {
        "type": "Polygon",
        "coordinates": [
          [
            [
              -72.92846,
              41.30233
            ],
            [
              -72.92598,
              41.30101
            ],
            [
              -72.921,
              41.30086
            ],
            [
              -72.91875,
              41.30889
            ],
            [
              -72.92251,
              41.31042
            ],
            [
              -72.92846,
              41.30233
            ]
          ]
        ]
      },
      "properties": {
        "geoid": "09009140102",
        "name": "Census Tract 1401.02",
        "town": "",
        "total": 3,
        "undefined": 3
      }
    },
    {
      "type": "Feature",
      "geometry": {
        "type": "Polygon",
        "coordinates": [
          [
            [
              -72.93106,
              41.29454
            ],
            [
              -72.9303,
              41.2917
            ],
            [
              -72.93105,
              41.29156
            ],
            [
              -72.92931,
              41.28546
            ],
            [
              -72.93067,
              41.28526
            ],
            [
              -72.93033,
              41.28399
            ],
            [
              -72.92902,
              41.2842
            ],
            [
              -72.92865,
              41.28302
            ],
            [
              -72.92692,
              41.28331
            ],
            [
              -72.92122,
              41.28168
            ],
            [
              -72.91156,
              41.28228
            ],
            [
              -72.91044,
              41.29089
            ],
            [
              -72.90452,
              41.29919
            ],
            [
              -72.90961,
              41.30204
            ],
            [
              -72.91386,
              41.30133
            ],
            [
              -72.91641,
              41.29963
            ],
            [
              -72.92114,
              41.30088
            ],
            [
              -72.92598,
              41.30101
            ],
            [
              -72.92864,
              41.3021
            ],
            [
              -72.92939,
              41.30046
            ],
            [
              -72.9283,
              41.29629
            ],
            [
              -72.93106,
              41.29454
            ]
          ]
        ]
      },
      "properties": {
        "geoid": "09009140200",
        "name": "Census Tract 1402",
        "town": "",
        "total": 2,
        "undefined": 2
      }
    },
    {
      "type": "Feature",
      "geometry": {
        "type": "Polygon",
        "coordinates": [
          [
            [
              -72.93759,
              41.30609
            ],
            [
              -72.934,
              41.29691
            ],
            [
              -72.9356,
              41.2965
            ],
            [
              -72.93418,
              41.29142
            ],
            [
              -72.93082,
              41.2935
            ],
            [
              -72.93106,
              41.29454
            ],
            [
              -72.9283,
              41.29629
            ],
            [
              -72.92939,
              41.30069
            ],
            [
              -72.92812,
              41.30279
            ],
            [
              -72.93723,
              41.30695
            ],
            [
              -72.93759,
              41.30609
            ]
          ]
        ]
      },
      "properties": {
        "geoid": "09009140300",
        "name": "Census Tract 1403",
        "town": "",
        "total": 9,
        "undefined": 9
      }
    },
    {
      "type": "Feature",
      "geometry": {
        "type": "Polygon",
        "coordinates": [
          [
            [
              -72.94065,
              41.2867
            ],
            [
              -72.93893,
              41.28144
            ],
            [
              -72.93257,
              41.27791
            ],
            [
              -72.92811,
              41.2776
            ],
            [
              -72.92394,
              41.27936
            ],
            [
              -72.92221,
              41.28195
            ],
            [
              -72.92692,
              41.28331
            ],
            [
              -72.92865,
              41.28302
            ],
            [
              -72.92902,
              41.2842
            ],
            [
              -72.93033,
              41.28399
            ],
            [
              -72.93067,
              41.28526
            ],
            [
              -72.92931,
              41.28546
            ],
            [
              -72.93105,
              41.29156
            ],
            [
              -72.9303,
              41.2917
            ],
            [
              -72.93082,
              41.2935
            ],
            [
              -72.94021,
              41.28778
            ],
            [
              -72.94065,
              41.2867
            ]
          ]
        ]
      },
      "properties": {
        "geoid": "09009140400",
        "name": "Census Tract 1404",
        "town": "",
        "total": 17,
        "undefined": 17
      }
    },
    {
      "type": "Feature",
      "geometry": {
        "type": "Polygon",
        "coordinates": [
          [
            [
              -72.95185,
              41.29465
            ],
            [
              -72.94792,
              41.29206
            ],
            [
              -72.94651,
              41.29289
            ],
            [
              -72.94293,
              41.28901
            ],
            [
              -72.94021,
              41.28778
            ],
            [
              -72.93418,
              41.29142
            ],
            [
              -72.9356,
              41.2965
            ],
            [
              -72.934,
              41.29691
            ],
            [
              -72.93427,
              41.29781
            ],
            [
              -72.95108,
              41.29726
            ],
            [
              -72.9499,
              41.29595
            ],
            [
              -72.95185,
              41.29465
            ]
          ]
        ]
      },
      "properties": {
        "geoid": "09009140500",
        "name": "Census Tract 1405",
        "town": "",
        "total": 18,
        "undefined": 18
      }
    },
    {
      "type": "Feature",
      "geometry": {
        "type": "Polygon",
        "coordinates": [
          [
            [
              -72.94891,
              41.29747
            ],
            [
              -72.93427,
              41.29781
            ],
            [
              -72.9376,
              41.30607
            ],
            [
              -72.93953,
              41.30614
            ],
            [
              -72.94692,
              41.30589
            ],
            [
              -72.94321,
              41.30051
            ],
            [
              -72.94891,
              41.29747
            ]
          ]
        ]
      },
      "properties": {
        "geoid": "09009140600",
        "name": "Census Tract 1406",
        "town": "",
        "total": 18,
        "undefined": 18
      }
    },
    {
      "type": "Feature",
      "geometry": {
        "type": "Polygon",
        "coordinates": [
          [
            [
              -72.94451,
              41.3115
            ],
            [
              -72.93924,
              41.31014
            ],
            [
              -72.93979,
              41.30871
            ],
            [
              -72.93804,
              41.30824
            ],
            [
              -72.93923,
              41.30615
            ],
            [
              -72.9376,
              41.30607
            ],
            [
              -72.9328,
              41.31286
            ],
            [
              -72.94241,
              41.31666
            ],
            [
              -72.94451,
              41.3115
            ]
          ]
        ]
      },
      "properties": {
        "geoid": "09009140700",
        "name": "Census Tract 1407",
        "town": "",
        "total": 13,
        "undefined": 13
      }
    },
    {
      "type": "Feature",
      "geometry": {
        "type": "Polygon",
        "coordinates": [
          [
            [
              -72.95743,
              41.30669
            ],
            [
              -72.95601,
              41.30538
            ],
            [
              -72.95608,
              41.30479
            ],
            [
              -72.95674,
              41.3052
            ],
            [
              -72.9563,
              41.3016
            ],
            [
              -72.95264,
              41.29944
            ],
            [
              -72.95108,
              41.29726
            ],
            [
              -72.94799,
              41.29758
            ],
            [
              -72.94321,
              41.30051
            ],
            [
              -72.94692,
              41.30589
            ],
            [
              -72.93923,
              41.30615
            ],
            [
              -72.93804,
              41.30824
            ],
            [
              -72.93979,
              41.30871
            ],
            [
              -72.93924,
              41.31014
            ],
            [
              -72.95653,
              41.31401
            ],
            [
              -72.95615,
              41.31062
            ],
            [
              -72.95743,
              41.30669
            ]
          ]
        ]
      },
      "properties": {
        "geoid": "09009140800",
        "name": "Census Tract 1408",
        "town": "",
        "total": 18,
        "undefined": 18
      }
    },
    {
      "type": "Feature",
      "geometry": {
        "type": "Polygon",
        "coordinates": [
          [
            [
              -72.95762,
              41.32499
            ],
            [
              -72.95653,
              41.31401
            ],
            [
              -72.9446,
              41.31129
            ],
            [
              -72.94241,
              41.31666
            ],
            [
              -72.94909,
              41.31906
            ],
            [
              -72.95762,
              41.32499
            ]
          ]
        ]
      },
      "properties": {
        "geoid": "09009140900",
        "name": "Census Tract 1409",
        "town": "",
        "total": 37,
        "undefined": 37
      }
    },
    {
      "type": "Feature",
      "geometry": {
        "type": "Polygon",
        "coordinates": [
          [
            [
              -72.97101,
              41.31778
            ],
            [
              -72.97018,
              41.31161
            ],
            [
              -72.95615,
              41.31062
            ],
            [
              -72.95748,
              41.32524
            ],
            [
              -72.95899,
              41.32609
            ],
            [
              -72.96813,
              41.32725
            ],
            [
              -72.97101,
              41.31778
            ]
          ]
        ]
      },
      "properties": {
        "geoid": "09009141000",
        "name": "Census Tract 1410",
        "town": "",
        "total": 56,
        "undefined": 56
      }
    },
    {
      "type": "Feature",
      "geometry": {
        "type": "Polygon",
        "coordinates": [
          [
            [
              -72.99786,
              41.31572
            ],
            [
              -72.99805,
              41.3141
            ],
            [
              -72.97018,
              41.31161
            ],
            [
              -72.97098,
              41.31804
            ],
            [
              -72.96813,
              41.32725
            ],
            [
              -72.97329,
              41.32722
            ],
            [
              -72.9873,
              41.33124
            ],
            [
              -72.98874,
              41.33019
            ],
            [
              -72.98894,
              41.32889
            ],
            [
              -72.99681,
              41.3236
            ],
            [
              -72.99786,
              41.31572
            ]
          ]
        ]
      },
      "properties": {
        "geoid": "09009141100",
        "name": "Census Tract 1411",
        "town": "",
        "total": 29,
        "undefined": 29
      }
    },
    {
      "type": "Feature",
      "geometry": {
        "type": "Polygon",
        "coordinates": [
          [
            [
              -72.9873,
              41.33124
            ],
            [
              -72.97329,
              41.32722
            ],
            [
              -72.96525,
              41.32688
            ],
            [
              -72.96525,
              41.32885
            ],
            [
              -72.96421,
              41.33043
            ],
            [
              -72.9664,
              41.33069
            ],
            [
              -72.96589,
              41.33164
            ],
            [
              -72.96805,
              41.33565
            ],
            [
              -72.96829,
              41.33772
            ],
            [
              -72.97099,
              41.34013
            ],
            [
              -72.97103,
              41.34095
            ],
            [
              -72.96964,
              41.34153
            ],
            [
              -72.97019,
              41.3429
            ],
            [
              -72.98331,
              41.33731
            ],
            [
              -72.98501,
              41.33302
            ],
            [
              -72.9873,
              41.33124
            ]
          ]
        ]
      },
      "properties": {
        "geoid": "09009141200",
        "name": "Census Tract 1412",
        "town": "",
        "total": 61,
        "undefined": 61
      }
    },
    {
      "type": "Feature",
      "geometry": {
        "type": "Polygon",
        "coordinates": [
          [
            [
              -72.97283,
              41.3474
            ],
            [
              -72.96964,
              41.34153
            ],
            [
              -72.97103,
              41.34095
            ],
            [
              -72.97099,
              41.34013
            ],
            [
              -72.96829,
              41.33772
            ],
            [
              -72.96805,
              41.33565
            ],
            [
              -72.96589,
              41.33164
            ],
            [
              -72.9664,
              41.33069
            ],
            [
              -72.96421,
              41.33043
            ],
            [
              -72.96525,
              41.32885
            ],
            [
              -72.96525,
              41.32688
            ],
            [
              -72.95899,
              41.32609
            ],
            [
              -72.95344,
              41.32217
            ],
            [
              -72.95084,
              41.32394
            ],
            [
              -72.94852,
              41.32727
            ],
            [
              -72.95172,
              41.32843
            ],
            [
              -72.94971,
              41.33148
            ],
            [
              -72.94536,
              41.33094
            ],
            [
              -72.94236,
              41.32899
            ],
            [
              -72.93918,
              41.3327
            ],
            [
              -72.93923,
              41.33529
            ],
            [
              -72.94065,
              41.3354
            ],
            [
              -72.94054,
              41.3359
            ],
            [
              -72.95397,
              41.33737
            ],
            [
              -72.95699,
              41.33985
            ],
            [
              -72.95518,
              41.34235
            ],
            [
              -72.95136,
              41.34395
            ],
            [
              -72.95148,
              41.34711
            ],
            [
              -72.95392,
              41.34741
            ],
            [
              -72.95281,
              41.34908
            ],
            [
              -72.95467,
              41.35016
            ],
            [
              -72.95774,
              41.35039
            ],
            [
              -72.95864,
              41.34908
            ],
            [
              -72.96125,
              41.34901
            ],
            [
              -72.96206,
              41.3463
            ],
            [
              -72.96419,
              41.34642
            ],
            [
              -72.96446,
              41.34379
            ],
            [
              -72.96684,
              41.34544
            ],
            [
              -72.96783,
              41.34791
            ],
            [
              -72.97283,
              41.3474
            ]
          ]
        ]
      },
      "properties": {
        "geoid": "09009141301",
        "name": "Census Tract 1413.01",
        "town": "",
        "total": 14,
        "undefined": 14
      }
    },
    {
      "type": "Feature",
      "geometry": {
        "type": "Polygon",
        "coordinates": [
          [
            [
              -72.95344,
              41.32217
            ],
            [
              -72.94909,
              41.31906
            ],
            [
              -72.94241,
              41.31666
            ],
            [
              -72.94043,
              41.31991
            ],
            [
              -72.94131,
              41.32058
            ],
            [
              -72.94041,
              41.32286
            ],
            [
              -72.94094,
              41.32695
            ],
            [
              -72.94236,
              41.32899
            ],
            [
              -72.94536,
              41.33094
            ],
            [
              -72.94971,
              41.33148
            ],
            [
              -72.95172,
              41.32843
            ],
            [
              -72.94852,
              41.32727
            ],
            [
              -72.95084,
              41.32394
            ],
            [
              -72.95344,
              41.32217
            ]
          ]
        ]
      },
      "properties": {
        "geoid": "09009141400",
        "name": "Census Tract 1414",
        "town": "",
        "total": 69,
        "undefined": 69
      }
    },
    {
      "type": "Feature",
      "geometry": {
        "type": "Polygon",
        "coordinates": [
          [
            [
              -72.94236,
              41.32899
            ],
            [
              -72.94094,
              41.32695
            ],
            [
              -72.94053,
              41.32355
            ],
            [
              -72.92898,
              41.32152
            ],
            [
              -72.9249,
              41.33449
            ],
            [
              -72.94055,
              41.33585
            ],
            [
              -72.93923,
              41.33529
            ],
            [
              -72.93918,
              41.3327
            ],
            [
              -72.94236,
              41.32899
            ]
          ]
        ]
      },
      "properties": {
        "geoid": "09009141500",
        "name": "Census Tract 1415",
        "town": "",
        "total": 77,
        "undefined": 77
      }
    },
    {
      "type": "Feature",
      "geometry": {
        "type": "Polygon",
        "coordinates": [
          [
            [
              -72.94241,
              41.31666
            ],
            [
              -72.93217,
              41.31291
            ],
            [
              -72.93245,
              41.31383
            ],
            [
              -72.92898,
              41.31564
            ],
            [
              -72.92675,
              41.31524
            ],
            [
              -72.9272,
              41.31614
            ],
            [
              -72.92571,
              41.31624
            ],
            [
              -72.92589,
              41.32135
            ],
            [
              -72.94053,
              41.32355
            ],
            [
              -72.94131,
              41.32058
            ],
            [
              -72.94043,
              41.31991
            ],
            [
              -72.94241,
              41.31666
            ]
          ]
        ]
      },
      "properties": {
        "geoid": "09009141600",
        "name": "Census Tract 1416",
        "town": "",
        "total": 42,
        "undefined": 42
      }
    },
    {
      "type": "Feature",
      "geometry": {
        "type": "Polygon",
        "coordinates": [
          [
            [
              -72.92901,
              41.32179
            ],
            [
              -72.91891,
              41.31964
            ],
            [
              -72.91253,
              41.33319
            ],
            [
              -72.9249,
              41.33449
            ],
            [
              -72.92901,
              41.32179
            ]
          ]
        ]
      },
      "properties": {
        "geoid": "09009141800",
        "name": "Census Tract 1418",
        "town": "",
        "total": 17,
        "undefined": 17
      }
    },
    {
      "type": "Feature",
      "geometry": {
        "type": "Polygon",
        "coordinates": [
          [
            [
              -72.91848,
              41.32048
            ],
            [
              -72.91891,
              41.31964
            ],
            [
              -72.90958,
              41.31575
            ],
            [
              -72.90458,
              41.31751
            ],
            [
              -72.90311,
              41.32113
            ],
            [
              -72.90556,
              41.32311
            ],
            [
              -72.90703,
              41.32583
            ],
            [
              -72.90869,
              41.32607
            ],
            [
              -72.90792,
              41.32704
            ],
            [
              -72.90877,
              41.32912
            ],
            [
              -72.90853,
              41.33085
            ],
            [
              -72.91253,
              41.33319
            ],
            [
              -72.91848,
              41.32048
            ]
          ]
        ]
      },
      "properties": {
        "geoid": "09009141900",
        "name": "Census Tract 1419",
        "town": "",
        "total": 30,
        "undefined": 30
      }
    },
    {
      "type": "Feature",
      "geometry": {
        "type": "Polygon",
        "coordinates": [
          [
            [
              -72.92347,
              41.3114
            ],
            [
              -72.92378,
              41.31096
            ],
            [
              -72.91951,
              41.30915
            ],
            [
              -72.90958,
              41.31575
            ],
            [
              -72.91891,
              41.31964
            ],
            [
              -72.92347,
              41.3114
            ]
          ]
        ]
      },
      "properties": {
        "geoid": "09009142000",
        "name": "Census Tract 1420",
        "town": "",
        "total": 10,
        "undefined": 10
      }
    },
    {
      "type": "Feature",
      "geometry": {
        "type": "Polygon",
        "coordinates": [
          [
            [
              -72.91951,
              41.30915
            ],
            [
              -72.91875,
              41.30889
            ],
            [
              -72.91921,
              41.30737
            ],
            [
              -72.90775,
              41.30879
            ],
            [
              -72.9078,
              41.31272
            ],
            [
              -72.90717,
              41.31348
            ],
            [
              -72.90401,
              41.3141
            ],
            [
              -72.90433,
              41.31638
            ],
            [
              -72.90827,
              41.31658
            ],
            [
              -72.91951,
              41.30915
            ]
          ]
        ]
      },
      "properties": {
        "geoid": "09009142100",
        "name": "Census Tract 1421",
        "town": "",
        "total": 4,
        "undefined": 4
      }
    },
    {
      "type": "Feature",
      "geometry": {
        "type": "Polygon",
        "coordinates": [
          [
            [
              -72.921,
              41.30088
            ],
            [
              -72.91622,
              41.29964
            ],
            [
              -72.91464,
              41.30104
            ],
            [
              -72.90981,
              41.30206
            ],
            [
              -72.90765,
              41.30151
            ],
            [
              -72.90449,
              41.29923
            ],
            [
              -72.90602,
              41.30499
            ],
            [
              -72.90813,
              41.30605
            ],
            [
              -72.90775,
              41.30879
            ],
            [
              -72.90853,
              41.30888
            ],
            [
              -72.91921,
              41.30737
            ],
            [
              -72.921,
              41.30088
            ]
          ]
        ]
      },
      "properties": {
        "geoid": "09009142200",
        "name": "Census Tract 1422",
        "town": "",
        "total": 6,
        "undefined": 6
      }
    },
    {
      "type": "Feature",
      "geometry": {
        "type": "Polygon",
        "coordinates": [
          [
            [
              -72.90789,
              41.30841
            ],
            [
              -72.90813,
              41.30605
            ],
            [
              -72.90602,
              41.30499
            ],
            [
              -72.90411,
              41.2992
            ],
            [
              -72.89173,
              41.30248
            ],
            [
              -72.88787,
              41.30897
            ],
            [
              -72.89009,
              41.30946
            ],
            [
              -72.90789,
              41.30841
            ]
          ]
        ]
      },
      "properties": {
        "geoid": "09009142300",
        "name": "Census Tract 1423",
        "town": "",
        "total": 21,
        "undefined": 21
      }
    },
    {
      "type": "Feature",
      "geometry": {
        "type": "Polygon",
        "coordinates": [
          [
            [
              -72.90867,
              41.32609
            ],
            [
              -72.90703,
              41.32583
            ],
            [
              -72.90556,
              41.32311
            ],
            [
              -72.90311,
              41.32113
            ],
            [
              -72.90458,
              41.31751
            ],
            [
              -72.90616,
              41.31661
            ],
            [
              -72.90433,
              41.31638
            ],
            [
              -72.90401,
              41.3141
            ],
            [
              -72.90717,
              41.31348
            ],
            [
              -72.9078,
              41.31272
            ],
            [
              -72.90775,
              41.30879
            ],
            [
              -72.89548,
              41.30899
            ],
            [
              -72.89773,
              41.31885
            ],
            [
              -72.89866,
              41.31943
            ],
            [
              -72.89802,
              41.32005
            ],
            [
              -72.90286,
              41.32511
            ],
            [
              -72.90464,
              41.32498
            ],
            [
              -72.90792,
              41.32704
            ],
            [
              -72.90867,
              41.32609
            ]
          ]
        ]
      },
      "properties": {
        "geoid": "09009142400",
        "name": "Census Tract 1424",
        "town": "",
        "total": 15,
        "undefined": 15
      }
    },
    {
      "type": "Feature",
      "geometry": {
        "type": "Polygon",
        "coordinates": [
          [
            [
              -72.90875,
              41.32959
            ],
            [
              -72.90765,
              41.32678
            ],
            [
              -72.90464,
              41.32498
            ],
            [
              -72.90318,
              41.32519
            ],
            [
              -72.90131,
              41.32418
            ],
            [
              -72.90028,
              41.32195
            ],
            [
              -72.89802,
              41.32005
            ],
            [
              -72.89866,
              41.31943
            ],
            [
              -72.89773,
              41.31885
            ],
            [
              -72.89548,
              41.30899
            ],
            [
              -72.88787,
              41.30897
            ],
            [
              -72.88515,
              41.31221
            ],
            [
              -72.88503,
              41.31562
            ],
            [
              -72.88416,
              41.31743
            ],
            [
              -72.88481,
              41.31847
            ],
            [
              -72.89137,
              41.32184
            ],
            [
              -72.89124,
              41.32353
            ],
            [
              -72.88947,
              41.325
            ],
            [
              -72.89169,
              41.32847
            ],
            [
              -72.89289,
              41.32802
            ],
            [
              -72.89331,
              41.3289
            ],
            [
              -72.90254,
              41.32719
            ],
            [
              -72.90853,
              41.33085
            ],
            [
              -72.90875,
              41.32959
            ]
          ]
        ]
      },
      "properties": {
        "geoid": "09009142500",
        "name": "Census Tract 1425",
        "town": "",
        "total": 33,
        "undefined": 33
      }
    },
    {
      "type": "Feature",
      "geometry": {
        "type": "Polygon",
        "coordinates": [
          [
            [
              -72.89265,
              41.3303
            ],
            [
              -72.88947,
              41.325
            ],
            [
              -72.89124,
              41.32353
            ],
            [
              -72.89137,
              41.32184
            ],
            [
              -72.88481,
              41.31847
            ],
            [
              -72.88416,
              41.31743
            ],
            [
              -72.88503,
              41.31562
            ],
            [
              -72.88515,
              41.31221
            ],
            [
              -72.88787,
              41.30897
            ],
            [
              -72.88624,
              41.30824
            ],
            [
              -72.87898,
              41.31353
            ],
            [
              -72.874,
              41.32088
            ],
            [
              -72.87051,
              41.32011
            ],
            [
              -72.86757,
              41.32043
            ],
            [
              -72.86031,
              41.33664
            ],
            [
              -72.88884,
              41.3326
            ],
            [
              -72.88964,
              41.3314
            ],
            [
              -72.89265,
              41.3303
            ]
          ]
        ]
      },
      "properties": {
        "geoid": "09009142601",
        "name": "Census Tract 1426.01",
        "town": "",
        "total": 32,
        "undefined": 32
      }
    },
    {
      "type": "Feature",
      "geometry": {
        "type": "Polygon",
        "coordinates": [
          [
            [
              -72.89292,
              41.30208
            ],
            [
              -72.89209,
              41.30075
            ],
            [
              -72.89025,
              41.30006
            ],
            [
              -72.88926,
              41.29798
            ],
            [
              -72.88252,
              41.29323
            ],
            [
              -72.87364,
              41.30685
            ],
            [
              -72.8738,
              41.30856
            ],
            [
              -72.87849,
              41.3094
            ],
            [
              -72.88147,
              41.30799
            ],
            [
              -72.88484,
              41.30941
            ],
            [
              -72.88624,
              41.30824
            ],
            [
              -72.88787,
              41.30897
            ],
            [
              -72.89086,
              41.30355
            ],
            [
              -72.89292,
              41.30208
            ]
          ]
        ]
      },
      "properties": {
        "geoid": "09009142604",
        "name": "Census Tract 1426.04",
        "town": "",
        "total": 33,
        "undefined": 33
      }
    },
    {
      "type": "Feature",
      "geometry": {
        "type": "Polygon",
        "coordinates": [
          [
            [
              -72.88484,
              41.30941
            ],
            [
              -72.88147,
              41.30799
            ],
            [
              -72.87884,
              41.30937
            ],
            [
              -72.87561,
              41.30902
            ],
            [
              -72.8738,
              41.30856
            ],
            [
              -72.87364,
              41.30685
            ],
            [
              -72.86757,
              41.32043
            ],
            [
              -72.87051,
              41.32011
            ],
            [
              -72.874,
              41.32088
            ],
            [
              -72.87898,
              41.31353
            ],
            [
              -72.88484,
              41.30941
            ]
          ]
        ]
      },
      "properties": {
        "geoid": "09009142605",
        "name": "Census Tract 1426.05",
        "town": "",
        "total": 14,
        "undefined": 14
      }
    },
    {
      "type": "Feature",
      "geometry": {
        "type": "Polygon",
        "coordinates": [
          [
            [
              -72.9108,
              41.28906
            ],
            [
              -72.91156,
              41.28228
            ],
            [
              -72.90401,
              41.2827
            ],
            [
              -72.90383,
              41.282
            ],
            [
              -72.90052,
              41.2825
            ],
            [
              -72.90068,
              41.2841
            ],
            [
              -72.89737,
              41.2844
            ],
            [
              -72.89952,
              41.2802
            ],
            [
              -72.89797,
              41.2799
            ],
            [
              -72.89756,
              41.28094
            ],
            [
              -72.89002,
              41.27986
            ],
            [
              -72.89017,
              41.28237
            ],
            [
              -72.88817,
              41.28156
            ],
            [
              -72.88743,
              41.28231
            ],
            [
              -72.88771,
              41.28571
            ],
            [
              -72.88252,
              41.29323
            ],
            [
              -72.88926,
              41.29798
            ],
            [
              -72.89025,
              41.30006
            ],
            [
              -72.89322,
              41.30205
            ],
            [
              -72.90452,
              41.29919
            ],
            [
              -72.91031,
              41.29113
            ],
            [
              -72.9108,
              41.28906
            ]
          ]
        ]
      },
      "properties": {
        "geoid": "09009142700",
        "name": "Census Tract 1427",
        "town": "",
        "total": 26,
        "undefined": 26
      }
    },
    {
      "type": "Feature",
      "geometry": {
        "type": "Polygon",
        "coordinates": [
          [
            [
              -72.91156,
              41.28228
            ],
            [
              -72.91039,
              41.27044
            ],
            [
              -72.89713,
              41.25854
            ],
            [
              -72.90607,
              41.25596
            ],
            [
              -72.90932,
              41.25155
            ],
            [
              -72.90959,
              41.24619
            ],
            [
              -72.90271,
              41.24286
            ],
            [
              -72.89972,
              41.2469
            ],
            [
              -72.89956,
              41.2485
            ],
            [
              -72.89692,
              41.24848
            ],
            [
              -72.89427,
              41.24999
            ],
            [
              -72.8928,
              41.24967
            ],
            [
              -72.8914,
              41.2512
            ],
            [
              -72.8892,
              41.25105
            ],
            [
              -72.88683,
              41.25392
            ],
            [
              -72.88743,
              41.28231
            ],
            [
              -72.88817,
              41.28156
            ],
            [
              -72.89017,
              41.28237
            ],
            [
              -72.89002,
              41.27986
            ],
            [
              -72.89756,
              41.28094
            ],
            [
              -72.89797,
              41.2799
            ],
            [
              -72.89952,
              41.2802
            ],
            [
              -72.89737,
              41.2844
            ],
            [
              -72.90068,
              41.2841
            ],
            [
              -72.90052,
              41.2825
            ],
            [
              -72.90383,
              41.282
            ],
            [
              -72.90401,
              41.2827
            ],
            [
              -72.91156,
              41.28228
            ]
          ]
        ]
      },
      "properties": {
        "geoid": "09009142800",
        "name": "Census Tract 1428",
        "town": "",
        "total": 15,
        "undefined": 15
      }
    },
    {
      "type": "Feature",
      "geometry": {
        "type": "Polygon",
        "coordinates": [
          [
            [
              -73.07647,
              41.21547
            ],
            [
              -73.06504,
              41.21935
            ],
            [
              -73.06458,
              41.21891
            ],
            [
              -73.06519,
              41.21843
            ],
            [
              -73.06196,
              41.21384
            ],
            [
              -73.0557,
              41.20899
            ],
            [
              -73.04894,
              41.21035
            ],
            [
              -73.04911,
              41.21146
            ],
            [
              -73.0541,
              41.2151
            ],
            [
              -73.05422,
              41.22006
            ],
            [
              -73.05569,
              41.22367
            ],
            [
              -73.04972,
              41.22397
            ],
            [
              -73.04972,
              41.22548
            ],
            [
              -73.05157,
              41.22745
            ],
            [
              -73.04609,
              41.23113
            ],
            [
              -73.04722,
              41.23208
            ],
            [
              -73.05458,
              41.233
            ],
            [
              -73.06263,
              41.23145
            ],
            [
              -73.07028,
              41.22699
            ],
            [
              -73.07647,
              41.21547
            ]
          ]
        ]
      },
      "properties": {
        "geoid": "09009150100",
        "name": "Census Tract 1501",
        "town": "",
        "total": 3,
        "undefined": 3
      }
    },
    {
      "type": "Feature",
      "geometry": {
        "type": "Polygon",
        "coordinates": [
          [
            [
              -73.07748,
              41.21343
            ],
            [
              -73.07781,
              41.21304
            ],
            [
              -73.07609,
              41.21387
            ],
            [
              -73.07331,
              41.20939
            ],
            [
              -73.07177,
              41.20994
            ],
            [
              -73.07033,
              41.20788
            ],
            [
              -73.07483,
              41.20505
            ],
            [
              -73.0715,
              41.20386
            ],
            [
              -73.07005,
              41.20182
            ],
            [
              -73.07038,
              41.20049
            ],
            [
              -73.07624,
              41.19842
            ],
            [
              -73.05785,
              41.1854
            ],
            [
              -73.03755,
              41.1951
            ],
            [
              -73.06196,
              41.21384
            ],
            [
              -73.06519,
              41.21843
            ],
            [
              -73.06458,
              41.21891
            ],
            [
              -73.06504,
              41.21935
            ],
            [
              -73.07655,
              41.21521
            ],
            [
              -73.07748,
              41.21343
            ]
          ]
        ]
      },
      "properties": {
        "geoid": "09009150200",
        "name": "Census Tract 1502",
        "town": "",
        "total": 1,
        "undefined": 1
      }
    },
    {
      "type": "Feature",
      "geometry": {
        "type": "Polygon",
        "coordinates": [
          [
            [
              -73.10416,
              41.20616
            ],
            [
              -73.10087,
              41.20053
            ],
            [
              -73.09665,
              41.19614
            ],
            [
              -73.09088,
              41.19628
            ],
            [
              -73.08597,
              41.20015
            ],
            [
              -73.08655,
              41.20172
            ],
            [
              -73.08494,
              41.20402
            ],
            [
              -73.08363,
              41.20197
            ],
            [
              -73.07967,
              41.20352
            ],
            [
              -73.07866,
              41.20133
            ],
            [
              -73.0794,
              41.20096
            ],
            [
              -73.07624,
              41.19842
            ],
            [
              -73.07425,
              41.19958
            ],
            [
              -73.07105,
              41.19986
            ],
            [
              -73.07004,
              41.20119
            ],
            [
              -73.07228,
              41.20456
            ],
            [
              -73.07483,
              41.20505
            ],
            [
              -73.07033,
              41.20788
            ],
            [
              -73.07177,
              41.20994
            ],
            [
              -73.07331,
              41.20939
            ],
            [
              -73.07609,
              41.21387
            ],
            [
              -73.07781,
              41.21304
            ],
            [
              -73.07655,
              41.21521
            ],
            [
              -73.08273,
              41.21235
            ],
            [
              -73.09038,
              41.21035
            ],
            [
              -73.09447,
              41.20786
            ],
            [
              -73.10416,
              41.20616
            ]
          ]
        ]
      },
      "properties": {
        "geoid": "09009150300",
        "name": "Census Tract 1503",
        "town": "",
        "total": 2,
        "undefined": 2
      }
    },
    {
      "type": "Feature",
      "geometry": {
        "type": "Polygon",
        "coordinates": [
          [
            [
              -73.09895,
              41.17609
            ],
            [
              -73.09739,
              41.17468
            ],
            [
              -73.07935,
              41.19185
            ],
            [
              -73.07206,
              41.19544
            ],
            [
              -73.07863,
              41.20001
            ],
            [
              -73.07967,
              41.20352
            ],
            [
              -73.08363,
              41.20197
            ],
            [
              -73.08494,
              41.20402
            ],
            [
              -73.0858,
              41.20361
            ],
            [
              -73.08655,
              41.20172
            ],
            [
              -73.08597,
              41.20015
            ],
            [
              -73.09021,
              41.19715
            ],
            [
              -73.09555,
              41.19105
            ],
            [
              -73.09517,
              41.18763
            ],
            [
              -73.09065,
              41.185
            ],
            [
              -73.09895,
              41.17609
            ]
          ]
        ]
      },
      "properties": {
        "geoid": "09009150400",
        "name": "Census Tract 1504",
        "town": "",
        "total": 1,
        "undefined": 1
      }
    },
    {
      "type": "Feature",
      "geometry": {
        "type": "Polygon",
        "coordinates": [
          [
            [
              -73.12245,
              41.1829
            ],
            [
              -73.12235,
              41.1798
            ],
            [
              -73.11985,
              41.1757
            ],
            [
              -73.10778,
              41.16861
            ],
            [
              -73.10597,
              41.17144
            ],
            [
              -73.0986,
              41.1735
            ],
            [
              -73.09739,
              41.17468
            ],
            [
              -73.09904,
              41.17601
            ],
            [
              -73.09082,
              41.18472
            ],
            [
              -73.09517,
              41.18763
            ],
            [
              -73.09555,
              41.19105
            ],
            [
              -73.09088,
              41.19628
            ],
            [
              -73.09726,
              41.19642
            ],
            [
              -73.10211,
              41.20219
            ],
            [
              -73.10416,
              41.20616
            ],
            [
              -73.10945,
              41.2048
            ],
            [
              -73.11055,
              41.2003
            ],
            [
              -73.11535,
              41.1935
            ],
            [
              -73.12135,
              41.1875
            ],
            [
              -73.12245,
              41.1829
            ]
          ]
        ]
      },
      "properties": {
        "geoid": "09009150500",
        "name": "Census Tract 1505",
        "town": "",
        "total": 1,
        "undefined": 1
      }
    },
    {
      "type": "Feature",
      "geometry": {
        "type": "Polygon",
        "coordinates": [
          [
            [
              -73.11065,
              41.20827
            ],
            [
              -73.10945,
              41.2048
            ],
            [
              -73.09447,
              41.20786
            ],
            [
              -73.09038,
              41.21035
            ],
            [
              -73.08006,
              41.21351
            ],
            [
              -73.07655,
              41.21521
            ],
            [
              -73.07028,
              41.22699
            ],
            [
              -73.06303,
              41.23124
            ],
            [
              -73.07246,
              41.23503
            ],
            [
              -73.08515,
              41.24678
            ],
            [
              -73.09141,
              41.24626
            ],
            [
              -73.10157,
              41.24009
            ],
            [
              -73.10495,
              41.2366
            ],
            [
              -73.10995,
              41.2294
            ],
            [
              -73.11045,
              41.2253
            ],
            [
              -73.10835,
              41.2183
            ],
            [
              -73.11025,
              41.214
            ],
            [
              -73.11065,
              41.20827
            ]
          ]
        ]
      },
      "properties": {
        "geoid": "09009150600",
        "name": "Census Tract 1506",
        "town": "",
        "total": 2,
        "undefined": 2
      }
    },
    {
      "type": "Feature",
      "geometry": {
        "type": "Polygon",
        "coordinates": [
          [
            [
              -73.09122,
              41.24641
            ],
            [
              -73.08515,
              41.24678
            ],
            [
              -73.0731,
              41.23553
            ],
            [
              -73.06863,
              41.23311
            ],
            [
              -73.06303,
              41.23124
            ],
            [
              -73.05481,
              41.23299
            ],
            [
              -73.05227,
              41.23276
            ],
            [
              -73.04497,
              41.24737
            ],
            [
              -73.04405,
              41.25164
            ],
            [
              -73.04414,
              41.25682
            ],
            [
              -73.05151,
              41.2595
            ],
            [
              -73.07856,
              41.27335
            ],
            [
              -73.08685,
              41.2766
            ],
            [
              -73.08868,
              41.27174
            ],
            [
              -73.08675,
              41.2546
            ],
            [
              -73.08735,
              41.25179
            ],
            [
              -73.09122,
              41.24641
            ]
          ]
        ]
      },
      "properties": {
        "geoid": "09009150700",
        "name": "Census Tract 1507",
        "town": "",
        "total": 2,
        "undefined": 2
      }
    },
    {
      "type": "Feature",
      "geometry": {
        "type": "Polygon",
        "coordinates": [
          [
            [
              -73.05218,
              41.23297
            ],
            [
              -73.04722,
              41.23208
            ],
            [
              -73.04609,
              41.23113
            ],
            [
              -73.04193,
              41.23417
            ],
            [
              -73.03663,
              41.23295
            ],
            [
              -73.03268,
              41.23344
            ],
            [
              -73.01893,
              41.24011
            ],
            [
              -73.00645,
              41.24812
            ],
            [
              -73.03031,
              41.25278
            ],
            [
              -73.04414,
              41.25682
            ],
            [
              -73.04405,
              41.25164
            ],
            [
              -73.04497,
              41.24737
            ],
            [
              -73.05218,
              41.23297
            ]
          ]
        ]
      },
      "properties": {
        "geoid": "09009150800",
        "name": "Census Tract 1508",
        "town": "",
        "total": 3,
        "undefined": 3
      }
    },
    {
      "type": "Feature",
      "geometry": {
        "type": "Polygon",
        "coordinates": [
          [
            [
              -73.05569,
              41.22367
            ],
            [
              -73.05422,
              41.22006
            ],
            [
              -73.0541,
              41.2151
            ],
            [
              -73.04888,
              41.21098
            ],
            [
              -73.04894,
              41.21035
            ],
            [
              -73.0555,
              41.20888
            ],
            [
              -73.05412,
              41.20784
            ],
            [
              -73.05196,
              41.20862
            ],
            [
              -73.04785,
              41.20804
            ],
            [
              -73.03852,
              41.1998
            ],
            [
              -73.03453,
              41.20195
            ],
            [
              -73.03818,
              41.20712
            ],
            [
              -73.03437,
              41.20882
            ],
            [
              -73.0285,
              41.21356
            ],
            [
              -73.02583,
              41.21742
            ],
            [
              -73.02566,
              41.21859
            ],
            [
              -73.02696,
              41.21942
            ],
            [
              -73.02765,
              41.22181
            ],
            [
              -73.03035,
              41.22511
            ],
            [
              -73.03509,
              41.22443
            ],
            [
              -73.03701,
              41.2264
            ],
            [
              -73.03429,
              41.22988
            ],
            [
              -73.03188,
              41.22966
            ],
            [
              -73.03221,
              41.23104
            ],
            [
              -73.03092,
              41.23242
            ],
            [
              -73.03237,
              41.23355
            ],
            [
              -73.03663,
              41.23295
            ],
            [
              -73.04193,
              41.23417
            ],
            [
              -73.05157,
              41.22745
            ],
            [
              -73.04972,
              41.22548
            ],
            [
              -73.04972,
              41.22397
            ],
            [
              -73.05569,
              41.22367
            ]
          ]
        ]
      },
      "properties": {
        "geoid": "09009150900",
        "name": "Census Tract 1509",
        "town": "",
        "total": 3,
        "undefined": 3
      }
    },
    {
      "type": "Feature",
      "geometry": {
        "type": "Polygon",
        "coordinates": [
          [
            [
              -73.03803,
              41.2072
            ],
            [
              -73.03453,
              41.20195
            ],
            [
              -73.03279,
              41.20447
            ],
            [
              -73.02922,
              41.20566
            ],
            [
              -73.02502,
              41.20586
            ],
            [
              -73.02329,
              41.20557
            ],
            [
              -73.02205,
              41.20286
            ],
            [
              -73.01663,
              41.20151
            ],
            [
              -73.01089,
              41.20415
            ],
            [
              -73.00649,
              41.20804
            ],
            [
              -73.00356,
              41.21384
            ],
            [
              -73.00357,
              41.21527
            ],
            [
              -73.0077,
              41.21641
            ],
            [
              -73.01209,
              41.21371
            ],
            [
              -73.01785,
              41.21504
            ],
            [
              -73.02566,
              41.21859
            ],
            [
              -73.02817,
              41.21384
            ],
            [
              -73.03437,
              41.20882
            ],
            [
              -73.03803,
              41.2072
            ]
          ]
        ]
      },
      "properties": {
        "geoid": "09009151000",
        "name": "Census Tract 1510",
        "town": "",
        "total": 2,
        "undefined": 2
      }
    },
    {
      "type": "Feature",
      "geometry": {
        "type": "Polygon",
        "coordinates": [
          [
            [
              -73.03704,
              41.22664
            ],
            [
              -73.03509,
              41.22443
            ],
            [
              -73.03035,
              41.22511
            ],
            [
              -73.02765,
              41.22181
            ],
            [
              -73.02696,
              41.21942
            ],
            [
              -73.01785,
              41.21504
            ],
            [
              -73.01209,
              41.21371
            ],
            [
              -73.0077,
              41.21641
            ],
            [
              -72.996,
              41.21331
            ],
            [
              -72.98435,
              41.2189
            ],
            [
              -72.97905,
              41.2304
            ],
            [
              -72.9869,
              41.23554
            ],
            [
              -72.99305,
              41.22945
            ],
            [
              -72.99813,
              41.2284
            ],
            [
              -73.00389,
              41.22877
            ],
            [
              -73.00398,
              41.23147
            ],
            [
              -73.00884,
              41.23244
            ],
            [
              -73.01103,
              41.23495
            ],
            [
              -73.01333,
              41.23595
            ],
            [
              -73.01295,
              41.23664
            ],
            [
              -73.01959,
              41.23657
            ],
            [
              -73.02253,
              41.23831
            ],
            [
              -73.03237,
              41.23355
            ],
            [
              -73.03092,
              41.23242
            ],
            [
              -73.03221,
              41.23104
            ],
            [
              -73.03188,
              41.22966
            ],
            [
              -73.03429,
              41.22988
            ],
            [
              -73.03704,
              41.22664
            ]
          ]
        ]
      },
      "properties": {
        "geoid": "09009151100",
        "name": "Census Tract 1511",
        "town": "",
        "total": 3,
        "undefined": 3
      }
    },
    {
      "type": "Feature",
      "geometry": {
        "type": "Polygon",
        "coordinates": [
          [
            [
              -72.97512,
              41.29569
            ],
            [
              -72.9735,
              41.29079
            ],
            [
              -72.97183,
              41.28836
            ],
            [
              -72.96027,
              41.29292
            ],
            [
              -72.95762,
              41.29585
            ],
            [
              -72.95108,
              41.29726
            ],
            [
              -72.95264,
              41.29944
            ],
            [
              -72.9563,
              41.3016
            ],
            [
              -72.95687,
              41.30301
            ],
            [
              -72.95674,
              41.30526
            ],
            [
              -72.95597,
              41.30514
            ],
            [
              -72.95743,
              41.30665
            ],
            [
              -72.9563,
              41.31046
            ],
            [
              -72.97018,
              41.31161
            ],
            [
              -72.96944,
              41.30776
            ],
            [
              -72.96527,
              41.30451
            ],
            [
              -72.96349,
              41.30167
            ],
            [
              -72.97109,
              41.2995
            ],
            [
              -72.97039,
              41.29757
            ],
            [
              -72.97512,
              41.29569
            ]
          ]
        ]
      },
      "properties": {
        "geoid": "09009154101",
        "name": "Census Tract 1541.01",
        "town": "",
        "total": 11,
        "undefined": 11
      }
    },
    {
      "type": "Feature",
      "geometry": {
        "type": "Polygon",
        "coordinates": [
          [
            [
              -72.98915,
              41.3133
            ],
            [
              -72.98427,
              41.30179
            ],
            [
              -72.98599,
              41.29028
            ],
            [
              -72.9873,
              41.28825
            ],
            [
              -72.98614,
              41.28549
            ],
            [
              -72.98706,
              41.28134
            ],
            [
              -72.98565,
              41.28046
            ],
            [
              -72.98403,
              41.2806
            ],
            [
              -72.97183,
              41.28836
            ],
            [
              -72.97438,
              41.29285
            ],
            [
              -72.97482,
              41.29631
            ],
            [
              -72.97039,
              41.29757
            ],
            [
              -72.97109,
              41.2995
            ],
            [
              -72.96349,
              41.30167
            ],
            [
              -72.96527,
              41.30451
            ],
            [
              -72.96944,
              41.30776
            ],
            [
              -72.97018,
              41.31161
            ],
            [
              -72.98915,
              41.3133
            ]
          ]
        ]
      },
      "properties": {
        "geoid": "09009154102",
        "name": "Census Tract 1541.02",
        "town": "",
        "total": 7,
        "undefined": 7
      }
    },
    {
      "type": "Feature",
      "geometry": {
        "type": "Polygon",
        "coordinates": [
          [
            [
              -72.99221,
              41.25889
            ],
            [
              -72.9757,
              41.26727
            ],
            [
              -72.97205,
              41.27044
            ],
            [
              -72.96828,
              41.27589
            ],
            [
              -72.96109,
              41.27936
            ],
            [
              -72.96147,
              41.27994
            ],
            [
              -72.96369,
              41.28159
            ],
            [
              -72.96585,
              41.28052
            ],
            [
              -72.96598,
              41.28115
            ],
            [
              -72.96908,
              41.28183
            ],
            [
              -72.97225,
              41.28131
            ],
            [
              -72.97445,
              41.28515
            ],
            [
              -72.97434,
              41.28698
            ],
            [
              -72.97937,
              41.28404
            ],
            [
              -72.98299,
              41.28129
            ],
            [
              -72.97994,
              41.27919
            ],
            [
              -72.99203,
              41.26809
            ],
            [
              -72.99221,
              41.25889
            ]
          ]
        ]
      },
      "properties": {
        "geoid": "09009154200",
        "name": "Census Tract 1542",
        "town": "",
        "total": 6,
        "undefined": 6
      }
    },
    {
      "type": "Feature",
      "geometry": {
        "type": "Polygon",
        "coordinates": [
          [
            [
              -72.95613,
              41.28139
            ],
            [
              -72.94982,
              41.2724
            ],
            [
              -72.93257,
              41.27791
            ],
            [
              -72.93846,
              41.28101
            ],
            [
              -72.9399,
              41.2835
            ],
            [
              -72.94829,
              41.28418
            ],
            [
              -72.95613,
              41.28139
            ]
          ]
        ]
      },
      "properties": {
        "geoid": "09009154500",
        "name": "Census Tract 1545",
        "town": "",
        "total": 3,
        "undefined": 3
      }
    },
    {
      "type": "Feature",
      "geometry": {
        "type": "Polygon",
        "coordinates": [
          [
            [
              -72.9757,
              41.26727
            ],
            [
              -72.97429,
              41.26572
            ],
            [
              -72.97002,
              41.26402
            ],
            [
              -72.97138,
              41.26247
            ],
            [
              -72.96613,
              41.25966
            ],
            [
              -72.96377,
              41.26086
            ],
            [
              -72.96117,
              41.26893
            ],
            [
              -72.94978,
              41.27235
            ],
            [
              -72.95613,
              41.28139
            ],
            [
              -72.96814,
              41.27601
            ],
            [
              -72.97205,
              41.27044
            ],
            [
              -72.9757,
              41.26727
            ]
          ]
        ]
      },
      "properties": {
        "geoid": "09009154600",
        "name": "Census Tract 1546",
        "town": "",
        "total": 3,
        "undefined": 3
      }
    },
    {
      "type": "Feature",
      "geometry": {
        "type": "Polygon",
        "coordinates": [
          [
            [
              -72.99464,
              41.24172
            ],
            [
              -72.99315,
              41.24099
            ],
            [
              -72.99218,
              41.23926
            ],
            [
              -72.9931,
              41.23867
            ],
            [
              -72.99236,
              41.23802
            ],
            [
              -72.99324,
              41.23733
            ],
            [
              -72.99242,
              41.23668
            ],
            [
              -72.99339,
              41.23652
            ],
            [
              -72.99249,
              41.23543
            ],
            [
              -72.99262,
              41.23421
            ],
            [
              -72.9869,
              41.23554
            ],
            [
              -72.97917,
              41.23176
            ],
            [
              -72.97291,
              41.23209
            ],
            [
              -72.96824,
              41.23906
            ],
            [
              -72.97205,
              41.2393
            ],
            [
              -72.98154,
              41.24386
            ],
            [
              -72.97637,
              41.25006
            ],
            [
              -72.96613,
              41.25966
            ],
            [
              -72.97138,
              41.26247
            ],
            [
              -72.97002,
              41.26402
            ],
            [
              -72.97429,
              41.26572
            ],
            [
              -72.97584,
              41.26721
            ],
            [
              -72.98962,
              41.26046
            ],
            [
              -72.99221,
              41.25864
            ],
            [
              -72.99243,
              41.2516
            ],
            [
              -72.99138,
              41.25045
            ],
            [
              -72.99235,
              41.2485
            ],
            [
              -72.99179,
              41.24773
            ],
            [
              -72.99049,
              41.24778
            ],
            [
              -72.99056,
              41.2463
            ],
            [
              -72.99096,
              41.24506
            ],
            [
              -72.99327,
              41.24473
            ],
            [
              -72.99464,
              41.24172
            ]
          ]
        ]
      },
      "properties": {
        "geoid": "09009154700",
        "name": "Census Tract 1547",
        "town": "",
        "total": 6,
        "undefined": 6
      }
    },
    {
      "type": "Feature",
      "geometry": {
        "type": "Polygon",
        "coordinates": [
          [
            [
              -72.98154,
              41.24386
            ],
            [
              -72.97205,
              41.2393
            ],
            [
              -72.96824,
              41.23906
            ],
            [
              -72.96695,
              41.24195
            ],
            [
              -72.96261,
              41.2456
            ],
            [
              -72.96012,
              41.24958
            ],
            [
              -72.95992,
              41.25341
            ],
            [
              -72.96155,
              41.25255
            ],
            [
              -72.96213,
              41.25304
            ],
            [
              -72.96133,
              41.25724
            ],
            [
              -72.96393,
              41.25971
            ],
            [
              -72.96377,
              41.26086
            ],
            [
              -72.96895,
              41.25758
            ],
            [
              -72.98154,
              41.24386
            ]
          ]
        ]
      },
      "properties": {
        "geoid": "09009154800",
        "name": "Census Tract 1548",
        "town": "",
        "total": 4,
        "undefined": 4
      }
    },
    {
      "type": "Feature",
      "geometry": {
        "type": "Polygon",
        "coordinates": [
          [
            [
              -72.96398,
              41.25998
            ],
            [
              -72.96133,
              41.25724
            ],
            [
              -72.96213,
              41.25304
            ],
            [
              -72.96155,
              41.25255
            ],
            [
              -72.95088,
              41.25896
            ],
            [
              -72.95073,
              41.26221
            ],
            [
              -72.94663,
              41.26269
            ],
            [
              -72.94978,
              41.27235
            ],
            [
              -72.96117,
              41.26893
            ],
            [
              -72.96398,
              41.25998
            ]
          ]
        ]
      },
      "properties": {
        "geoid": "09009154900",
        "name": "Census Tract 1549",
        "town": "",
        "total": 6,
        "undefined": 6
      }
    },
    {
      "type": "Feature",
      "geometry": {
        "type": "Polygon",
        "coordinates": [
          [
            [
              -72.94982,
              41.2724
            ],
            [
              -72.94663,
              41.26269
            ],
            [
              -72.9386,
              41.26438
            ],
            [
              -72.93438,
              41.26748
            ],
            [
              -72.93178,
              41.26473
            ],
            [
              -72.93121,
              41.26206
            ],
            [
              -72.92913,
              41.26003
            ],
            [
              -72.92189,
              41.2647
            ],
            [
              -72.92014,
              41.2675
            ],
            [
              -72.91703,
              41.27015
            ],
            [
              -72.919,
              41.27218
            ],
            [
              -72.92227,
              41.27235
            ],
            [
              -72.92743,
              41.27018
            ],
            [
              -72.93198,
              41.27406
            ],
            [
              -72.93257,
              41.27791
            ],
            [
              -72.94982,
              41.2724
            ]
          ]
        ]
      },
      "properties": {
        "geoid": "09009155000",
        "name": "Census Tract 1550",
        "town": "",
        "total": 4,
        "undefined": 4
      }
    },
    {
      "type": "Feature",
      "geometry": {
        "type": "Polygon",
        "coordinates": [
          [
            [
              -72.96012,
              41.24958
            ],
            [
              -72.95423,
              41.25047
            ],
            [
              -72.9474,
              41.25416
            ],
            [
              -72.93311,
              41.25771
            ],
            [
              -72.92913,
              41.26003
            ],
            [
              -72.93121,
              41.26206
            ],
            [
              -72.93178,
              41.26473
            ],
            [
              -72.93438,
              41.26748
            ],
            [
              -72.9389,
              41.26428
            ],
            [
              -72.95073,
              41.26221
            ],
            [
              -72.95088,
              41.25896
            ],
            [
              -72.95992,
              41.25341
            ],
            [
              -72.96012,
              41.24958
            ]
          ]
        ]
      },
      "properties": {
        "geoid": "09009155100",
        "name": "Census Tract 1551",
        "town": "",
        "total": 5,
        "undefined": 5
      }
    },
    {
      "type": "Feature",
      "geometry": {
        "type": "Polygon",
        "coordinates": [
          [
            [
              -73.08685,
              41.2766
            ],
            [
              -73.07856,
              41.27335
            ],
            [
              -73.06205,
              41.26459
            ],
            [
              -73.03876,
              41.29081
            ],
            [
              -73.03616,
              41.2959
            ],
            [
              -73.03311,
              41.30791
            ],
            [
              -73.03127,
              41.31008
            ],
            [
              -73.02806,
              41.31188
            ],
            [
              -73.04071,
              41.31389
            ],
            [
              -73.04911,
              41.3113
            ],
            [
              -73.0532,
              41.31114
            ],
            [
              -73.05719,
              41.31217
            ],
            [
              -73.06125,
              41.31044
            ],
            [
              -73.06503,
              41.30613
            ],
            [
              -73.06481,
              41.30532
            ],
            [
              -73.06785,
              41.301
            ],
            [
              -73.06505,
              41.2976
            ],
            [
              -73.06525,
              41.2949
            ],
            [
              -73.06875,
              41.2892
            ],
            [
              -73.07125,
              41.2873
            ],
            [
              -73.07885,
              41.2845
            ],
            [
              -73.08375,
              41.2815
            ],
            [
              -73.08685,
              41.2766
            ]
          ]
        ]
      },
      "properties": {
        "geoid": "09009157300",
        "name": "Census Tract 1573",
        "town": "",
        "total": 1,
        "undefined": 1
      }
    },
    {
      "type": "Feature",
      "geometry": {
        "type": "Polygon",
        "coordinates": [
          [
            [
              -73.04338,
              41.28538
            ],
            [
              -73.04022,
              41.28604
            ],
            [
              -73.02864,
              41.28274
            ],
            [
              -73.02598,
              41.27867
            ],
            [
              -73.02361,
              41.27951
            ],
            [
              -73.0193,
              41.28297
            ],
            [
              -73.01121,
              41.28537
            ],
            [
              -73.00781,
              41.27877
            ],
            [
              -72.99033,
              41.28309
            ],
            [
              -72.98715,
              41.28245
            ],
            [
              -72.98614,
              41.28549
            ],
            [
              -72.9873,
              41.28825
            ],
            [
              -72.98599,
              41.29028
            ],
            [
              -72.98427,
              41.30179
            ],
            [
              -72.98915,
              41.3133
            ],
            [
              -72.99805,
              41.3141
            ],
            [
              -73.0007,
              41.31262
            ],
            [
              -73.00876,
              41.31041
            ],
            [
              -73.02806,
              41.31188
            ],
            [
              -73.03127,
              41.31008
            ],
            [
              -73.03311,
              41.30791
            ],
            [
              -73.03672,
              41.29442
            ],
            [
              -73.03876,
              41.29081
            ],
            [
              -73.04338,
              41.28538
            ]
          ]
        ]
      },
      "properties": {
        "geoid": "09009157400",
        "name": "Census Tract 1574",
        "town": "",
        "total": 2,
        "undefined": 2
      }
    },
    {
      "type": "Feature",
      "geometry": {
        "type": "Polygon",
        "coordinates": [
          [
            [
              -73.04645,
              41.35189
            ],
            [
              -73.04633,
              41.34608
            ],
            [
              -73.04372,
              41.34232
            ],
            [
              -73.03893,
              41.32801
            ],
            [
              -73.04071,
              41.31389
            ],
            [
              -73.01307,
              41.31032
            ],
            [
              -73.00876,
              41.31041
            ],
            [
              -73.0007,
              41.31262
            ],
            [
              -72.99805,
              41.3141
            ],
            [
              -72.99681,
              41.3236
            ],
            [
              -72.98894,
              41.32889
            ],
            [
              -72.98874,
              41.33019
            ],
            [
              -72.9873,
              41.33124
            ],
            [
              -72.99421,
              41.33107
            ],
            [
              -72.99645,
              41.3324
            ],
            [
              -72.99652,
              41.33459
            ],
            [
              -72.99531,
              41.3378
            ],
            [
              -72.99739,
              41.33786
            ],
            [
              -72.99808,
              41.3438
            ],
            [
              -72.99753,
              41.35373
            ],
            [
              -73.03346,
              41.35225
            ],
            [
              -73.03514,
              41.35379
            ],
            [
              -73.03572,
              41.3531
            ],
            [
              -73.03885,
              41.35282
            ],
            [
              -73.04261,
              41.35333
            ],
            [
              -73.04299,
              41.35256
            ],
            [
              -73.04645,
              41.35189
            ]
          ]
        ]
      },
      "properties": {
        "geoid": "09009160100",
        "name": "Census Tract 1601",
        "town": "",
        "total": 2,
        "undefined": 2
      }
    },
    {
      "type": "Feature",
      "geometry": {
        "type": "Polygon",
        "coordinates": [
          [
            [
              -73.04903,
              41.38162
            ],
            [
              -73.04645,
              41.35209
            ],
            [
              -73.04299,
              41.35256
            ],
            [
              -73.04261,
              41.35333
            ],
            [
              -73.03885,
              41.35282
            ],
            [
              -73.03572,
              41.3531
            ],
            [
              -73.03514,
              41.35379
            ],
            [
              -73.03346,
              41.35225
            ],
            [
              -72.99753,
              41.35373
            ],
            [
              -72.99808,
              41.3438
            ],
            [
              -72.99739,
              41.33786
            ],
            [
              -72.99531,
              41.3378
            ],
            [
              -72.99652,
              41.33459
            ],
            [
              -72.99645,
              41.3324
            ],
            [
              -72.99421,
              41.33107
            ],
            [
              -72.9873,
              41.33124
            ],
            [
              -72.98501,
              41.33302
            ],
            [
              -72.98331,
              41.33731
            ],
            [
              -72.97019,
              41.3429
            ],
            [
              -72.97315,
              41.34745
            ],
            [
              -72.97482,
              41.35261
            ],
            [
              -72.9754,
              41.35994
            ],
            [
              -72.97466,
              41.36356
            ],
            [
              -72.96113,
              41.38794
            ],
            [
              -72.95703,
              41.39297
            ],
            [
              -72.95487,
              41.39447
            ],
            [
              -73.02998,
              41.38851
            ],
            [
              -73.03404,
              41.39171
            ],
            [
              -73.0378,
              41.3917
            ],
            [
              -73.03878,
              41.39327
            ],
            [
              -73.04241,
              41.39562
            ],
            [
              -73.0443,
              41.39491
            ],
            [
              -73.04754,
              41.39583
            ],
            [
              -73.04903,
              41.38162
            ]
          ]
        ]
      },
      "properties": {
        "geoid": "09009160200",
        "name": "Census Tract 1602",
        "town": "",
        "total": 4,
        "undefined": 4
      }
    },
    {
      "type": "Feature",
      "geometry": {
        "type": "Polygon",
        "coordinates": [
          [
            [
              -73.04752,
              41.39594
            ],
            [
              -73.04686,
              41.3952
            ],
            [
              -73.0443,
              41.39491
            ],
            [
              -73.04241,
              41.39562
            ],
            [
              -73.03878,
              41.39327
            ],
            [
              -73.0378,
              41.3917
            ],
            [
              -73.03404,
              41.39171
            ],
            [
              -73.02998,
              41.38851
            ],
            [
              -72.95487,
              41.39447
            ],
            [
              -72.95291,
              41.39695
            ],
            [
              -72.95352,
              41.39974
            ],
            [
              -72.94473,
              41.40623
            ],
            [
              -72.93893,
              41.40858
            ],
            [
              -72.94015,
              41.41122
            ],
            [
              -72.95256,
              41.41937
            ],
            [
              -72.95071,
              41.42781
            ],
            [
              -72.95525,
              41.42892
            ],
            [
              -72.96158,
              41.43243
            ],
            [
              -72.96349,
              41.43754
            ],
            [
              -72.96269,
              41.43873
            ],
            [
              -72.96324,
              41.43941
            ],
            [
              -72.95792,
              41.4452
            ],
            [
              -72.95814,
              41.44884
            ],
            [
              -72.95715,
              41.4501
            ],
            [
              -72.94905,
              41.4558
            ],
            [
              -72.94745,
              41.4601
            ],
            [
              -72.94805,
              41.4641
            ],
            [
              -72.98544,
              41.46904
            ],
            [
              -72.98976,
              41.46887
            ],
            [
              -73.00181,
              41.47116
            ],
            [
              -73.0035,
              41.46709
            ],
            [
              -73.00423,
              41.46256
            ],
            [
              -73.02575,
              41.4596
            ],
            [
              -73.02497,
              41.45123
            ],
            [
              -73.02522,
              41.43457
            ],
            [
              -73.02946,
              41.41949
            ],
            [
              -73.04165,
              41.4209
            ],
            [
              -73.04752,
              41.39594
            ]
          ]
        ]
      },
      "properties": {
        "geoid": "09009161100",
        "name": "Census Tract 1611",
        "town": "",
        "total": 5,
        "undefined": 5
      }
    },
    {
      "type": "Feature",
      "geometry": {
        "type": "Polygon",
        "coordinates": [
          [
            [
              -72.90259,
              41.34364
            ],
            [
              -72.90207,
              41.334
            ],
            [
              -72.9012,
              41.33089
            ],
            [
              -72.90005,
              41.32964
            ],
            [
              -72.89866,
              41.32974
            ],
            [
              -72.89775,
              41.3281
            ],
            [
              -72.89331,
              41.3289
            ],
            [
              -72.89289,
              41.32802
            ],
            [
              -72.89169,
              41.32847
            ],
            [
              -72.89265,
              41.3303
            ],
            [
              -72.88964,
              41.3314
            ],
            [
              -72.88884,
              41.3326
            ],
            [
              -72.88925,
              41.33411
            ],
            [
              -72.88844,
              41.3384
            ],
            [
              -72.88677,
              41.34115
            ],
            [
              -72.88285,
              41.3437
            ],
            [
              -72.88016,
              41.34338
            ],
            [
              -72.87876,
              41.34463
            ],
            [
              -72.88115,
              41.3465
            ],
            [
              -72.87964,
              41.34749
            ],
            [
              -72.87724,
              41.34661
            ],
            [
              -72.87494,
              41.3474
            ],
            [
              -72.87325,
              41.3494
            ],
            [
              -72.87446,
              41.35168
            ],
            [
              -72.87697,
              41.35348
            ],
            [
              -72.88383,
              41.35351
            ],
            [
              -72.88447,
              41.35474
            ],
            [
              -72.88392,
              41.35716
            ],
            [
              -72.88188,
              41.35888
            ],
            [
              -72.88174,
              41.3609
            ],
            [
              -72.89398,
              41.3633
            ],
            [
              -72.90217,
              41.34994
            ],
            [
              -72.90177,
              41.34747
            ],
            [
              -72.90259,
              41.34364
            ]
          ]
        ]
      },
      "properties": {
        "geoid": "09009165100",
        "name": "Census Tract 1651",
        "town": "",
        "total": 6,
        "undefined": 6
      }
    },
    {
      "type": "Feature",
      "geometry": {
        "type": "Polygon",
        "coordinates": [
          [
            [
              -72.91338,
              41.349
            ],
            [
              -72.91208,
              41.34361
            ],
            [
              -72.91292,
              41.34016
            ],
            [
              -72.9114,
              41.33619
            ],
            [
              -72.91253,
              41.33319
            ],
            [
              -72.90254,
              41.32719
            ],
            [
              -72.89775,
              41.3281
            ],
            [
              -72.89866,
              41.32974
            ],
            [
              -72.90056,
              41.33009
            ],
            [
              -72.90179,
              41.33229
            ],
            [
              -72.90259,
              41.34362
            ],
            [
              -72.90177,
              41.34747
            ],
            [
              -72.90217,
              41.34994
            ],
            [
              -72.89398,
              41.3633
            ],
            [
              -72.90802,
              41.36652
            ],
            [
              -72.91021,
              41.35744
            ],
            [
              -72.91305,
              41.35455
            ],
            [
              -72.91338,
              41.349
            ]
          ]
        ]
      },
      "properties": {
        "geoid": "09009165200",
        "name": "Census Tract 1652",
        "town": "",
        "total": 6,
        "undefined": 6
      }
    },
    {
      "type": "Feature",
      "geometry": {
        "type": "Polygon",
        "coordinates": [
          [
            [
              -72.92367,
              41.35859
            ],
            [
              -72.92102,
              41.35631
            ],
            [
              -72.91591,
              41.35726
            ],
            [
              -72.91176,
              41.35598
            ],
            [
              -72.91019,
              41.35751
            ],
            [
              -72.9088,
              41.36417
            ],
            [
              -72.9063,
              41.37105
            ],
            [
              -72.91134,
              41.37279
            ],
            [
              -72.919,
              41.36619
            ],
            [
              -72.92367,
              41.35859
            ]
          ]
        ]
      },
      "properties": {
        "geoid": "09009165300",
        "name": "Census Tract 1653",
        "town": "",
        "total": 6,
        "undefined": 6
      }
    },
    {
      "type": "Feature",
      "geometry": {
        "type": "Polygon",
        "coordinates": [
          [
            [
              -72.93202,
              41.34522
            ],
            [
              -72.92812,
              41.3436
            ],
            [
              -72.92636,
              41.34366
            ],
            [
              -72.92586,
              41.34172
            ],
            [
              -72.92648,
              41.33978
            ],
            [
              -72.92468,
              41.33936
            ],
            [
              -72.9249,
              41.33449
            ],
            [
              -72.91253,
              41.33319
            ],
            [
              -72.9114,
              41.33619
            ],
            [
              -72.91292,
              41.34016
            ],
            [
              -72.91208,
              41.34361
            ],
            [
              -72.91339,
              41.34883
            ],
            [
              -72.91309,
              41.35439
            ],
            [
              -72.91176,
              41.35598
            ],
            [
              -72.91591,
              41.35726
            ],
            [
              -72.92102,
              41.35631
            ],
            [
              -72.92388,
              41.35826
            ],
            [
              -72.93202,
              41.34522
            ]
          ]
        ]
      },
      "properties": {
        "geoid": "09009165400",
        "name": "Census Tract 1654",
        "town": "",
        "total": 23,
        "undefined": 23
      }
    },
    {
      "type": "Feature",
      "geometry": {
        "type": "Polygon",
        "coordinates": [
          [
            [
              -72.943,
              41.33633
            ],
            [
              -72.9249,
              41.33449
            ],
            [
              -72.92468,
              41.33936
            ],
            [
              -72.92648,
              41.33978
            ],
            [
              -72.92586,
              41.34172
            ],
            [
              -72.92636,
              41.34366
            ],
            [
              -72.92849,
              41.34371
            ],
            [
              -72.93977,
              41.3483
            ],
            [
              -72.94138,
              41.34191
            ],
            [
              -72.94102,
              41.33841
            ],
            [
              -72.943,
              41.33633
            ]
          ]
        ]
      },
      "properties": {
        "geoid": "09009165500",
        "name": "Census Tract 1655",
        "town": "",
        "total": 6,
        "undefined": 6
      }
    },
    {
      "type": "Feature",
      "geometry": {
        "type": "Polygon",
        "coordinates": [
          [
            [
              -72.94424,
              41.34984
            ],
            [
              -72.93202,
              41.34522
            ],
            [
              -72.919,
              41.36619
            ],
            [
              -72.92638,
              41.36539
            ],
            [
              -72.9327,
              41.36182
            ],
            [
              -72.94352,
              41.35741
            ],
            [
              -72.94156,
              41.357
            ],
            [
              -72.94165,
              41.35495
            ],
            [
              -72.94424,
              41.34984
            ]
          ]
        ]
      },
      "properties": {
        "geoid": "09009165600",
        "name": "Census Tract 1656",
        "town": "",
        "total": 11,
        "undefined": 11
      }
    },
    {
      "type": "Feature",
      "geometry": {
        "type": "Polygon",
        "coordinates": [
          [
            [
              -72.96767,
              41.34728
            ],
            [
              -72.96684,
              41.34544
            ],
            [
              -72.96446,
              41.34379
            ],
            [
              -72.96419,
              41.34642
            ],
            [
              -72.96206,
              41.3463
            ],
            [
              -72.96125,
              41.34901
            ],
            [
              -72.95864,
              41.34908
            ],
            [
              -72.95774,
              41.35039
            ],
            [
              -72.95467,
              41.35016
            ],
            [
              -72.95281,
              41.34908
            ],
            [
              -72.95392,
              41.34741
            ],
            [
              -72.95148,
              41.34711
            ],
            [
              -72.95136,
              41.34395
            ],
            [
              -72.95518,
              41.34235
            ],
            [
              -72.95699,
              41.33985
            ],
            [
              -72.95397,
              41.33737
            ],
            [
              -72.94685,
              41.3366
            ],
            [
              -72.94311,
              41.33627
            ],
            [
              -72.94102,
              41.33841
            ],
            [
              -72.94138,
              41.34191
            ],
            [
              -72.93977,
              41.3483
            ],
            [
              -72.94426,
              41.34981
            ],
            [
              -72.94178,
              41.35403
            ],
            [
              -72.94156,
              41.357
            ],
            [
              -72.94352,
              41.35741
            ],
            [
              -72.94901,
              41.3554
            ],
            [
              -72.96061,
              41.35288
            ],
            [
              -72.96767,
              41.34728
            ]
          ]
        ]
      },
      "properties": {
        "geoid": "09009165700",
        "name": "Census Tract 1657",
        "town": "",
        "total": 23,
        "undefined": 23
      }
    },
    {
      "type": "Feature",
      "geometry": {
        "type": "Polygon",
        "coordinates": [
          [
            [
              -72.94232,
              41.36859
            ],
            [
              -72.94219,
              41.36699
            ],
            [
              -72.92858,
              41.36437
            ],
            [
              -72.92577,
              41.36555
            ],
            [
              -72.91814,
              41.36659
            ],
            [
              -72.90958,
              41.37442
            ],
            [
              -72.91437,
              41.37635
            ],
            [
              -72.91482,
              41.38161
            ],
            [
              -72.92007,
              41.38221
            ],
            [
              -72.92147,
              41.38478
            ],
            [
              -72.92312,
              41.38517
            ],
            [
              -72.93234,
              41.38552
            ],
            [
              -72.94232,
              41.36859
            ]
          ]
        ]
      },
      "properties": {
        "geoid": "09009165801",
        "name": "Census Tract 1658.01",
        "town": "",
        "total": 3,
        "undefined": 3
      }
    },
    {
      "type": "Feature",
      "geometry": {
        "type": "Polygon",
        "coordinates": [
          [
            [
              -72.9754,
              41.35994
            ],
            [
              -72.97482,
              41.35261
            ],
            [
              -72.97315,
              41.34745
            ],
            [
              -72.96833,
              41.34798
            ],
            [
              -72.96767,
              41.34728
            ],
            [
              -72.96061,
              41.35288
            ],
            [
              -72.94755,
              41.35583
            ],
            [
              -72.9327,
              41.36182
            ],
            [
              -72.92858,
              41.36437
            ],
            [
              -72.94219,
              41.36699
            ],
            [
              -72.94235,
              41.36855
            ],
            [
              -72.93234,
              41.38552
            ],
            [
              -72.93726,
              41.38528
            ],
            [
              -72.93979,
              41.40055
            ],
            [
              -72.94261,
              41.40219
            ],
            [
              -72.94403,
              41.40543
            ],
            [
              -72.94256,
              41.40713
            ],
            [
              -72.95352,
              41.39974
            ],
            [
              -72.95291,
              41.39695
            ],
            [
              -72.95362,
              41.39555
            ],
            [
              -72.95703,
              41.39297
            ],
            [
              -72.96335,
              41.38438
            ],
            [
              -72.97411,
              41.36527
            ],
            [
              -72.9754,
              41.35994
            ]
          ]
        ]
      },
      "properties": {
        "geoid": "09009165802",
        "name": "Census Tract 1658.02",
        "town": "",
        "total": 14,
        "undefined": 14
      }
    },
    {
      "type": "Feature",
      "geometry": {
        "type": "Polygon",
        "coordinates": [
          [
            [
              -72.96269,
              41.43873
            ],
            [
              -72.96349,
              41.43754
            ],
            [
              -72.96158,
              41.43243
            ],
            [
              -72.95525,
              41.42892
            ],
            [
              -72.95071,
              41.42781
            ],
            [
              -72.95256,
              41.41937
            ],
            [
              -72.94015,
              41.41122
            ],
            [
              -72.93893,
              41.40858
            ],
            [
              -72.94256,
              41.40713
            ],
            [
              -72.94403,
              41.40543
            ],
            [
              -72.94261,
              41.40219
            ],
            [
              -72.93979,
              41.40055
            ],
            [
              -72.93726,
              41.38528
            ],
            [
              -72.92355,
              41.38525
            ],
            [
              -72.92147,
              41.38478
            ],
            [
              -72.92007,
              41.38221
            ],
            [
              -72.91482,
              41.38161
            ],
            [
              -72.91549,
              41.39309
            ],
            [
              -72.91381,
              41.40024
            ],
            [
              -72.91224,
              41.40387
            ],
            [
              -72.90789,
              41.40904
            ],
            [
              -72.90851,
              41.40935
            ],
            [
              -72.90675,
              41.41173
            ],
            [
              -72.90394,
              41.414
            ],
            [
              -72.90357,
              41.41556
            ],
            [
              -72.90607,
              41.42357
            ],
            [
              -72.90944,
              41.4272
            ],
            [
              -72.90817,
              41.43198
            ],
            [
              -72.90932,
              41.43656
            ],
            [
              -72.91275,
              41.4411
            ],
            [
              -72.91574,
              41.4498
            ],
            [
              -72.91545,
              41.4519
            ],
            [
              -72.91799,
              41.45986
            ],
            [
              -72.92674,
              41.4603
            ],
            [
              -72.93594,
              41.4627
            ],
            [
              -72.94805,
              41.4641
            ],
            [
              -72.94745,
              41.4601
            ],
            [
              -72.94905,
              41.4558
            ],
            [
              -72.95715,
              41.4501
            ],
            [
              -72.95814,
              41.44884
            ],
            [
              -72.95792,
              41.4452
            ],
            [
              -72.96324,
              41.43941
            ],
            [
              -72.96269,
              41.43873
            ]
          ]
        ]
      },
      "properties": {
        "geoid": "09009165900",
        "name": "Census Tract 1659",
        "town": "",
        "total": 9,
        "undefined": 9
      }
    },
    {
      "type": "Feature",
      "geometry": {
        "type": "Polygon",
        "coordinates": [
          [
            [
              -72.91799,
              41.45986
            ],
            [
              -72.91545,
              41.4519
            ],
            [
              -72.91574,
              41.4498
            ],
            [
              -72.91275,
              41.4411
            ],
            [
              -72.90932,
              41.43656
            ],
            [
              -72.90817,
              41.43198
            ],
            [
              -72.90944,
              41.4272
            ],
            [
              -72.90607,
              41.42357
            ],
            [
              -72.90371,
              41.41675
            ],
            [
              -72.90394,
              41.414
            ],
            [
              -72.90851,
              41.40935
            ],
            [
              -72.90178,
              41.40822
            ],
            [
              -72.90442,
              41.39391
            ],
            [
              -72.89734,
              41.39275
            ],
            [
              -72.89907,
              41.38314
            ],
            [
              -72.8965,
              41.38288
            ],
            [
              -72.89349,
              41.38614
            ],
            [
              -72.89284,
              41.38947
            ],
            [
              -72.89081,
              41.39337
            ],
            [
              -72.88718,
              41.39364
            ],
            [
              -72.88752,
              41.39683
            ],
            [
              -72.88581,
              41.40504
            ],
            [
              -72.88637,
              41.41129
            ],
            [
              -72.88457,
              41.41141
            ],
            [
              -72.88315,
              41.42331
            ],
            [
              -72.87778,
              41.42432
            ],
            [
              -72.87404,
              41.42633
            ],
            [
              -72.86409,
              41.42657
            ],
            [
              -72.86178,
              41.42593
            ],
            [
              -72.85849,
              41.42944
            ],
            [
              -72.85436,
              41.43084
            ],
            [
              -72.85136,
              41.43438
            ],
            [
              -72.91799,
              41.45986
            ]
          ]
        ]
      },
      "properties": {
        "geoid": "09009166002",
        "name": "Census Tract 1660.02",
        "town": "",
        "total": 13,
        "undefined": 13
      }
    },
    {
      "type": "Feature",
      "geometry": {
        "type": "Polygon",
        "coordinates": [
          [
            [
              -72.91529,
              41.38928
            ],
            [
              -72.91453,
              41.37662
            ],
            [
              -72.90958,
              41.37442
            ],
            [
              -72.91134,
              41.37279
            ],
            [
              -72.9063,
              41.37105
            ],
            [
              -72.90379,
              41.37811
            ],
            [
              -72.89992,
              41.38003
            ],
            [
              -72.89918,
              41.38135
            ],
            [
              -72.8965,
              41.38288
            ],
            [
              -72.89907,
              41.38314
            ],
            [
              -72.89734,
              41.39275
            ],
            [
              -72.90442,
              41.39391
            ],
            [
              -72.90688,
              41.38521
            ],
            [
              -72.91077,
              41.38921
            ],
            [
              -72.91529,
              41.38928
            ]
          ]
        ]
      },
      "properties": {
        "geoid": "09009166003",
        "name": "Census Tract 1660.03",
        "town": "",
        "total": 1,
        "undefined": 1
      }
    },
    {
      "type": "Feature",
      "geometry": {
        "type": "Polygon",
        "coordinates": [
          [
            [
              -72.9155,
              41.39276
            ],
            [
              -72.91529,
              41.38928
            ],
            [
              -72.91077,
              41.38921
            ],
            [
              -72.90688,
              41.38521
            ],
            [
              -72.90489,
              41.39047
            ],
            [
              -72.90178,
              41.40822
            ],
            [
              -72.90793,
              41.40899
            ],
            [
              -72.91291,
              41.40267
            ],
            [
              -72.9155,
              41.39276
            ]
          ]
        ]
      },
      "properties": {
        "geoid": "09009166004",
        "name": "Census Tract 1660.04",
        "town": "",
        "total": 1,
        "undefined": 1
      }
    },
    {
      "type": "Feature",
      "geometry": {
        "type": "Polygon",
        "coordinates": [
          [
            [
              -72.89398,
              41.3633
            ],
            [
              -72.88174,
              41.3609
            ],
            [
              -72.88176,
              41.3637
            ],
            [
              -72.88064,
              41.3645
            ],
            [
              -72.87602,
              41.3629
            ],
            [
              -72.87482,
              41.36363
            ],
            [
              -72.87446,
              41.36469
            ],
            [
              -72.87517,
              41.36601
            ],
            [
              -72.87284,
              41.36903
            ],
            [
              -72.87309,
              41.37343
            ],
            [
              -72.87191,
              41.37558
            ],
            [
              -72.87416,
              41.37921
            ],
            [
              -72.87145,
              41.37954
            ],
            [
              -72.8728,
              41.38075
            ],
            [
              -72.87478,
              41.38106
            ],
            [
              -72.87485,
              41.3818
            ],
            [
              -72.874,
              41.38311
            ],
            [
              -72.87183,
              41.38287
            ],
            [
              -72.87261,
              41.3881
            ],
            [
              -72.87018,
              41.39082
            ],
            [
              -72.87044,
              41.39205
            ],
            [
              -72.86857,
              41.3922
            ],
            [
              -72.8683,
              41.39339
            ],
            [
              -72.86888,
              41.39387
            ],
            [
              -72.8695,
              41.39276
            ],
            [
              -72.87039,
              41.39297
            ],
            [
              -72.87023,
              41.39447
            ],
            [
              -72.86833,
              41.39425
            ],
            [
              -72.86862,
              41.39729
            ],
            [
              -72.86735,
              41.39882
            ],
            [
              -72.86636,
              41.39935
            ],
            [
              -72.86491,
              41.39883
            ],
            [
              -72.86475,
              41.39989
            ],
            [
              -72.86324,
              41.3998
            ],
            [
              -72.86344,
              41.40092
            ],
            [
              -72.85991,
              41.40198
            ],
            [
              -72.86013,
              41.40513
            ],
            [
              -72.85888,
              41.40579
            ],
            [
              -72.85867,
              41.40709
            ],
            [
              -72.85692,
              41.40744
            ],
            [
              -72.8544,
              41.4067
            ],
            [
              -72.85282,
              41.4077
            ],
            [
              -72.8527,
              41.4086
            ],
            [
              -72.85173,
              41.40857
            ],
            [
              -72.85233,
              41.41097
            ],
            [
              -72.85428,
              41.4116
            ],
            [
              -72.85229,
              41.41198
            ],
            [
              -72.85249,
              41.41434
            ],
            [
              -72.85375,
              41.41483
            ],
            [
              -72.85269,
              41.41509
            ],
            [
              -72.8532,
              41.41636
            ],
            [
              -72.85201,
              41.41762
            ],
            [
              -72.85282,
              41.419
            ],
            [
              -72.85156,
              41.41906
            ],
            [
              -72.85143,
              41.42044
            ],
            [
              -72.84942,
              41.42186
            ],
            [
              -72.84803,
              41.42115
            ],
            [
              -72.84953,
              41.42307
            ],
            [
              -72.84751,
              41.42416
            ],
            [
              -72.84947,
              41.42442
            ],
            [
              -72.84882,
              41.42568
            ],
            [
              -72.84757,
              41.42576
            ],
            [
              -72.8509,
              41.432
            ],
            [
              -72.85009,
              41.43397
            ],
            [
              -72.85136,
              41.43438
            ],
            [
              -72.85436,
              41.43084
            ],
            [
              -72.85849,
              41.42944
            ],
            [
              -72.86178,
              41.42593
            ],
            [
              -72.86409,
              41.42657
            ],
            [
              -72.87404,
              41.42633
            ],
            [
              -72.87778,
              41.42432
            ],
            [
              -72.88315,
              41.42331
            ],
            [
              -72.88457,
              41.41141
            ],
            [
              -72.88637,
              41.41129
            ],
            [
              -72.88581,
              41.40504
            ],
            [
              -72.88752,
              41.39683
            ],
            [
              -72.88714,
              41.39198
            ],
            [
              -72.88318,
              41.39415
            ],
            [
              -72.8766,
              41.39285
            ],
            [
              -72.88028,
              41.38558
            ],
            [
              -72.89398,
              41.3633
            ]
          ]
        ]
      },
      "properties": {
        "geoid": "09009167101",
        "name": "Census Tract 1671.01",
        "town": "",
        "total": 3,
        "undefined": 3
      }
    },
    {
      "type": "Feature",
      "geometry": {
        "type": "Polygon",
        "coordinates": [
          [
            [
              -72.90789,
              41.3669
            ],
            [
              -72.89398,
              41.3633
            ],
            [
              -72.88028,
              41.38558
            ],
            [
              -72.8766,
              41.39285
            ],
            [
              -72.88318,
              41.39415
            ],
            [
              -72.88714,
              41.39198
            ],
            [
              -72.88741,
              41.39336
            ],
            [
              -72.89081,
              41.39337
            ],
            [
              -72.89284,
              41.38947
            ],
            [
              -72.89349,
              41.38614
            ],
            [
              -72.89556,
              41.38359
            ],
            [
              -72.89918,
              41.38135
            ],
            [
              -72.89992,
              41.38003
            ],
            [
              -72.90379,
              41.37811
            ],
            [
              -72.90789,
              41.3669
            ]
          ]
        ]
      },
      "properties": {
        "geoid": "09009167102",
        "name": "Census Tract 1671.02",
        "town": "",
        "total": 5,
        "undefined": 5
      }
    },
    {
      "type": "Feature",
      "geometry": {
        "type": "Polygon",
        "coordinates": [
          [
            [
              -72.88925,
              41.33411
            ],
            [
              -72.88884,
              41.3326
            ],
            [
              -72.87617,
              41.33401
            ],
            [
              -72.86884,
              41.34414
            ],
            [
              -72.86732,
              41.34989
            ],
            [
              -72.86796,
              41.35458
            ],
            [
              -72.86622,
              41.35703
            ],
            [
              -72.85816,
              41.36185
            ],
            [
              -72.83314,
              41.39217
            ],
            [
              -72.83738,
              41.39208
            ],
            [
              -72.84831,
              41.38918
            ],
            [
              -72.85675,
              41.38929
            ],
            [
              -72.85961,
              41.3909
            ],
            [
              -72.86089,
              41.38865
            ],
            [
              -72.87153,
              41.38991
            ],
            [
              -72.8727,
              41.38726
            ],
            [
              -72.87186,
              41.38602
            ],
            [
              -72.87183,
              41.38287
            ],
            [
              -72.874,
              41.38311
            ],
            [
              -72.87485,
              41.3818
            ],
            [
              -72.87478,
              41.38106
            ],
            [
              -72.8728,
              41.38075
            ],
            [
              -72.87145,
              41.37954
            ],
            [
              -72.87416,
              41.37921
            ],
            [
              -72.87191,
              41.37558
            ],
            [
              -72.87309,
              41.37343
            ],
            [
              -72.87284,
              41.36903
            ],
            [
              -72.87517,
              41.36601
            ],
            [
              -72.87446,
              41.36469
            ],
            [
              -72.87482,
              41.36363
            ],
            [
              -72.87602,
              41.3629
            ],
            [
              -72.87933,
              41.36455
            ],
            [
              -72.88176,
              41.3637
            ],
            [
              -72.88188,
              41.35888
            ],
            [
              -72.88392,
              41.35716
            ],
            [
              -72.88447,
              41.35474
            ],
            [
              -72.8829,
              41.35311
            ],
            [
              -72.87697,
              41.35348
            ],
            [
              -72.87446,
              41.35168
            ],
            [
              -72.87325,
              41.3494
            ],
            [
              -72.87494,
              41.3474
            ],
            [
              -72.87724,
              41.34661
            ],
            [
              -72.87964,
              41.34749
            ],
            [
              -72.88115,
              41.3465
            ],
            [
              -72.87876,
              41.34463
            ],
            [
              -72.88016,
              41.34338
            ],
            [
              -72.88285,
              41.3437
            ],
            [
              -72.88677,
              41.34115
            ],
            [
              -72.88844,
              41.3384
            ],
            [
              -72.88925,
              41.33411
            ]
          ]
        ]
      },
      "properties": {
        "geoid": "09009167201",
        "name": "Census Tract 1672.01",
        "town": "",
        "total": 1,
        "undefined": 1
      }
    },
    {
      "type": "Feature",
      "geometry": {
        "type": "Polygon",
        "coordinates": [
          [
            [
              -72.87153,
              41.38991
            ],
            [
              -72.86089,
              41.38865
            ],
            [
              -72.85961,
              41.3909
            ],
            [
              -72.85675,
              41.38929
            ],
            [
              -72.84831,
              41.38918
            ],
            [
              -72.83738,
              41.39208
            ],
            [
              -72.83314,
              41.39217
            ],
            [
              -72.82741,
              41.4027
            ],
            [
              -72.8274,
              41.42438
            ],
            [
              -72.83418,
              41.4242
            ],
            [
              -72.83479,
              41.42533
            ],
            [
              -72.83848,
              41.42726
            ],
            [
              -72.8442,
              41.42603
            ],
            [
              -72.84419,
              41.42696
            ],
            [
              -72.84772,
              41.42715
            ],
            [
              -72.84761,
              41.42563
            ],
            [
              -72.84882,
              41.42568
            ],
            [
              -72.84947,
              41.42442
            ],
            [
              -72.84788,
              41.42448
            ],
            [
              -72.84764,
              41.42381
            ],
            [
              -72.84954,
              41.42291
            ],
            [
              -72.84787,
              41.42131
            ],
            [
              -72.84942,
              41.42186
            ],
            [
              -72.85143,
              41.42044
            ],
            [
              -72.85156,
              41.41906
            ],
            [
              -72.85282,
              41.419
            ],
            [
              -72.85201,
              41.41762
            ],
            [
              -72.8532,
              41.41636
            ],
            [
              -72.85269,
              41.41509
            ],
            [
              -72.85375,
              41.41483
            ],
            [
              -72.85249,
              41.41434
            ],
            [
              -72.85229,
              41.41198
            ],
            [
              -72.85428,
              41.4116
            ],
            [
              -72.85233,
              41.41097
            ],
            [
              -72.85173,
              41.40857
            ],
            [
              -72.8527,
              41.4086
            ],
            [
              -72.85282,
              41.4077
            ],
            [
              -72.8544,
              41.4067
            ],
            [
              -72.85692,
              41.40744
            ],
            [
              -72.85867,
              41.40709
            ],
            [
              -72.85888,
              41.40579
            ],
            [
              -72.86013,
              41.40513
            ],
            [
              -72.85991,
              41.40198
            ],
            [
              -72.86344,
              41.40092
            ],
            [
              -72.86324,
              41.3998
            ],
            [
              -72.86475,
              41.39989
            ],
            [
              -72.86491,
              41.39883
            ],
            [
              -72.86636,
              41.39935
            ],
            [
              -72.86779,
              41.39843
            ],
            [
              -72.86868,
              41.39703
            ],
            [
              -72.86833,
              41.39425
            ],
            [
              -72.86999,
              41.39471
            ],
            [
              -72.87057,
              41.39322
            ],
            [
              -72.8695,
              41.39276
            ],
            [
              -72.86924,
              41.39364
            ],
            [
              -72.86829,
              41.39369
            ],
            [
              -72.86852,
              41.39225
            ],
            [
              -72.87038,
              41.39212
            ],
            [
              -72.87018,
              41.39082
            ],
            [
              -72.87153,
              41.38991
            ]
          ]
        ]
      },
      "properties": {
        "geoid": "09009167202",
        "name": "Census Tract 1672.02",
        "town": "",
        "total": 2,
        "undefined": 2
      }
    },
    {
      "type": "Feature",
      "geometry": {
        "type": "Polygon",
        "coordinates": [
          [
            [
              -72.87597,
              41.33431
            ],
            [
              -72.86994,
              41.33477
            ],
            [
              -72.8662,
              41.33601
            ],
            [
              -72.82799,
              41.34236
            ],
            [
              -72.82713,
              41.36149
            ],
            [
              -72.82283,
              41.36179
            ],
            [
              -72.82254,
              41.3642
            ],
            [
              -72.817,
              41.36388
            ],
            [
              -72.81772,
              41.39945
            ],
            [
              -72.82761,
              41.39664
            ],
            [
              -72.82741,
              41.4027
            ],
            [
              -72.83458,
              41.39017
            ],
            [
              -72.8526,
              41.36838
            ],
            [
              -72.8585,
              41.36151
            ],
            [
              -72.86534,
              41.35786
            ],
            [
              -72.86796,
              41.35458
            ],
            [
              -72.86732,
              41.34989
            ],
            [
              -72.86884,
              41.34414
            ],
            [
              -72.87597,
              41.33431
            ]
          ]
        ]
      },
      "properties": {
        "geoid": "09009167301",
        "name": "Census Tract 1673.01",
        "town": "",
        "total": 4,
        "undefined": 4
      }
    },
    {
      "type": "Feature",
      "geometry": {
        "type": "Polygon",
        "coordinates": [
          [
            [
              -72.81684,
              41.54038
            ],
            [
              -72.8172,
              41.53984
            ],
            [
              -72.80793,
              41.53836
            ],
            [
              -72.80586,
              41.54191
            ],
            [
              -72.80733,
              41.54245
            ],
            [
              -72.80515,
              41.54725
            ],
            [
              -72.80979,
              41.54923
            ],
            [
              -72.81426,
              41.54989
            ],
            [
              -72.81582,
              41.54605
            ],
            [
              -72.81581,
              41.54283
            ],
            [
              -72.81684,
              41.54038
            ]
          ]
        ]
      },
      "properties": {
        "geoid": "09009170300",
        "name": "Census Tract 1703",
        "town": "",
        "total": 1,
        "undefined": 1
      }
    },
    {
      "type": "Feature",
      "geometry": {
        "type": "Polygon",
        "coordinates": [
          [
            [
              -72.86124,
              41.5281
            ],
            [
              -72.85308,
              41.52492
            ],
            [
              -72.8538,
              41.52221
            ],
            [
              -72.85138,
              41.51596
            ],
            [
              -72.823,
              41.51011
            ],
            [
              -72.82359,
              41.51103
            ],
            [
              -72.82284,
              41.51292
            ],
            [
              -72.82667,
              41.51404
            ],
            [
              -72.82706,
              41.51588
            ],
            [
              -72.82588,
              41.51816
            ],
            [
              -72.82742,
              41.5186
            ],
            [
              -72.82772,
              41.51755
            ],
            [
              -72.8294,
              41.51778
            ],
            [
              -72.82991,
              41.51658
            ],
            [
              -72.83088,
              41.51724
            ],
            [
              -72.83416,
              41.51697
            ],
            [
              -72.835,
              41.52136
            ],
            [
              -72.8389,
              41.52231
            ],
            [
              -72.83634,
              41.5234
            ],
            [
              -72.83429,
              41.52549
            ],
            [
              -72.8305,
              41.53174
            ],
            [
              -72.8266,
              41.5358
            ],
            [
              -72.82935,
              41.53866
            ],
            [
              -72.83601,
              41.53534
            ],
            [
              -72.83393,
              41.5402
            ],
            [
              -72.83193,
              41.54235
            ],
            [
              -72.82486,
              41.54112
            ],
            [
              -72.82998,
              41.54585
            ],
            [
              -72.83352,
              41.54608
            ],
            [
              -72.83811,
              41.54994
            ],
            [
              -72.84573,
              41.55335
            ],
            [
              -72.84428,
              41.54472
            ],
            [
              -72.85313,
              41.54639
            ],
            [
              -72.85169,
              41.54029
            ],
            [
              -72.85361,
              41.53348
            ],
            [
              -72.85798,
              41.53455
            ],
            [
              -72.86124,
              41.5281
            ]
          ]
        ]
      },
      "properties": {
        "geoid": "09009170500",
        "name": "Census Tract 1705",
        "town": "",
        "total": 3,
        "undefined": 3
      }
    },
    {
      "type": "Feature",
      "geometry": {
        "type": "Polygon",
        "coordinates": [
          [
            [
              -72.82305,
              41.52868
            ],
            [
              -72.81754,
              41.52673
            ],
            [
              -72.81477,
              41.52489
            ],
            [
              -72.81138,
              41.53043
            ],
            [
              -72.81515,
              41.53103
            ],
            [
              -72.81428,
              41.53358
            ],
            [
              -72.81032,
              41.53493
            ],
            [
              -72.81139,
              41.53656
            ],
            [
              -72.81025,
              41.53898
            ],
            [
              -72.81497,
              41.53962
            ],
            [
              -72.81903,
              41.53583
            ],
            [
              -72.82305,
              41.52868
            ]
          ]
        ]
      },
      "properties": {
        "geoid": "09009170700",
        "name": "Census Tract 1707",
        "town": "",
        "total": 3,
        "undefined": 3
      }
    },
    {
      "type": "Feature",
      "geometry": {
        "type": "Polygon",
        "coordinates": [
          [
            [
              -72.82706,
              41.51588
            ],
            [
              -72.82636,
              41.51374
            ],
            [
              -72.82275,
              41.51279
            ],
            [
              -72.82359,
              41.51103
            ],
            [
              -72.823,
              41.51011
            ],
            [
              -72.81519,
              41.50852
            ],
            [
              -72.814,
              41.5134
            ],
            [
              -72.80551,
              41.51427
            ],
            [
              -72.7993,
              41.52604
            ],
            [
              -72.80116,
              41.52581
            ],
            [
              -72.79812,
              41.53181
            ],
            [
              -72.80374,
              41.53366
            ],
            [
              -72.80482,
              41.5332
            ],
            [
              -72.80744,
              41.52634
            ],
            [
              -72.80959,
              41.52442
            ],
            [
              -72.80842,
              41.52696
            ],
            [
              -72.80887,
              41.52812
            ],
            [
              -72.81256,
              41.52834
            ],
            [
              -72.81477,
              41.52489
            ],
            [
              -72.81858,
              41.5272
            ],
            [
              -72.82314,
              41.52854
            ],
            [
              -72.82517,
              41.52451
            ],
            [
              -72.82538,
              41.51806
            ],
            [
              -72.82706,
              41.51588
            ]
          ]
        ]
      },
      "properties": {
        "geoid": "09009170800",
        "name": "Census Tract 1708",
        "town": "",
        "total": 3,
        "undefined": 3
      }
    },
    {
      "type": "Feature",
      "geometry": {
        "type": "Polygon",
        "coordinates": [
          [
            [
              -72.81518,
              41.50854
            ],
            [
              -72.79592,
              41.50472
            ],
            [
              -72.79021,
              41.51468
            ],
            [
              -72.78545,
              41.51943
            ],
            [
              -72.77943,
              41.52966
            ],
            [
              -72.79004,
              41.53318
            ],
            [
              -72.792,
              41.52907
            ],
            [
              -72.79528,
              41.52961
            ],
            [
              -72.79468,
              41.53105
            ],
            [
              -72.79812,
              41.53181
            ],
            [
              -72.80116,
              41.52581
            ],
            [
              -72.7993,
              41.52604
            ],
            [
              -72.80551,
              41.51427
            ],
            [
              -72.814,
              41.5134
            ],
            [
              -72.81518,
              41.50854
            ]
          ]
        ]
      },
      "properties": {
        "geoid": "09009171100",
        "name": "Census Tract 1711",
        "town": "",
        "total": 1,
        "undefined": 1
      }
    },
    {
      "type": "Feature",
      "geometry": {
        "type": "Polygon",
        "coordinates": [
          [
            [
              -72.79588,
              41.50485
            ],
            [
              -72.77265,
              41.49675
            ],
            [
              -72.76804,
              41.49702
            ],
            [
              -72.76935,
              41.51149
            ],
            [
              -72.77128,
              41.52096
            ],
            [
              -72.77011,
              41.52658
            ],
            [
              -72.77943,
              41.52966
            ],
            [
              -72.78545,
              41.51943
            ],
            [
              -72.79021,
              41.51468
            ],
            [
              -72.79588,
              41.50485
            ]
          ]
        ]
      },
      "properties": {
        "geoid": "09009171201",
        "name": "Census Tract 1712.01",
        "town": "",
        "total": 1,
        "undefined": 1
      }
    },
    {
      "type": "Feature",
      "geometry": {
        "type": "Polygon",
        "coordinates": [
          [
            [
              -72.79005,
              41.53593
            ],
            [
              -72.78526,
              41.53749
            ],
            [
              -72.78569,
              41.53459
            ],
            [
              -72.78443,
              41.53433
            ],
            [
              -72.78556,
              41.53186
            ],
            [
              -72.77011,
              41.52658
            ],
            [
              -72.76774,
              41.53346
            ],
            [
              -72.77013,
              41.53901
            ],
            [
              -72.78199,
              41.54231
            ],
            [
              -72.78575,
              41.54267
            ],
            [
              -72.79005,
              41.53593
            ]
          ]
        ]
      },
      "properties": {
        "geoid": "09009171300",
        "name": "Census Tract 1713",
        "town": "",
        "total": 1,
        "undefined": 1
      }
    },
    {
      "type": "Feature",
      "geometry": {
        "type": "Polygon",
        "coordinates": [
          [
            [
              -72.7963,
              41.5441
            ],
            [
              -72.78575,
              41.54267
            ],
            [
              -72.78195,
              41.54888
            ],
            [
              -72.7838,
              41.55217
            ],
            [
              -72.78642,
              41.55417
            ],
            [
              -72.79176,
              41.55498
            ],
            [
              -72.79328,
              41.54834
            ],
            [
              -72.7963,
              41.5441
            ]
          ]
        ]
      },
      "properties": {
        "geoid": "09009171500",
        "name": "Census Tract 1715",
        "town": "",
        "total": 1,
        "undefined": 1
      }
    },
    {
      "type": "Feature",
      "geometry": {
        "type": "Polygon",
        "coordinates": [
          [
            [
              -72.81412,
              41.55017
            ],
            [
              -72.80912,
              41.54902
            ],
            [
              -72.79646,
              41.54394
            ],
            [
              -72.79328,
              41.54834
            ],
            [
              -72.79176,
              41.55498
            ],
            [
              -72.79058,
              41.55504
            ],
            [
              -72.78642,
              41.55417
            ],
            [
              -72.7838,
              41.55217
            ],
            [
              -72.78195,
              41.54888
            ],
            [
              -72.76808,
              41.57731
            ],
            [
              -72.80124,
              41.5731
            ],
            [
              -72.80524,
              41.5666
            ],
            [
              -72.80924,
              41.562
            ],
            [
              -72.80996,
              41.56228
            ],
            [
              -72.81194,
              41.5592
            ],
            [
              -72.81412,
              41.55017
            ]
          ]
        ]
      },
      "properties": {
        "geoid": "09009171600",
        "name": "Census Tract 1716",
        "town": "",
        "total": 2,
        "undefined": 2
      }
    },
    {
      "type": "Feature",
      "geometry": {
        "type": "Polygon",
        "coordinates": [
          [
            [
              -72.78573,
              41.54271
            ],
            [
              -72.77485,
              41.54083
            ],
            [
              -72.75918,
              41.53597
            ],
            [
              -72.7472,
              41.52807
            ],
            [
              -72.75218,
              41.57889
            ],
            [
              -72.76808,
              41.57731
            ],
            [
              -72.77439,
              41.56523
            ],
            [
              -72.77686,
              41.55842
            ],
            [
              -72.78573,
              41.54271
            ]
          ]
        ]
      },
      "properties": {
        "geoid": "09009171700",
        "name": "Census Tract 1717",
        "town": "",
        "total": 1,
        "undefined": 1
      }
    },
    {
      "type": "Feature",
      "geometry": {
        "type": "Polygon",
        "coordinates": [
          [
            [
              -72.83787,
              41.42717
            ],
            [
              -72.83418,
              41.4242
            ],
            [
              -72.8274,
              41.42438
            ],
            [
              -72.82696,
              41.41949
            ],
            [
              -72.82141,
              41.42487
            ],
            [
              -72.81424,
              41.42816
            ],
            [
              -72.81546,
              41.43027
            ],
            [
              -72.81812,
              41.43205
            ],
            [
              -72.81446,
              41.43501
            ],
            [
              -72.8095,
              41.44236
            ],
            [
              -72.81865,
              41.44862
            ],
            [
              -72.82004,
              41.44673
            ],
            [
              -72.8281,
              41.44966
            ],
            [
              -72.83787,
              41.42717
            ]
          ]
        ]
      },
      "properties": {
        "geoid": "09009175300",
        "name": "Census Tract 1753",
        "town": "",
        "total": 1,
        "undefined": 1
      }
    },
    {
      "type": "Feature",
      "geometry": {
        "type": "Polygon",
        "coordinates": [
          [
            [
              -72.86481,
              41.47816
            ],
            [
              -72.86221,
              41.47587
            ],
            [
              -72.85598,
              41.47393
            ],
            [
              -72.85626,
              41.46911
            ],
            [
              -72.85221,
              41.46813
            ],
            [
              -72.84325,
              41.47436
            ],
            [
              -72.83886,
              41.47651
            ],
            [
              -72.83177,
              41.47628
            ],
            [
              -72.83012,
              41.47506
            ],
            [
              -72.82582,
              41.47541
            ],
            [
              -72.82605,
              41.47812
            ],
            [
              -72.82494,
              41.48141
            ],
            [
              -72.81844,
              41.48833
            ],
            [
              -72.81699,
              41.491
            ],
            [
              -72.84129,
              41.49393
            ],
            [
              -72.84577,
              41.49349
            ],
            [
              -72.8527,
              41.49435
            ],
            [
              -72.86481,
              41.47816
            ]
          ]
        ]
      },
      "properties": {
        "geoid": "09009175600",
        "name": "Census Tract 1756",
        "town": "",
        "total": 1,
        "undefined": 1
      }
    },
    {
      "type": "Feature",
      "geometry": {
        "type": "Polygon",
        "coordinates": [
          [
            [
              -72.81847,
              41.44886
            ],
            [
              -72.8095,
              41.44236
            ],
            [
              -72.81446,
              41.43501
            ],
            [
              -72.81812,
              41.43205
            ],
            [
              -72.81546,
              41.43027
            ],
            [
              -72.81424,
              41.42816
            ],
            [
              -72.80737,
              41.43099
            ],
            [
              -72.79821,
              41.43685
            ],
            [
              -72.78041,
              41.45482
            ],
            [
              -72.78469,
              41.45492
            ],
            [
              -72.78864,
              41.4566
            ],
            [
              -72.79135,
              41.45464
            ],
            [
              -72.79543,
              41.45393
            ],
            [
              -72.81148,
              41.45825
            ],
            [
              -72.81847,
              41.44886
            ]
          ]
        ]
      },
      "properties": {
        "geoid": "09009175900",
        "name": "Census Tract 1759",
        "town": "",
        "total": 1,
        "undefined": 1
      }
    },
    {
      "type": "Feature",
      "geometry": {
        "type": "Polygon",
        "coordinates": [
          [
            [
              -72.88106,
              41.24306
            ],
            [
              -72.8803,
              41.2392
            ],
            [
              -72.86204,
              41.23925
            ],
            [
              -72.85724,
              41.2522
            ],
            [
              -72.85224,
              41.2591
            ],
            [
              -72.85193,
              41.26218
            ],
            [
              -72.85334,
              41.26413
            ],
            [
              -72.85643,
              41.26453
            ],
            [
              -72.85797,
              41.26568
            ],
            [
              -72.8604,
              41.26547
            ],
            [
              -72.86065,
              41.26649
            ],
            [
              -72.86225,
              41.26676
            ],
            [
              -72.8627,
              41.26617
            ],
            [
              -72.86279,
              41.26696
            ],
            [
              -72.86464,
              41.26606
            ],
            [
              -72.8671,
              41.26791
            ],
            [
              -72.86741,
              41.26681
            ],
            [
              -72.86863,
              41.26733
            ],
            [
              -72.8691,
              41.26612
            ],
            [
              -72.87036,
              41.26569
            ],
            [
              -72.87254,
              41.26651
            ],
            [
              -72.87328,
              41.26105
            ],
            [
              -72.87108,
              41.24983
            ],
            [
              -72.87501,
              41.24867
            ],
            [
              -72.87481,
              41.24538
            ],
            [
              -72.88048,
              41.24391
            ],
            [
              -72.88106,
              41.24306
            ]
          ]
        ]
      },
      "properties": {
        "geoid": "09009180102",
        "name": "Census Tract 1801.02",
        "town": "",
        "total": 5,
        "undefined": 5
      }
    },
    {
      "type": "Feature",
      "geometry": {
        "type": "Polygon",
        "coordinates": [
          [
            [
              -72.88775,
              41.28556
            ],
            [
              -72.88711,
              41.25515
            ],
            [
              -72.87896,
              41.25955
            ],
            [
              -72.87441,
              41.26398
            ],
            [
              -72.87293,
              41.26423
            ],
            [
              -72.87197,
              41.26939
            ],
            [
              -72.87816,
              41.26986
            ],
            [
              -72.87207,
              41.27764
            ],
            [
              -72.87032,
              41.28329
            ],
            [
              -72.88643,
              41.2881
            ],
            [
              -72.88775,
              41.28556
            ]
          ]
        ]
      },
      "properties": {
        "geoid": "09009180200",
        "name": "Census Tract 1802",
        "town": "",
        "total": 5,
        "undefined": 5
      }
    },
    {
      "type": "Feature",
      "geometry": {
        "type": "Polygon",
        "coordinates": [
          [
            [
              -72.87816,
              41.26986
            ],
            [
              -72.87197,
              41.26939
            ],
            [
              -72.87254,
              41.26651
            ],
            [
              -72.87036,
              41.26569
            ],
            [
              -72.8691,
              41.26612
            ],
            [
              -72.86863,
              41.26733
            ],
            [
              -72.8673,
              41.26689
            ],
            [
              -72.86727,
              41.26792
            ],
            [
              -72.86464,
              41.26606
            ],
            [
              -72.8637,
              41.26677
            ],
            [
              -72.8634,
              41.26614
            ],
            [
              -72.86298,
              41.26698
            ],
            [
              -72.8627,
              41.26617
            ],
            [
              -72.86103,
              41.26661
            ],
            [
              -72.86165,
              41.26736
            ],
            [
              -72.86041,
              41.26788
            ],
            [
              -72.86238,
              41.26831
            ],
            [
              -72.86247,
              41.26978
            ],
            [
              -72.86361,
              41.26865
            ],
            [
              -72.86428,
              41.26918
            ],
            [
              -72.86263,
              41.27145
            ],
            [
              -72.86201,
              41.27548
            ],
            [
              -72.85947,
              41.27888
            ],
            [
              -72.85934,
              41.28101
            ],
            [
              -72.86032,
              41.28217
            ],
            [
              -72.86551,
              41.28174
            ],
            [
              -72.87032,
              41.28329
            ],
            [
              -72.87207,
              41.27764
            ],
            [
              -72.87816,
              41.26986
            ]
          ]
        ]
      },
      "properties": {
        "geoid": "09009180300",
        "name": "Census Tract 1803",
        "town": "",
        "total": 3,
        "undefined": 3
      }
    },
    {
      "type": "Feature",
      "geometry": {
        "type": "Polygon",
        "coordinates": [
          [
            [
              -72.88639,
              41.28828
            ],
            [
              -72.86637,
              41.28189
            ],
            [
              -72.86032,
              41.28217
            ],
            [
              -72.86032,
              41.28513
            ],
            [
              -72.85897,
              41.28773
            ],
            [
              -72.85582,
              41.29087
            ],
            [
              -72.84374,
              41.2964
            ],
            [
              -72.85712,
              41.30176
            ],
            [
              -72.85457,
              41.30388
            ],
            [
              -72.86047,
              41.30291
            ],
            [
              -72.8629,
              41.30441
            ],
            [
              -72.86602,
              41.305
            ],
            [
              -72.86895,
              41.30711
            ],
            [
              -72.8705,
              41.30568
            ],
            [
              -72.87364,
              41.30685
            ],
            [
              -72.88639,
              41.28828
            ]
          ]
        ]
      },
      "properties": {
        "geoid": "09009180400",
        "name": "Census Tract 1804",
        "town": "",
        "total": 1,
        "undefined": 1
      }
    },
    {
      "type": "Feature",
      "geometry": {
        "type": "Polygon",
        "coordinates": [
          [
            [
              -72.87364,
              41.30685
            ],
            [
              -72.8705,
              41.30568
            ],
            [
              -72.86895,
              41.30711
            ],
            [
              -72.86602,
              41.305
            ],
            [
              -72.8629,
              41.30441
            ],
            [
              -72.86047,
              41.30291
            ],
            [
              -72.85457,
              41.30388
            ],
            [
              -72.84882,
              41.31232
            ],
            [
              -72.84919,
              41.31442
            ],
            [
              -72.85176,
              41.31628
            ],
            [
              -72.85122,
              41.32237
            ],
            [
              -72.8501,
              41.32438
            ],
            [
              -72.85092,
              41.32733
            ],
            [
              -72.85367,
              41.32788
            ],
            [
              -72.85729,
              41.33095
            ],
            [
              -72.86259,
              41.33157
            ],
            [
              -72.87364,
              41.30685
            ]
          ]
        ]
      },
      "properties": {
        "geoid": "09009180500",
        "name": "Census Tract 1805",
        "town": "",
        "total": 6,
        "undefined": 6
      }
    },
    {
      "type": "Feature",
      "geometry": {
        "type": "Polygon",
        "coordinates": [
          [
            [
              -72.85686,
              41.30193
            ],
            [
              -72.84374,
              41.2964
            ],
            [
              -72.84126,
              41.298
            ],
            [
              -72.84018,
              41.2998
            ],
            [
              -72.83729,
              41.31257
            ],
            [
              -72.83501,
              41.31439
            ],
            [
              -72.82384,
              41.31832
            ],
            [
              -72.82178,
              41.32576
            ],
            [
              -72.82571,
              41.32462
            ],
            [
              -72.83299,
              41.32497
            ],
            [
              -72.84511,
              41.32367
            ],
            [
              -72.84886,
              41.32205
            ],
            [
              -72.85126,
              41.32195
            ],
            [
              -72.85176,
              41.31628
            ],
            [
              -72.84919,
              41.31442
            ],
            [
              -72.84886,
              41.31212
            ],
            [
              -72.8537,
              41.30483
            ],
            [
              -72.85686,
              41.30193
            ]
          ]
        ]
      },
      "properties": {
        "geoid": "09009180601",
        "name": "Census Tract 1806.01",
        "town": "",
        "total": 2,
        "undefined": 2
      }
    },
    {
      "type": "Feature",
      "geometry": {
        "type": "Polygon",
        "coordinates": [
          [
            [
              -72.86259,
              41.33157
            ],
            [
              -72.85729,
              41.33095
            ],
            [
              -72.85367,
              41.32788
            ],
            [
              -72.85129,
              41.32765
            ],
            [
              -72.8501,
              41.32438
            ],
            [
              -72.85126,
              41.32195
            ],
            [
              -72.84886,
              41.32205
            ],
            [
              -72.84511,
              41.32367
            ],
            [
              -72.83299,
              41.32497
            ],
            [
              -72.82571,
              41.32462
            ],
            [
              -72.82178,
              41.32576
            ],
            [
              -72.81775,
              41.33998
            ],
            [
              -72.817,
              41.36388
            ],
            [
              -72.82254,
              41.3642
            ],
            [
              -72.82283,
              41.36179
            ],
            [
              -72.82713,
              41.36149
            ],
            [
              -72.82799,
              41.34236
            ],
            [
              -72.86031,
              41.33664
            ],
            [
              -72.86259,
              41.33157
            ]
          ]
        ]
      },
      "properties": {
        "geoid": "09009180602",
        "name": "Census Tract 1806.02",
        "town": "",
        "total": 2,
        "undefined": 2
      }
    },
    {
      "type": "Feature",
      "geometry": {
        "type": "Polygon",
        "coordinates": [
          [
            [
              -72.83023,
              41.27524
            ],
            [
              -72.82986,
              41.27215
            ],
            [
              -72.82775,
              41.27199
            ],
            [
              -72.82737,
              41.27048
            ],
            [
              -72.82587,
              41.27009
            ],
            [
              -72.8251,
              41.26761
            ],
            [
              -72.82371,
              41.26793
            ],
            [
              -72.82241,
              41.26712
            ],
            [
              -72.82065,
              41.26821
            ],
            [
              -72.81831,
              41.26781
            ],
            [
              -72.81719,
              41.27058
            ],
            [
              -72.81374,
              41.27181
            ],
            [
              -72.81217,
              41.27442
            ],
            [
              -72.81032,
              41.27562
            ],
            [
              -72.8072,
              41.27593
            ],
            [
              -72.80451,
              41.27482
            ],
            [
              -72.80366,
              41.27549
            ],
            [
              -72.80289,
              41.27665
            ],
            [
              -72.80412,
              41.2779
            ],
            [
              -72.8028,
              41.27965
            ],
            [
              -72.80445,
              41.28174
            ],
            [
              -72.80281,
              41.28197
            ],
            [
              -72.80205,
              41.28298
            ],
            [
              -72.80343,
              41.28422
            ],
            [
              -72.80128,
              41.28571
            ],
            [
              -72.79863,
              41.28525
            ],
            [
              -72.79543,
              41.28978
            ],
            [
              -72.7937,
              41.28971
            ],
            [
              -72.79392,
              41.29116
            ],
            [
              -72.79246,
              41.29234
            ],
            [
              -72.79307,
              41.29331
            ],
            [
              -72.79473,
              41.29277
            ],
            [
              -72.79547,
              41.29353
            ],
            [
              -72.80747,
              41.29159
            ],
            [
              -72.81963,
              41.28826
            ],
            [
              -72.81805,
              41.28573
            ],
            [
              -72.83023,
              41.27524
            ]
          ]
        ]
      },
      "properties": {
        "geoid": "09009184101",
        "name": "Census Tract 1841.01",
        "town": "",
        "total": 3,
        "undefined": 3
      }
    },
    {
      "type": "Feature",
      "geometry": {
        "type": "Polygon",
        "coordinates": [
          [
            [
              -72.86424,
              41.26943
            ],
            [
              -72.86361,
              41.26865
            ],
            [
              -72.86247,
              41.26978
            ],
            [
              -72.86238,
              41.26831
            ],
            [
              -72.86041,
              41.26788
            ],
            [
              -72.86167,
              41.26723
            ],
            [
              -72.86051,
              41.26552
            ],
            [
              -72.85797,
              41.26568
            ],
            [
              -72.85643,
              41.26453
            ],
            [
              -72.85334,
              41.26413
            ],
            [
              -72.85193,
              41.26218
            ],
            [
              -72.85239,
              41.26576
            ],
            [
              -72.85086,
              41.26639
            ],
            [
              -72.84989,
              41.26788
            ],
            [
              -72.84806,
              41.26846
            ],
            [
              -72.84579,
              41.26801
            ],
            [
              -72.84317,
              41.26903
            ],
            [
              -72.84257,
              41.26814
            ],
            [
              -72.84093,
              41.26819
            ],
            [
              -72.83841,
              41.26898
            ],
            [
              -72.83577,
              41.27105
            ],
            [
              -72.83267,
              41.27534
            ],
            [
              -72.83086,
              41.2751
            ],
            [
              -72.82867,
              41.27607
            ],
            [
              -72.81805,
              41.28573
            ],
            [
              -72.81963,
              41.28826
            ],
            [
              -72.86032,
              41.28217
            ],
            [
              -72.85934,
              41.28101
            ],
            [
              -72.85947,
              41.27888
            ],
            [
              -72.86201,
              41.27548
            ],
            [
              -72.86263,
              41.27145
            ],
            [
              -72.86424,
              41.26943
            ]
          ]
        ]
      },
      "properties": {
        "geoid": "09009184200",
        "name": "Census Tract 1842",
        "town": "",
        "total": 2,
        "undefined": 2
      }
    },
    {
      "type": "Feature",
      "geometry": {
        "type": "Polygon",
        "coordinates": [
          [
            [
              -72.86012,
              41.24473
            ],
            [
              -72.8603,
              41.24416
            ],
            [
              -72.85644,
              41.24461
            ],
            [
              -72.85014,
              41.24698
            ],
            [
              -72.84809,
              41.24941
            ],
            [
              -72.84804,
              41.25394
            ],
            [
              -72.8467,
              41.25507
            ],
            [
              -72.8434,
              41.25326
            ],
            [
              -72.83855,
              41.24768
            ],
            [
              -72.8353,
              41.24717
            ],
            [
              -72.83039,
              41.25117
            ],
            [
              -72.82367,
              41.25832
            ],
            [
              -72.81766,
              41.26135
            ],
            [
              -72.81206,
              41.26242
            ],
            [
              -72.81097,
              41.26389
            ],
            [
              -72.81279,
              41.26511
            ],
            [
              -72.81561,
              41.26562
            ],
            [
              -72.81831,
              41.26781
            ],
            [
              -72.82065,
              41.26821
            ],
            [
              -72.82241,
              41.26712
            ],
            [
              -72.82371,
              41.26793
            ],
            [
              -72.8251,
              41.26761
            ],
            [
              -72.82587,
              41.27009
            ],
            [
              -72.82737,
              41.27048
            ],
            [
              -72.82775,
              41.27199
            ],
            [
              -72.82986,
              41.27215
            ],
            [
              -72.83023,
              41.27524
            ],
            [
              -72.83267,
              41.27534
            ],
            [
              -72.83577,
              41.27105
            ],
            [
              -72.83841,
              41.26898
            ],
            [
              -72.84149,
              41.26814
            ],
            [
              -72.84257,
              41.26814
            ],
            [
              -72.84317,
              41.26903
            ],
            [
              -72.84579,
              41.26801
            ],
            [
              -72.84819,
              41.26844
            ],
            [
              -72.85231,
              41.26587
            ],
            [
              -72.85171,
              41.26323
            ],
            [
              -72.85224,
              41.2591
            ],
            [
              -72.85724,
              41.2522
            ],
            [
              -72.86012,
              41.24473
            ]
          ]
        ]
      },
      "properties": {
        "geoid": "09009184300",
        "name": "Census Tract 1843",
        "town": "",
        "total": 1,
        "undefined": 1
      }
    },
    {
      "type": "Feature",
      "geometry": {
        "type": "Polygon",
        "coordinates": [
          [
            [
              -72.80445,
              41.28174
            ],
            [
              -72.80285,
              41.28
            ],
            [
              -72.80412,
              41.2779
            ],
            [
              -72.80289,
              41.27665
            ],
            [
              -72.80336,
              41.27595
            ],
            [
              -72.79667,
              41.27467
            ],
            [
              -72.7885,
              41.27423
            ],
            [
              -72.77798,
              41.27496
            ],
            [
              -72.77205,
              41.27725
            ],
            [
              -72.76855,
              41.2774
            ],
            [
              -72.76734,
              41.2789
            ],
            [
              -72.77294,
              41.29415
            ],
            [
              -72.77905,
              41.29344
            ],
            [
              -72.78837,
              41.2945
            ],
            [
              -72.79547,
              41.29353
            ],
            [
              -72.79473,
              41.29277
            ],
            [
              -72.79307,
              41.29331
            ],
            [
              -72.79246,
              41.29234
            ],
            [
              -72.79392,
              41.29116
            ],
            [
              -72.7937,
              41.28971
            ],
            [
              -72.79543,
              41.28978
            ],
            [
              -72.79884,
              41.28511
            ],
            [
              -72.80205,
              41.28539
            ],
            [
              -72.80348,
              41.28395
            ],
            [
              -72.80212,
              41.28342
            ],
            [
              -72.80216,
              41.28261
            ],
            [
              -72.80445,
              41.28174
            ]
          ]
        ]
      },
      "properties": {
        "geoid": "09009184500",
        "name": "Census Tract 1845",
        "town": "",
        "total": 1,
        "undefined": 1
      }
    },
    {
      "type": "Feature",
      "geometry": {
        "type": "Polygon",
        "coordinates": [
          [
            [
              -72.82383,
              41.31834
            ],
            [
              -72.79917,
              41.32432
            ],
            [
              -72.78053,
              41.31319
            ],
            [
              -72.77134,
              41.30509
            ],
            [
              -72.74611,
              41.31063
            ],
            [
              -72.74145,
              41.32369
            ],
            [
              -72.74592,
              41.37223
            ],
            [
              -72.74724,
              41.37078
            ],
            [
              -72.74729,
              41.36884
            ],
            [
              -72.7488,
              41.36818
            ],
            [
              -72.74949,
              41.36627
            ],
            [
              -72.75149,
              41.36551
            ],
            [
              -72.7542,
              41.3621
            ],
            [
              -72.75728,
              41.36086
            ],
            [
              -72.75896,
              41.3577
            ],
            [
              -72.76481,
              41.35771
            ],
            [
              -72.76612,
              41.35502
            ],
            [
              -72.76549,
              41.34409
            ],
            [
              -72.76657,
              41.34285
            ],
            [
              -72.76502,
              41.34238
            ],
            [
              -72.76472,
              41.34154
            ],
            [
              -72.76897,
              41.33755
            ],
            [
              -72.77033,
              41.33776
            ],
            [
              -72.77271,
              41.33666
            ],
            [
              -72.77443,
              41.33465
            ],
            [
              -72.7737,
              41.33071
            ],
            [
              -72.77078,
              41.32969
            ],
            [
              -72.76953,
              41.32823
            ],
            [
              -72.77045,
              41.32638
            ],
            [
              -72.77505,
              41.32549
            ],
            [
              -72.7911,
              41.3308
            ],
            [
              -72.79402,
              41.33249
            ],
            [
              -72.79423,
              41.33476
            ],
            [
              -72.79795,
              41.33691
            ],
            [
              -72.79896,
              41.339
            ],
            [
              -72.80982,
              41.3396
            ],
            [
              -72.81585,
              41.33883
            ],
            [
              -72.81775,
              41.33998
            ],
            [
              -72.82383,
              41.31834
            ]
          ]
        ]
      },
      "properties": {
        "geoid": "09009186100",
        "name": "Census Tract 1861",
        "town": "",
        "total": 1,
        "undefined": 1
      }
    },
    {
      "type": "Feature",
      "geometry": {
        "type": "Polygon",
        "coordinates": [
          [
            [
              -72.81773,
              41.34031
            ],
            [
              -72.81585,
              41.33883
            ],
            [
              -72.80982,
              41.3396
            ],
            [
              -72.79896,
              41.339
            ],
            [
              -72.79795,
              41.33691
            ],
            [
              -72.79423,
              41.33476
            ],
            [
              -72.79402,
              41.33249
            ],
            [
              -72.7911,
              41.3308
            ],
            [
              -72.77505,
              41.32549
            ],
            [
              -72.77045,
              41.32638
            ],
            [
              -72.76953,
              41.32823
            ],
            [
              -72.77078,
              41.32969
            ],
            [
              -72.7737,
              41.33071
            ],
            [
              -72.77443,
              41.33465
            ],
            [
              -72.77271,
              41.33666
            ],
            [
              -72.77033,
              41.33776
            ],
            [
              -72.76897,
              41.33755
            ],
            [
              -72.76472,
              41.34154
            ],
            [
              -72.76502,
              41.34238
            ],
            [
              -72.76657,
              41.34285
            ],
            [
              -72.76549,
              41.34409
            ],
            [
              -72.76612,
              41.35502
            ],
            [
              -72.76481,
              41.35771
            ],
            [
              -72.75896,
              41.3577
            ],
            [
              -72.75728,
              41.36086
            ],
            [
              -72.7542,
              41.3621
            ],
            [
              -72.75149,
              41.36551
            ],
            [
              -72.74949,
              41.36627
            ],
            [
              -72.7488,
              41.36818
            ],
            [
              -72.74729,
              41.36884
            ],
            [
              -72.74724,
              41.37078
            ],
            [
              -72.74592,
              41.37223
            ],
            [
              -72.7493,
              41.39809
            ],
            [
              -72.74597,
              41.3969
            ],
            [
              -72.74274,
              41.403
            ],
            [
              -72.73282,
              41.412
            ],
            [
              -72.7282,
              41.41764
            ],
            [
              -72.72337,
              41.41914
            ],
            [
              -72.72064,
              41.4274
            ],
            [
              -72.74614,
              41.4233
            ],
            [
              -72.77523,
              41.41382
            ],
            [
              -72.79863,
              41.40513
            ],
            [
              -72.81772,
              41.39945
            ],
            [
              -72.817,
              41.36388
            ],
            [
              -72.81773,
              41.34031
            ]
          ]
        ]
      },
      "properties": {
        "geoid": "09009186200",
        "name": "Census Tract 1862",
        "town": "",
        "total": 1,
        "undefined": 1
      }
    },
    {
      "type": "Feature",
      "geometry": {
        "type": "Polygon",
        "coordinates": [
          [
            [
              -72.74199,
              41.29707
            ],
            [
              -72.73813,
              41.28629
            ],
            [
              -72.73582,
              41.28407
            ],
            [
              -72.72805,
              41.268
            ],
            [
              -72.73225,
              41.26557
            ],
            [
              -72.73125,
              41.26364
            ],
            [
              -72.73186,
              41.26266
            ],
            [
              -72.73479,
              41.26276
            ],
            [
              -72.73934,
              41.2588
            ],
            [
              -72.73371,
              41.25017
            ],
            [
              -72.72656,
              41.24861
            ],
            [
              -72.72297,
              41.24697
            ],
            [
              -72.71281,
              41.24517
            ],
            [
              -72.70948,
              41.24194
            ],
            [
              -72.70235,
              41.2412
            ],
            [
              -72.69742,
              41.24326
            ],
            [
              -72.68877,
              41.24291
            ],
            [
              -72.68459,
              41.2477
            ],
            [
              -72.68265,
              41.25146
            ],
            [
              -72.67865,
              41.24451
            ],
            [
              -72.67782,
              41.25029
            ],
            [
              -72.67144,
              41.24769
            ],
            [
              -72.66789,
              41.25026
            ],
            [
              -72.66685,
              41.25974
            ],
            [
              -72.67215,
              41.26442
            ],
            [
              -72.68037,
              41.27003
            ],
            [
              -72.68178,
              41.2721
            ],
            [
              -72.68468,
              41.27408
            ],
            [
              -72.68639,
              41.27378
            ],
            [
              -72.68682,
              41.27617
            ],
            [
              -72.68924,
              41.27859
            ],
            [
              -72.68786,
              41.27922
            ],
            [
              -72.69161,
              41.28202
            ],
            [
              -72.68973,
              41.28352
            ],
            [
              -72.68837,
              41.28288
            ],
            [
              -72.68764,
              41.28336
            ],
            [
              -72.68769,
              41.28489
            ],
            [
              -72.68894,
              41.28547
            ],
            [
              -72.69133,
              41.28947
            ],
            [
              -72.69042,
              41.2917
            ],
            [
              -72.69064,
              41.29564
            ],
            [
              -72.71334,
              41.29744
            ],
            [
              -72.74199,
              41.29707
            ]
          ]
        ]
      },
      "properties": {
        "geoid": "09009190200",
        "name": "Census Tract 1902",
        "town": "",
        "total": 1,
        "undefined": 1
      }
    },
    {
      "type": "Feature",
      "geometry": {
        "type": "Polygon",
        "coordinates": [
          [
            [
              -72.71898,
              41.35292
            ],
            [
              -72.7169,
              41.34898
            ],
            [
              -72.71509,
              41.34211
            ],
            [
              -72.7088,
              41.33634
            ],
            [
              -72.7058,
              41.3289
            ],
            [
              -72.70357,
              41.32679
            ],
            [
              -72.69629,
              41.31596
            ],
            [
              -72.69292,
              41.30968
            ],
            [
              -72.68948,
              41.3065
            ],
            [
              -72.68716,
              41.30138
            ],
            [
              -72.68771,
              41.29797
            ],
            [
              -72.68704,
              41.29535
            ],
            [
              -72.67962,
              41.29449
            ],
            [
              -72.66685,
              41.28995
            ],
            [
              -72.64865,
              41.28872
            ],
            [
              -72.64905,
              41.28921
            ],
            [
              -72.6471,
              41.28982
            ],
            [
              -72.64562,
              41.28899
            ],
            [
              -72.64388,
              41.29161
            ],
            [
              -72.63326,
              41.29936
            ],
            [
              -72.63397,
              41.30391
            ],
            [
              -72.63171,
              41.30933
            ],
            [
              -72.63437,
              41.3128
            ],
            [
              -72.63572,
              41.31299
            ],
            [
              -72.6363,
              41.31631
            ],
            [
              -72.64081,
              41.31903
            ],
            [
              -72.642,
              41.32034
            ],
            [
              -72.64257,
              41.32266
            ],
            [
              -72.64475,
              41.32266
            ],
            [
              -72.64509,
              41.32403
            ],
            [
              -72.65037,
              41.32658
            ],
            [
              -72.65047,
              41.32839
            ],
            [
              -72.65549,
              41.33134
            ],
            [
              -72.65845,
              41.33029
            ],
            [
              -72.6641,
              41.33545
            ],
            [
              -72.66528,
              41.33537
            ],
            [
              -72.67496,
              41.34857
            ],
            [
              -72.67617,
              41.35385
            ],
            [
              -72.69251,
              41.35214
            ],
            [
              -72.70689,
              41.35626
            ],
            [
              -72.71898,
              41.35292
            ]
          ]
        ]
      },
      "properties": {
        "geoid": "09009190301",
        "name": "Census Tract 1903.01",
        "town": "",
        "total": 4,
        "undefined": 4
      }
    },
    {
      "type": "Feature",
      "geometry": {
        "type": "Polygon",
        "coordinates": [
          [
            [
              -72.7461,
              41.31045
            ],
            [
              -72.7467,
              41.30804
            ],
            [
              -72.74199,
              41.29707
            ],
            [
              -72.71334,
              41.29744
            ],
            [
              -72.68704,
              41.29535
            ],
            [
              -72.68771,
              41.29797
            ],
            [
              -72.68716,
              41.30138
            ],
            [
              -72.68948,
              41.3065
            ],
            [
              -72.69292,
              41.30968
            ],
            [
              -72.69629,
              41.31596
            ],
            [
              -72.70357,
              41.32679
            ],
            [
              -72.7058,
              41.3289
            ],
            [
              -72.7088,
              41.33634
            ],
            [
              -72.71509,
              41.34211
            ],
            [
              -72.7169,
              41.34898
            ],
            [
              -72.71898,
              41.35292
            ],
            [
              -72.74362,
              41.34468
            ],
            [
              -72.74145,
              41.32369
            ],
            [
              -72.7461,
              41.31045
            ]
          ]
        ]
      },
      "properties": {
        "geoid": "09009190302",
        "name": "Census Tract 1903.02",
        "town": "",
        "total": 6,
        "undefined": 6
      }
    },
    {
      "type": "Feature",
      "geometry": {
        "type": "Polygon",
        "coordinates": [
          [
            [
              -73.0927,
              41.41345
            ],
            [
              -73.08358,
              41.40377
            ],
            [
              -73.07589,
              41.4104
            ],
            [
              -73.06847,
              41.41074
            ],
            [
              -73.07026,
              41.41136
            ],
            [
              -73.06958,
              41.41377
            ],
            [
              -73.06788,
              41.41666
            ],
            [
              -73.06527,
              41.41877
            ],
            [
              -73.06311,
              41.4236
            ],
            [
              -73.02946,
              41.41949
            ],
            [
              -73.02522,
              41.43457
            ],
            [
              -73.02497,
              41.45123
            ],
            [
              -73.02619,
              41.46156
            ],
            [
              -73.03047,
              41.46591
            ],
            [
              -73.03235,
              41.46533
            ],
            [
              -73.03426,
              41.4664
            ],
            [
              -73.03919,
              41.46639
            ],
            [
              -73.04144,
              41.46887
            ],
            [
              -73.0433,
              41.46816
            ],
            [
              -73.04611,
              41.46875
            ],
            [
              -73.05025,
              41.46819
            ],
            [
              -73.05212,
              41.46896
            ],
            [
              -73.05378,
              41.46537
            ],
            [
              -73.05373,
              41.46161
            ],
            [
              -73.06211,
              41.45629
            ],
            [
              -73.07737,
              41.46519
            ],
            [
              -73.08345,
              41.43914
            ],
            [
              -73.0864,
              41.43373
            ],
            [
              -73.0927,
              41.41345
            ]
          ]
        ]
      },
      "properties": {
        "geoid": "09009341100",
        "name": "Census Tract 3411",
        "town": "",
        "total": 1,
        "undefined": 1
      }
    },
    {
      "type": "Feature",
      "geometry": {
        "type": "Polygon",
        "coordinates": [
          [
            [
              -72.91069,
              41.52514
            ],
            [
              -72.91055,
              41.5189
            ],
            [
              -72.90389,
              41.51768
            ],
            [
              -72.90392,
              41.51896
            ],
            [
              -72.89753,
              41.51889
            ],
            [
              -72.89897,
              41.51214
            ],
            [
              -72.88832,
              41.51218
            ],
            [
              -72.88509,
              41.51083
            ],
            [
              -72.88145,
              41.51543
            ],
            [
              -72.88651,
              41.51813
            ],
            [
              -72.88539,
              41.5277
            ],
            [
              -72.87864,
              41.52674
            ],
            [
              -72.87423,
              41.52826
            ],
            [
              -72.86908,
              41.52887
            ],
            [
              -72.86807,
              41.52843
            ],
            [
              -72.86766,
              41.52663
            ],
            [
              -72.86439,
              41.52662
            ],
            [
              -72.86491,
              41.52557
            ],
            [
              -72.86279,
              41.52649
            ],
            [
              -72.85777,
              41.52637
            ],
            [
              -72.85798,
              41.52724
            ],
            [
              -72.86124,
              41.5281
            ],
            [
              -72.85798,
              41.53455
            ],
            [
              -72.85361,
              41.53348
            ],
            [
              -72.85169,
              41.54029
            ],
            [
              -72.85271,
              41.54629
            ],
            [
              -72.86781,
              41.54898
            ],
            [
              -72.86823,
              41.55224
            ],
            [
              -72.86951,
              41.55453
            ],
            [
              -72.87192,
              41.55487
            ],
            [
              -72.8719,
              41.557
            ],
            [
              -72.87331,
              41.55649
            ],
            [
              -72.87396,
              41.55915
            ],
            [
              -72.87975,
              41.56245
            ],
            [
              -72.87926,
              41.56315
            ],
            [
              -72.88388,
              41.56381
            ],
            [
              -72.90347,
              41.56171
            ],
            [
              -72.90318,
              41.55674
            ],
            [
              -72.90506,
              41.5506
            ],
            [
              -72.90361,
              41.54682
            ],
            [
              -72.90258,
              41.5357
            ],
            [
              -72.9102,
              41.52724
            ],
            [
              -72.91069,
              41.52514
            ]
          ]
        ]
      },
      "properties": {
        "geoid": "09009343101",
        "name": "Census Tract 3431.01",
        "town": "",
        "total": 1,
        "undefined": 1
      }
    },
    {
      "type": "Feature",
      "geometry": {
        "type": "Polygon",
        "coordinates": [
          [
            [
              -72.91304,
              41.50779
            ],
            [
              -72.90396,
              41.50427
            ],
            [
              -72.90397,
              41.50343
            ],
            [
              -72.90095,
              41.50094
            ],
            [
              -72.90145,
              41.49886
            ],
            [
              -72.90008,
              41.49839
            ],
            [
              -72.88821,
              41.5008
            ],
            [
              -72.88037,
              41.50036
            ],
            [
              -72.87825,
              41.50091
            ],
            [
              -72.86822,
              41.49964
            ],
            [
              -72.85809,
              41.49697
            ],
            [
              -72.85327,
              41.49456
            ],
            [
              -72.8463,
              41.50283
            ],
            [
              -72.84957,
              41.51459
            ],
            [
              -72.85138,
              41.51596
            ],
            [
              -72.8538,
              41.52221
            ],
            [
              -72.85308,
              41.52492
            ],
            [
              -72.85739,
              41.52636
            ],
            [
              -72.86279,
              41.52649
            ],
            [
              -72.86491,
              41.52557
            ],
            [
              -72.86439,
              41.52662
            ],
            [
              -72.86766,
              41.52663
            ],
            [
              -72.86807,
              41.52843
            ],
            [
              -72.86908,
              41.52887
            ],
            [
              -72.87423,
              41.52826
            ],
            [
              -72.87864,
              41.52674
            ],
            [
              -72.88539,
              41.5277
            ],
            [
              -72.88651,
              41.51813
            ],
            [
              -72.88145,
              41.51543
            ],
            [
              -72.88509,
              41.51083
            ],
            [
              -72.88832,
              41.51218
            ],
            [
              -72.89897,
              41.51214
            ],
            [
              -72.89753,
              41.51889
            ],
            [
              -72.90392,
              41.51896
            ],
            [
              -72.90389,
              41.51768
            ],
            [
              -72.91055,
              41.5189
            ],
            [
              -72.9105,
              41.51029
            ],
            [
              -72.91304,
              41.50779
            ]
          ]
        ]
      },
      "properties": {
        "geoid": "09009343102",
        "name": "Census Tract 3431.02",
        "town": "",
        "total": 3,
        "undefined": 3
      }
    },
    {
      "type": "Feature",
      "geometry": {
        "type": "Polygon",
        "coordinates": [
          [
            [
              -72.96922,
              41.53045
            ],
            [
              -72.94896,
              41.52268
            ],
            [
              -72.94045,
              41.51417
            ],
            [
              -72.93506,
              41.50756
            ],
            [
              -72.92922,
              41.51167
            ],
            [
              -72.92609,
              41.51514
            ],
            [
              -72.92314,
              41.51424
            ],
            [
              -72.91813,
              41.51116
            ],
            [
              -72.91557,
              41.50863
            ],
            [
              -72.91304,
              41.50779
            ],
            [
              -72.91045,
              41.51063
            ],
            [
              -72.91042,
              41.52687
            ],
            [
              -72.90258,
              41.5357
            ],
            [
              -72.90361,
              41.54682
            ],
            [
              -72.90506,
              41.5506
            ],
            [
              -72.90318,
              41.55674
            ],
            [
              -72.90347,
              41.56171
            ],
            [
              -72.95679,
              41.5553
            ],
            [
              -72.96922,
              41.53045
            ]
          ]
        ]
      },
      "properties": {
        "geoid": "09009343200",
        "name": "Census Tract 3432",
        "town": "",
        "total": 4,
        "undefined": 4
      }
    },
    {
      "type": "Feature",
      "geometry": {
        "type": "Polygon",
        "coordinates": [
          [
            [
              -72.91856,
              41.48609
            ],
            [
              -72.91203,
              41.48494
            ],
            [
              -72.90566,
              41.48505
            ],
            [
              -72.90839,
              41.45625
            ],
            [
              -72.88667,
              41.44796
            ],
            [
              -72.87813,
              41.45751
            ],
            [
              -72.87664,
              41.45967
            ],
            [
              -72.87738,
              41.46118
            ],
            [
              -72.8527,
              41.49435
            ],
            [
              -72.85809,
              41.49697
            ],
            [
              -72.86822,
              41.49964
            ],
            [
              -72.87825,
              41.50091
            ],
            [
              -72.88037,
              41.50036
            ],
            [
              -72.88821,
              41.5008
            ],
            [
              -72.90008,
              41.49839
            ],
            [
              -72.90145,
              41.49886
            ],
            [
              -72.90095,
              41.50094
            ],
            [
              -72.90397,
              41.50343
            ],
            [
              -72.90396,
              41.50427
            ],
            [
              -72.91304,
              41.50779
            ],
            [
              -72.91531,
              41.50465
            ],
            [
              -72.914,
              41.49233
            ],
            [
              -72.91856,
              41.48609
            ]
          ]
        ]
      },
      "properties": {
        "geoid": "09009343300",
        "name": "Census Tract 3433",
        "town": "",
        "total": 10,
        "undefined": 10
      }
    },
    {
      "type": "Feature",
      "geometry": {
        "type": "Polygon",
        "coordinates": [
          [
            [
              -72.95239,
              41.46462
            ],
            [
              -72.93594,
              41.4627
            ],
            [
              -72.92674,
              41.4603
            ],
            [
              -72.91724,
              41.45977
            ],
            [
              -72.90839,
              41.45625
            ],
            [
              -72.90566,
              41.48505
            ],
            [
              -72.91203,
              41.48494
            ],
            [
              -72.91856,
              41.48609
            ],
            [
              -72.914,
              41.49233
            ],
            [
              -72.91531,
              41.50465
            ],
            [
              -72.91304,
              41.50779
            ],
            [
              -72.91557,
              41.50863
            ],
            [
              -72.91813,
              41.51116
            ],
            [
              -72.92314,
              41.51424
            ],
            [
              -72.92609,
              41.51514
            ],
            [
              -72.92922,
              41.51167
            ],
            [
              -72.93506,
              41.50756
            ],
            [
              -72.93465,
              41.50125
            ],
            [
              -72.93762,
              41.49713
            ],
            [
              -72.94124,
              41.49518
            ],
            [
              -72.9415,
              41.49165
            ],
            [
              -72.94365,
              41.48845
            ],
            [
              -72.94436,
              41.47943
            ],
            [
              -72.94771,
              41.47743
            ],
            [
              -72.94996,
              41.47175
            ],
            [
              -72.95007,
              41.46912
            ],
            [
              -72.95239,
              41.46462
            ]
          ]
        ]
      },
      "properties": {
        "geoid": "09009343400",
        "name": "Census Tract 3434",
        "town": "",
        "total": 4,
        "undefined": 4
      }
    },
    {
      "type": "Feature",
      "geometry": {
        "type": "Polygon",
        "coordinates": [
          [
            [
              -73.131,
              41.56049
            ],
            [
              -73.1286,
              41.5564
            ],
            [
              -73.12956,
              41.55602
            ],
            [
              -73.12972,
              41.55497
            ],
            [
              -73.12866,
              41.55172
            ],
            [
              -73.12698,
              41.55092
            ],
            [
              -73.12601,
              41.54741
            ],
            [
              -73.12286,
              41.54685
            ],
            [
              -73.12077,
              41.54499
            ],
            [
              -73.12116,
              41.54361
            ],
            [
              -73.11707,
              41.54226
            ],
            [
              -73.11842,
              41.54096
            ],
            [
              -73.11922,
              41.53806
            ],
            [
              -73.12157,
              41.53706
            ],
            [
              -73.12371,
              41.53369
            ],
            [
              -73.12928,
              41.52777
            ],
            [
              -73.12403,
              41.52729
            ],
            [
              -73.12446,
              41.52499
            ],
            [
              -73.12369,
              41.51998
            ],
            [
              -73.12086,
              41.51087
            ],
            [
              -73.11086,
              41.50754
            ],
            [
              -73.11137,
              41.50441
            ],
            [
              -73.10781,
              41.5007
            ],
            [
              -73.10467,
              41.4997
            ],
            [
              -73.10187,
              41.49695
            ],
            [
              -73.09531,
              41.50157
            ],
            [
              -73.09605,
              41.50805
            ],
            [
              -73.09469,
              41.51381
            ],
            [
              -73.07011,
              41.5143
            ],
            [
              -73.07227,
              41.5183
            ],
            [
              -73.0802,
              41.52596
            ],
            [
              -73.08683,
              41.53721
            ],
            [
              -73.08973,
              41.54777
            ],
            [
              -73.09385,
              41.5702
            ],
            [
              -73.131,
              41.56049
            ]
          ]
        ]
      },
      "properties": {
        "geoid": "09009344100",
        "name": "Census Tract 3441",
        "town": "",
        "total": 2,
        "undefined": 2
      }
    },
    {
      "type": "Feature",
      "geometry": {
        "type": "Polygon",
        "coordinates": [
          [
            [
              -73.06989,
              41.51429
            ],
            [
              -73.06599,
              41.51291
            ],
            [
              -73.06152,
              41.50925
            ],
            [
              -73.05957,
              41.50649
            ],
            [
              -73.05826,
              41.50161
            ],
            [
              -73.05286,
              41.49814
            ],
            [
              -73.0531,
              41.49607
            ],
            [
              -73.05203,
              41.49434
            ],
            [
              -73.05061,
              41.49517
            ],
            [
              -73.04912,
              41.49386
            ],
            [
              -73.04891,
              41.49578
            ],
            [
              -73.04724,
              41.49828
            ],
            [
              -73.0441,
              41.49975
            ],
            [
              -73.03879,
              41.49778
            ],
            [
              -73.03248,
              41.49299
            ],
            [
              -73.0326,
              41.49238
            ],
            [
              -73.02996,
              41.49158
            ],
            [
              -73.02675,
              41.49158
            ],
            [
              -73.01696,
              41.49703
            ],
            [
              -73.01132,
              41.49759
            ],
            [
              -73.01817,
              41.51983
            ],
            [
              -73.04755,
              41.5152
            ],
            [
              -73.06989,
              41.51429
            ]
          ]
        ]
      },
      "properties": {
        "geoid": "09009345100",
        "name": "Census Tract 3451",
        "town": "",
        "total": 1,
        "undefined": 1
      }
    },
    {
      "type": "Feature",
      "geometry": {
        "type": "Polygon",
        "coordinates": [
          [
            [
              -73.05392,
              41.48619
            ],
            [
              -73.05351,
              41.48449
            ],
            [
              -73.04996,
              41.48196
            ],
            [
              -73.0496,
              41.47987
            ],
            [
              -73.05031,
              41.47436
            ],
            [
              -73.05212,
              41.46896
            ],
            [
              -73.05025,
              41.46819
            ],
            [
              -73.04611,
              41.46875
            ],
            [
              -73.0433,
              41.46816
            ],
            [
              -73.04144,
              41.46887
            ],
            [
              -73.03919,
              41.46639
            ],
            [
              -73.03426,
              41.4664
            ],
            [
              -73.03235,
              41.46533
            ],
            [
              -73.02718,
              41.46795
            ],
            [
              -73.02787,
              41.46908
            ],
            [
              -73.02492,
              41.46858
            ],
            [
              -73.02104,
              41.47303
            ],
            [
              -73.01595,
              41.48194
            ],
            [
              -73.01397,
              41.49599
            ],
            [
              -73.01546,
              41.49742
            ],
            [
              -73.01696,
              41.49703
            ],
            [
              -73.02675,
              41.49158
            ],
            [
              -73.02996,
              41.49158
            ],
            [
              -73.0326,
              41.49238
            ],
            [
              -73.03248,
              41.49299
            ],
            [
              -73.03879,
              41.49778
            ],
            [
              -73.0441,
              41.49975
            ],
            [
              -73.04724,
              41.49828
            ],
            [
              -73.04891,
              41.49578
            ],
            [
              -73.04912,
              41.49386
            ],
            [
              -73.05061,
              41.49517
            ],
            [
              -73.05203,
              41.49434
            ],
            [
              -73.05153,
              41.49201
            ],
            [
              -73.05392,
              41.48619
            ]
          ]
        ]
      },
      "properties": {
        "geoid": "09009345201",
        "name": "Census Tract 3452.01",
        "town": "",
        "total": 2,
        "undefined": 2
      }
    },
    {
      "type": "Feature",
      "geometry": {
        "type": "Polygon",
        "coordinates": [
          [
            [
              -73.10463,
              41.49139
            ],
            [
              -73.10432,
              41.4836
            ],
            [
              -73.10336,
              41.48174
            ],
            [
              -73.0702,
              41.46054
            ],
            [
              -73.06778,
              41.45996
            ],
            [
              -73.06177,
              41.45627
            ],
            [
              -73.05943,
              41.45848
            ],
            [
              -73.05571,
              41.45979
            ],
            [
              -73.05373,
              41.46161
            ],
            [
              -73.05378,
              41.46537
            ],
            [
              -73.05031,
              41.47436
            ],
            [
              -73.0496,
              41.47987
            ],
            [
              -73.04996,
              41.48196
            ],
            [
              -73.05284,
              41.48377
            ],
            [
              -73.05389,
              41.48543
            ],
            [
              -73.05144,
              41.49317
            ],
            [
              -73.05321,
              41.49706
            ],
            [
              -73.05619,
              41.49478
            ],
            [
              -73.06472,
              41.49457
            ],
            [
              -73.0654,
              41.49263
            ],
            [
              -73.06832,
              41.4892
            ],
            [
              -73.07234,
              41.48995
            ],
            [
              -73.08125,
              41.49365
            ],
            [
              -73.08465,
              41.49411
            ],
            [
              -73.08866,
              41.49677
            ],
            [
              -73.09382,
              41.49785
            ],
            [
              -73.10187,
              41.49695
            ],
            [
              -73.10463,
              41.49139
            ]
          ]
        ]
      },
      "properties": {
        "geoid": "09009345300",
        "name": "Census Tract 3453",
        "town": "",
        "total": 4,
        "undefined": 4
      }
    },
    {
      "type": "Feature",
      "geometry": {
        "type": "Polygon",
        "coordinates": [
          [
            [
              -73.10187,
              41.49695
            ],
            [
              -73.09382,
              41.49785
            ],
            [
              -73.08878,
              41.4968
            ],
            [
              -73.08465,
              41.49411
            ],
            [
              -73.08125,
              41.49365
            ],
            [
              -73.07234,
              41.48995
            ],
            [
              -73.06832,
              41.4892
            ],
            [
              -73.0654,
              41.49263
            ],
            [
              -73.06472,
              41.49457
            ],
            [
              -73.05619,
              41.49478
            ],
            [
              -73.05321,
              41.49706
            ],
            [
              -73.05286,
              41.49814
            ],
            [
              -73.05787,
              41.50106
            ],
            [
              -73.06062,
              41.50816
            ],
            [
              -73.06715,
              41.51352
            ],
            [
              -73.07011,
              41.5143
            ],
            [
              -73.08843,
              41.51407
            ],
            [
              -73.09469,
              41.51381
            ],
            [
              -73.09605,
              41.50805
            ],
            [
              -73.09531,
              41.50157
            ],
            [
              -73.10187,
              41.49695
            ]
          ]
        ]
      },
      "properties": {
        "geoid": "09009345400",
        "name": "Census Tract 3454",
        "town": "",
        "total": 2,
        "undefined": 2
      }
    },
    {
      "type": "Feature",
      "geometry": {
        "type": "Polygon",
        "coordinates": [
          [
            [
              -73.20769,
              41.42054
            ],
            [
              -73.20156,
              41.4158
            ],
            [
              -73.19816,
              41.4119
            ],
            [
              -73.19026,
              41.4103
            ],
            [
              -73.18656,
              41.4086
            ],
            [
              -73.18486,
              41.4063
            ],
            [
              -73.18536,
              41.4022
            ],
            [
              -73.18756,
              41.3996
            ],
            [
              -73.18796,
              41.3973
            ],
            [
              -73.18117,
              41.38961
            ],
            [
              -73.17336,
              41.3836
            ],
            [
              -73.17078,
              41.38469
            ],
            [
              -73.16382,
              41.38436
            ],
            [
              -73.16423,
              41.38514
            ],
            [
              -73.16306,
              41.38618
            ],
            [
              -73.16301,
              41.38733
            ],
            [
              -73.16164,
              41.38736
            ],
            [
              -73.15928,
              41.38999
            ],
            [
              -73.15547,
              41.39222
            ],
            [
              -73.15407,
              41.39847
            ],
            [
              -73.14999,
              41.39723
            ],
            [
              -73.14092,
              41.40074
            ],
            [
              -73.14219,
              41.40609
            ],
            [
              -73.13714,
              41.40714
            ],
            [
              -73.1365,
              41.40933
            ],
            [
              -73.13371,
              41.41079
            ],
            [
              -73.13343,
              41.41269
            ],
            [
              -73.13138,
              41.41579
            ],
            [
              -73.12964,
              41.42246
            ],
            [
              -73.12642,
              41.42249
            ],
            [
              -73.12265,
              41.42435
            ],
            [
              -73.12134,
              41.42682
            ],
            [
              -73.12165,
              41.42833
            ],
            [
              -73.1186,
              41.43311
            ],
            [
              -73.11677,
              41.43447
            ],
            [
              -73.11711,
              41.43541
            ],
            [
              -73.11509,
              41.43599
            ],
            [
              -73.11593,
              41.43934
            ],
            [
              -73.11431,
              41.44317
            ],
            [
              -73.1154,
              41.44705
            ],
            [
              -73.11316,
              41.46164
            ],
            [
              -73.11464,
              41.46833
            ],
            [
              -73.11458,
              41.47262
            ],
            [
              -73.11755,
              41.47523
            ],
            [
              -73.11772,
              41.47858
            ],
            [
              -73.10988,
              41.48508
            ],
            [
              -73.1033,
              41.48138
            ],
            [
              -73.10432,
              41.4836
            ],
            [
              -73.10423,
              41.4894
            ],
            [
              -73.12502,
              41.48755
            ],
            [
              -73.15789,
              41.48941
            ],
            [
              -73.15689,
              41.48362
            ],
            [
              -73.15604,
              41.48287
            ],
            [
              -73.15667,
              41.47734
            ],
            [
              -73.15967,
              41.4705
            ],
            [
              -73.1588,
              41.4697
            ],
            [
              -73.15909,
              41.4681
            ],
            [
              -73.15758,
              41.46509
            ],
            [
              -73.15827,
              41.46197
            ],
            [
              -73.16005,
              41.46143
            ],
            [
              -73.16038,
              41.4596
            ],
            [
              -73.16191,
              41.45908
            ],
            [
              -73.16192,
              41.45771
            ],
            [
              -73.1647,
              41.45831
            ],
            [
              -73.16583,
              41.45686
            ],
            [
              -73.16477,
              41.45378
            ],
            [
              -73.16625,
              41.45225
            ],
            [
              -73.1641,
              41.4495
            ],
            [
              -73.16418,
              41.44819
            ],
            [
              -73.18486,
              41.4341
            ],
            [
              -73.20769,
              41.42054
            ]
          ]
        ]
      },
      "properties": {
        "geoid": "09009346102",
        "name": "Census Tract 3461.02",
        "town": "",
        "total": 1,
        "undefined": 1
      }
    },
    {
      "type": "Feature",
      "geometry": {
        "type": "Polygon",
        "coordinates": [
          [
            [
              -72.99955,
              41.52593
            ],
            [
              -72.99586,
              41.52443
            ],
            [
              -72.98469,
              41.51337
            ],
            [
              -72.98054,
              41.50681
            ],
            [
              -72.97907,
              41.50382
            ],
            [
              -72.97904,
              41.50085
            ],
            [
              -72.9768,
              41.4979
            ],
            [
              -72.97086,
              41.48234
            ],
            [
              -72.96619,
              41.46625
            ],
            [
              -72.95239,
              41.46459
            ],
            [
              -72.95007,
              41.46912
            ],
            [
              -72.94996,
              41.47175
            ],
            [
              -72.94771,
              41.47743
            ],
            [
              -72.94436,
              41.47943
            ],
            [
              -72.94365,
              41.48845
            ],
            [
              -72.9415,
              41.49165
            ],
            [
              -72.94124,
              41.49518
            ],
            [
              -72.93762,
              41.49713
            ],
            [
              -72.93465,
              41.50125
            ],
            [
              -72.93506,
              41.50756
            ],
            [
              -72.94045,
              41.51417
            ],
            [
              -72.94896,
              41.52268
            ],
            [
              -72.96725,
              41.52924
            ],
            [
              -72.97763,
              41.53382
            ],
            [
              -72.99955,
              41.52593
            ]
          ]
        ]
      },
      "properties": {
        "geoid": "09009347100",
        "name": "Census Tract 3471",
        "town": "",
        "total": 1,
        "undefined": 1
      }
    },
    {
      "type": "Feature",
      "geometry": {
        "type": "Polygon",
        "coordinates": [
          [
            [
              -73.24952,
              41.44598
            ],
            [
              -73.24899,
              41.44224
            ],
            [
              -73.24752,
              41.43919
            ],
            [
              -73.24433,
              41.43956
            ],
            [
              -73.24234,
              41.43607
            ],
            [
              -73.24229,
              41.42984
            ],
            [
              -73.23841,
              41.42625
            ],
            [
              -73.23591,
              41.42615
            ],
            [
              -73.22648,
              41.43031
            ],
            [
              -73.22208,
              41.42981
            ],
            [
              -73.21713,
              41.42837
            ],
            [
              -73.21183,
              41.42277
            ],
            [
              -73.20769,
              41.42054
            ],
            [
              -73.18486,
              41.4341
            ],
            [
              -73.16418,
              41.44819
            ],
            [
              -73.1641,
              41.4495
            ],
            [
              -73.16625,
              41.45225
            ],
            [
              -73.16477,
              41.45378
            ],
            [
              -73.16583,
              41.45686
            ],
            [
              -73.1647,
              41.45831
            ],
            [
              -73.1621,
              41.45758
            ],
            [
              -73.16191,
              41.45908
            ],
            [
              -73.16038,
              41.4596
            ],
            [
              -73.16005,
              41.46143
            ],
            [
              -73.15831,
              41.46193
            ],
            [
              -73.16282,
              41.46504
            ],
            [
              -73.17286,
              41.46737
            ],
            [
              -73.19373,
              41.47569
            ],
            [
              -73.20899,
              41.47593
            ],
            [
              -73.21131,
              41.47664
            ],
            [
              -73.21633,
              41.4729
            ],
            [
              -73.22231,
              41.46548
            ],
            [
              -73.23198,
              41.46006
            ],
            [
              -73.23714,
              41.45553
            ],
            [
              -73.24744,
              41.45106
            ],
            [
              -73.2493,
              41.44806
            ],
            [
              -73.24952,
              41.44598
            ]
          ]
        ]
      },
      "properties": {
        "geoid": "09009348123",
        "name": "Census Tract 3481.23",
        "town": "",
        "total": 1,
        "undefined": 1
      }
    },
    {
      "type": "Feature",
      "geometry": {
        "type": "Polygon",
        "coordinates": [
          [
            [
              -73.26116,
              41.48997
            ],
            [
              -73.25817,
              41.48601
            ],
            [
              -73.25675,
              41.48032
            ],
            [
              -73.25457,
              41.47782
            ],
            [
              -73.25104,
              41.4703
            ],
            [
              -73.25002,
              41.47061
            ],
            [
              -73.24836,
              41.46926
            ],
            [
              -73.24385,
              41.4677
            ],
            [
              -73.23808,
              41.48036
            ],
            [
              -73.23418,
              41.48243
            ],
            [
              -73.22724,
              41.48382
            ],
            [
              -73.22478,
              41.48746
            ],
            [
              -73.22565,
              41.49082
            ],
            [
              -73.22861,
              41.49397
            ],
            [
              -73.22855,
              41.49949
            ],
            [
              -73.22554,
              41.50221
            ],
            [
              -73.22346,
              41.50237
            ],
            [
              -73.22096,
              41.50383
            ],
            [
              -73.21972,
              41.51023
            ],
            [
              -73.24237,
              41.51298
            ],
            [
              -73.25227,
              41.51213
            ],
            [
              -73.25007,
              41.51058
            ],
            [
              -73.24673,
              41.50977
            ],
            [
              -73.25273,
              41.50491
            ],
            [
              -73.25373,
              41.50241
            ],
            [
              -73.26047,
              41.49341
            ],
            [
              -73.26116,
              41.48997
            ]
          ]
        ]
      },
      "properties": {
        "geoid": "09009348125",
        "name": "Census Tract 3481.25",
        "town": "",
        "total": 3,
        "undefined": 3
      }
    },
    {
      "type": "Feature",
      "geometry": {
        "type": "Polygon",
        "coordinates": [
          [
            [
              -73.0405,
              41.56557
            ],
            [
              -73.03867,
              41.56275
            ],
            [
              -73.03856,
              41.56003
            ],
            [
              -73.03503,
              41.55991
            ],
            [
              -73.03224,
              41.56353
            ],
            [
              -73.02738,
              41.56655
            ],
            [
              -73.0295,
              41.56964
            ],
            [
              -73.0337,
              41.56971
            ],
            [
              -73.03352,
              41.56917
            ],
            [
              -73.03818,
              41.5677
            ],
            [
              -73.03827,
              41.56689
            ],
            [
              -73.0405,
              41.56557
            ]
          ]
        ]
      },
      "properties": {
        "geoid": "09009350200",
        "name": "Census Tract 3502",
        "town": "",
        "total": 3,
        "undefined": 3
      }
    },
    {
      "type": "Feature",
      "geometry": {
        "type": "Polygon",
        "coordinates": [
          [
            [
              -73.03502,
              41.55995
            ],
            [
              -73.03337,
              41.55949
            ],
            [
              -73.03205,
              41.56105
            ],
            [
              -73.02775,
              41.55938
            ],
            [
              -73.02381,
              41.55892
            ],
            [
              -73.02477,
              41.56115
            ],
            [
              -73.02305,
              41.56258
            ],
            [
              -73.02264,
              41.56459
            ],
            [
              -73.02359,
              41.56564
            ],
            [
              -73.02454,
              41.56407
            ],
            [
              -73.02939,
              41.56581
            ],
            [
              -73.03502,
              41.55995
            ]
          ]
        ]
      },
      "properties": {
        "geoid": "09009350300",
        "name": "Census Tract 3503",
        "town": "",
        "total": 3,
        "undefined": 3
      }
    },
    {
      "type": "Feature",
      "geometry": {
        "type": "Polygon",
        "coordinates": [
          [
            [
              -73.0344,
              41.55469
            ],
            [
              -73.02838,
              41.55376
            ],
            [
              -73.02702,
              41.5558
            ],
            [
              -73.02746,
              41.55638
            ],
            [
              -73.02569,
              41.55673
            ],
            [
              -73.02542,
              41.55831
            ],
            [
              -73.02355,
              41.55813
            ],
            [
              -73.02381,
              41.55892
            ],
            [
              -73.02775,
              41.55938
            ],
            [
              -73.03213,
              41.56102
            ],
            [
              -73.03384,
              41.55946
            ],
            [
              -73.0344,
              41.55469
            ]
          ]
        ]
      },
      "properties": {
        "geoid": "09009350400",
        "name": "Census Tract 3504",
        "town": "",
        "total": 3,
        "undefined": 3
      }
    },
    {
      "type": "Feature",
      "geometry": {
        "type": "Polygon",
        "coordinates": [
          [
            [
              -73.05305,
              41.56723
            ],
            [
              -73.04909,
              41.56016
            ],
            [
              -73.04692,
              41.55986
            ],
            [
              -73.04429,
              41.56142
            ],
            [
              -73.04016,
              41.56122
            ],
            [
              -73.04005,
              41.56274
            ],
            [
              -73.03867,
              41.56275
            ],
            [
              -73.04043,
              41.56525
            ],
            [
              -73.04075,
              41.57003
            ],
            [
              -73.04195,
              41.57215
            ],
            [
              -73.0486,
              41.5696
            ],
            [
              -73.0518,
              41.57042
            ],
            [
              -73.05305,
              41.56723
            ]
          ]
        ]
      },
      "properties": {
        "geoid": "09009350800",
        "name": "Census Tract 3508",
        "town": "",
        "total": 3,
        "undefined": 3
      }
    },
    {
      "type": "Feature",
      "geometry": {
        "type": "Polygon",
        "coordinates": [
          [
            [
              -73.05127,
              41.57106
            ],
            [
              -73.0518,
              41.57042
            ],
            [
              -73.0486,
              41.5696
            ],
            [
              -73.04195,
              41.57215
            ],
            [
              -73.04183,
              41.57604
            ],
            [
              -73.0409,
              41.57832
            ],
            [
              -73.04172,
              41.58157
            ],
            [
              -73.04611,
              41.58203
            ],
            [
              -73.04694,
              41.58113
            ],
            [
              -73.04686,
              41.57896
            ],
            [
              -73.04863,
              41.57883
            ],
            [
              -73.0486,
              41.57725
            ],
            [
              -73.05127,
              41.57106
            ]
          ]
        ]
      },
      "properties": {
        "geoid": "09009350900",
        "name": "Census Tract 3509",
        "town": "",
        "total": 2,
        "undefined": 2
      }
    },
    {
      "type": "Feature",
      "geometry": {
        "type": "Polygon",
        "coordinates": [
          [
            [
              -73.04251,
              41.58469
            ],
            [
              -73.0409,
              41.57832
            ],
            [
              -73.04183,
              41.57604
            ],
            [
              -73.04195,
              41.57215
            ],
            [
              -73.04075,
              41.57003
            ],
            [
              -73.0405,
              41.56557
            ],
            [
              -73.03827,
              41.56689
            ],
            [
              -73.03818,
              41.5677
            ],
            [
              -73.03352,
              41.56917
            ],
            [
              -73.0337,
              41.56971
            ],
            [
              -73.0295,
              41.56964
            ],
            [
              -73.02704,
              41.56671
            ],
            [
              -73.02589,
              41.5689
            ],
            [
              -73.0263,
              41.57657
            ],
            [
              -73.02941,
              41.579
            ],
            [
              -73.04083,
              41.58475
            ],
            [
              -73.04238,
              41.58523
            ],
            [
              -73.04251,
              41.58469
            ]
          ]
        ]
      },
      "properties": {
        "geoid": "09009351000",
        "name": "Census Tract 3510",
        "town": "",
        "total": 6,
        "undefined": 6
      }
    },
    {
      "type": "Feature",
      "geometry": {
        "type": "Polygon",
        "coordinates": [
          [
            [
              -73.02934,
              41.56586
            ],
            [
              -73.02454,
              41.56407
            ],
            [
              -73.02359,
              41.56564
            ],
            [
              -73.02264,
              41.56459
            ],
            [
              -73.02323,
              41.56236
            ],
            [
              -73.02042,
              41.56204
            ],
            [
              -73.0095,
              41.56404
            ],
            [
              -73.00859,
              41.56526
            ],
            [
              -73.00581,
              41.56112
            ],
            [
              -73.00292,
              41.55991
            ],
            [
              -73.00475,
              41.56226
            ],
            [
              -73.00306,
              41.56296
            ],
            [
              -73.00215,
              41.56541
            ],
            [
              -73.00048,
              41.56602
            ],
            [
              -73.00082,
              41.56744
            ],
            [
              -72.99983,
              41.56772
            ],
            [
              -72.99964,
              41.56962
            ],
            [
              -72.99828,
              41.57064
            ],
            [
              -73.01205,
              41.58378
            ],
            [
              -73.01321,
              41.58869
            ],
            [
              -73.019,
              41.58423
            ],
            [
              -73.02029,
              41.58176
            ],
            [
              -73.0264,
              41.57669
            ],
            [
              -73.02594,
              41.56864
            ],
            [
              -73.02704,
              41.56671
            ],
            [
              -73.02934,
              41.56586
            ]
          ]
        ]
      },
      "properties": {
        "geoid": "09009351100",
        "name": "Census Tract 3511",
        "town": "",
        "total": 2,
        "undefined": 2
      }
    },
    {
      "type": "Feature",
      "geometry": {
        "type": "Polygon",
        "coordinates": [
          [
            [
              -73.03535,
              41.55198
            ],
            [
              -73.03526,
              41.55138
            ],
            [
              -73.03169,
              41.55126
            ],
            [
              -73.02906,
              41.54994
            ],
            [
              -73.02689,
              41.54608
            ],
            [
              -73.01781,
              41.54686
            ],
            [
              -73.0204,
              41.54846
            ],
            [
              -73.01918,
              41.54991
            ],
            [
              -73.01957,
              41.55077
            ],
            [
              -73.01726,
              41.55219
            ],
            [
              -73.01373,
              41.55644
            ],
            [
              -73.0095,
              41.56404
            ],
            [
              -73.0199,
              41.56206
            ],
            [
              -73.02323,
              41.56236
            ],
            [
              -73.02477,
              41.56115
            ],
            [
              -73.02355,
              41.55813
            ],
            [
              -73.02542,
              41.55831
            ],
            [
              -73.02569,
              41.55673
            ],
            [
              -73.02746,
              41.55638
            ],
            [
              -73.02702,
              41.5558
            ],
            [
              -73.02838,
              41.55376
            ],
            [
              -73.03444,
              41.55451
            ],
            [
              -73.03535,
              41.55198
            ]
          ]
        ]
      },
      "properties": {
        "geoid": "09009351200",
        "name": "Census Tract 3512",
        "town": "",
        "total": 1,
        "undefined": 1
      }
    },
    {
      "type": "Feature",
      "geometry": {
        "type": "Polygon",
        "coordinates": [
          [
            [
              -73.02681,
              41.54612
            ],
            [
              -73.02506,
              41.54335
            ],
            [
              -73.01997,
              41.54062
            ],
            [
              -73.0094,
              41.5397
            ],
            [
              -73.00872,
              41.54063
            ],
            [
              -73.00873,
              41.54355
            ],
            [
              -73.00993,
              41.54408
            ],
            [
              -73.00876,
              41.54701
            ],
            [
              -73.00886,
              41.54993
            ],
            [
              -73.00537,
              41.55383
            ],
            [
              -73.00475,
              41.55574
            ],
            [
              -73.00506,
              41.55983
            ],
            [
              -73.00859,
              41.56526
            ],
            [
              -73.01373,
              41.55644
            ],
            [
              -73.01726,
              41.55219
            ],
            [
              -73.01957,
              41.55077
            ],
            [
              -73.01918,
              41.54991
            ],
            [
              -73.0204,
              41.54846
            ],
            [
              -73.01781,
              41.54686
            ],
            [
              -73.02681,
              41.54612
            ]
          ]
        ]
      },
      "properties": {
        "geoid": "09009351300",
        "name": "Census Tract 3513",
        "town": "",
        "total": 6,
        "undefined": 6
      }
    },
    {
      "type": "Feature",
      "geometry": {
        "type": "Polygon",
        "coordinates": [
          [
            [
              -73.03757,
              41.54246
            ],
            [
              -73.03626,
              41.53918
            ],
            [
              -73.02867,
              41.53755
            ],
            [
              -73.02751,
              41.53805
            ],
            [
              -73.02259,
              41.53442
            ],
            [
              -73.02168,
              41.53176
            ],
            [
              -73.01721,
              41.53689
            ],
            [
              -73.01897,
              41.5378
            ],
            [
              -73.01755,
              41.5388
            ],
            [
              -73.01774,
              41.54001
            ],
            [
              -73.02443,
              41.54285
            ],
            [
              -73.02689,
              41.54608
            ],
            [
              -73.02987,
              41.54374
            ],
            [
              -73.03745,
              41.54392
            ],
            [
              -73.03757,
              41.54246
            ]
          ]
        ]
      },
      "properties": {
        "geoid": "09009351400",
        "name": "Census Tract 3514",
        "town": "",
        "total": 4,
        "undefined": 4
      }
    },
    {
      "type": "Feature",
      "geometry": {
        "type": "Polygon",
        "coordinates": [
          [
            [
              -73.04742,
              41.51542
            ],
            [
              -73.02793,
              41.51792
            ],
            [
              -73.02783,
              41.52635
            ],
            [
              -73.02661,
              41.52844
            ],
            [
              -73.022,
              41.52987
            ],
            [
              -73.02168,
              41.53176
            ],
            [
              -73.02259,
              41.53442
            ],
            [
              -73.02751,
              41.53805
            ],
            [
              -73.02867,
              41.53755
            ],
            [
              -73.03626,
              41.53918
            ],
            [
              -73.03578,
              41.53757
            ],
            [
              -73.03633,
              41.53519
            ],
            [
              -73.04079,
              41.52618
            ],
            [
              -73.04083,
              41.52289
            ],
            [
              -73.04742,
              41.51542
            ]
          ]
        ]
      },
      "properties": {
        "geoid": "09009351500",
        "name": "Census Tract 3515",
        "town": "",
        "total": 1,
        "undefined": 1
      }
    },
    {
      "type": "Feature",
      "geometry": {
        "type": "Polygon",
        "coordinates": [
          [
            [
              -73.05831,
              41.55034
            ],
            [
              -73.05156,
              41.53544
            ],
            [
              -73.04985,
              41.53365
            ],
            [
              -73.05005,
              41.52866
            ],
            [
              -73.04666,
              41.52793
            ],
            [
              -73.04461,
              41.53051
            ],
            [
              -73.04406,
              41.53704
            ],
            [
              -73.04606,
              41.53845
            ],
            [
              -73.04665,
              41.53981
            ],
            [
              -73.04826,
              41.53882
            ],
            [
              -73.05421,
              41.54918
            ],
            [
              -73.04962,
              41.55083
            ],
            [
              -73.05344,
              41.55152
            ],
            [
              -73.05831,
              41.55034
            ]
          ]
        ]
      },
      "properties": {
        "geoid": "09009351601",
        "name": "Census Tract 3516.01",
        "town": "",
        "total": 3,
        "undefined": 3
      }
    },
    {
      "type": "Feature",
      "geometry": {
        "type": "Polygon",
        "coordinates": [
          [
            [
              -73.06877,
              41.54643
            ],
            [
              -73.06702,
              41.54407
            ],
            [
              -73.06603,
              41.53874
            ],
            [
              -73.06702,
              41.53273
            ],
            [
              -73.06515,
              41.52366
            ],
            [
              -73.06359,
              41.52255
            ],
            [
              -73.06224,
              41.51913
            ],
            [
              -73.05904,
              41.51886
            ],
            [
              -73.0569,
              41.52056
            ],
            [
              -73.0516,
              41.52233
            ],
            [
              -73.04994,
              41.52928
            ],
            [
              -73.04985,
              41.53365
            ],
            [
              -73.05156,
              41.53544
            ],
            [
              -73.058,
              41.54992
            ],
            [
              -73.06729,
              41.54809
            ],
            [
              -73.06877,
              41.54643
            ]
          ]
        ]
      },
      "properties": {
        "geoid": "09009351602",
        "name": "Census Tract 3516.02",
        "town": "",
        "total": 2,
        "undefined": 2
      }
    },
    {
      "type": "Feature",
      "geometry": {
        "type": "Polygon",
        "coordinates": [
          [
            [
              -73.09127,
              41.55574
            ],
            [
              -73.08816,
              41.5412
            ],
            [
              -73.08632,
              41.53618
            ],
            [
              -73.08341,
              41.53909
            ],
            [
              -73.07719,
              41.54167
            ],
            [
              -73.06865,
              41.5476
            ],
            [
              -73.05514,
              41.55122
            ],
            [
              -73.05122,
              41.55159
            ],
            [
              -73.05388,
              41.55403
            ],
            [
              -73.05596,
              41.55876
            ],
            [
              -73.05702,
              41.55942
            ],
            [
              -73.05813,
              41.55841
            ],
            [
              -73.06088,
              41.55798
            ],
            [
              -73.06201,
              41.56075
            ],
            [
              -73.06781,
              41.56098
            ],
            [
              -73.07105,
              41.55838
            ],
            [
              -73.07104,
              41.55623
            ],
            [
              -73.06953,
              41.55374
            ],
            [
              -73.0695,
              41.55211
            ],
            [
              -73.08329,
              41.55373
            ],
            [
              -73.08874,
              41.55572
            ],
            [
              -73.09127,
              41.55574
            ]
          ]
        ]
      },
      "properties": {
        "geoid": "09009351800",
        "name": "Census Tract 3518",
        "town": "",
        "total": 1,
        "undefined": 1
      }
    },
    {
      "type": "Feature",
      "geometry": {
        "type": "Polygon",
        "coordinates": [
          [
            [
              -73.0863,
              41.5362
            ],
            [
              -73.0802,
              41.52596
            ],
            [
              -73.07227,
              41.5183
            ],
            [
              -73.07011,
              41.5143
            ],
            [
              -73.06651,
              41.51422
            ],
            [
              -73.04755,
              41.5152
            ],
            [
              -73.04095,
              41.52264
            ],
            [
              -73.04079,
              41.52618
            ],
            [
              -73.03865,
              41.53159
            ],
            [
              -73.03664,
              41.53426
            ],
            [
              -73.03578,
              41.53757
            ],
            [
              -73.03754,
              41.54217
            ],
            [
              -73.03808,
              41.54726
            ],
            [
              -73.04019,
              41.54699
            ],
            [
              -73.04117,
              41.55094
            ],
            [
              -73.04254,
              41.55191
            ],
            [
              -73.05122,
              41.55159
            ],
            [
              -73.04636,
              41.54898
            ],
            [
              -73.04476,
              41.54684
            ],
            [
              -73.04384,
              41.53495
            ],
            [
              -73.04461,
              41.53051
            ],
            [
              -73.04694,
              41.5278
            ],
            [
              -73.05005,
              41.52866
            ],
            [
              -73.05148,
              41.52243
            ],
            [
              -73.05617,
              41.52028
            ],
            [
              -73.0569,
              41.52056
            ],
            [
              -73.05934,
              41.51883
            ],
            [
              -73.06224,
              41.51913
            ],
            [
              -73.06359,
              41.52255
            ],
            [
              -73.06515,
              41.52366
            ],
            [
              -73.06702,
              41.53273
            ],
            [
              -73.06603,
              41.53874
            ],
            [
              -73.06702,
              41.54407
            ],
            [
              -73.06877,
              41.54624
            ],
            [
              -73.06755,
              41.54798
            ],
            [
              -73.07719,
              41.54167
            ],
            [
              -73.08341,
              41.53909
            ],
            [
              -73.0863,
              41.5362
            ]
          ]
        ]
      },
      "properties": {
        "geoid": "09009351900",
        "name": "Census Tract 3519",
        "town": "",
        "total": 2,
        "undefined": 2
      }
    },
    {
      "type": "Feature",
      "geometry": {
        "type": "Polygon",
        "coordinates": [
          [
            [
              -73.09385,
              41.5702
            ],
            [
              -73.09127,
              41.55574
            ],
            [
              -73.08874,
              41.55572
            ],
            [
              -73.08329,
              41.55373
            ],
            [
              -73.0695,
              41.55211
            ],
            [
              -73.07123,
              41.55805
            ],
            [
              -73.06781,
              41.56098
            ],
            [
              -73.06201,
              41.56075
            ],
            [
              -73.06088,
              41.55798
            ],
            [
              -73.05813,
              41.55841
            ],
            [
              -73.05702,
              41.55942
            ],
            [
              -73.05596,
              41.55876
            ],
            [
              -73.05779,
              41.56311
            ],
            [
              -73.05803,
              41.56751
            ],
            [
              -73.05916,
              41.56975
            ],
            [
              -73.06219,
              41.57271
            ],
            [
              -73.06754,
              41.57451
            ],
            [
              -73.06993,
              41.5732
            ],
            [
              -73.07673,
              41.57208
            ],
            [
              -73.08182,
              41.57286
            ],
            [
              -73.08529,
              41.57551
            ],
            [
              -73.08941,
              41.57521
            ],
            [
              -73.09235,
              41.5705
            ],
            [
              -73.09385,
              41.5702
            ]
          ]
        ]
      },
      "properties": {
        "geoid": "09009352000",
        "name": "Census Tract 3520",
        "town": "",
        "total": 1,
        "undefined": 1
      }
    },
    {
      "type": "Feature",
      "geometry": {
        "type": "Polygon",
        "coordinates": [
          [
            [
              -73.0459,
              41.60119
            ],
            [
              -73.04574,
              41.59823
            ],
            [
              -73.03815,
              41.59512
            ],
            [
              -73.03742,
              41.59567
            ],
            [
              -73.03021,
              41.59551
            ],
            [
              -73.02763,
              41.59148
            ],
            [
              -73.0264,
              41.59548
            ],
            [
              -73.01493,
              41.5963
            ],
            [
              -73.01865,
              41.6141
            ],
            [
              -73.03478,
              41.61513
            ],
            [
              -73.03628,
              41.6117
            ],
            [
              -73.03995,
              41.6076
            ],
            [
              -73.04462,
              41.60423
            ],
            [
              -73.0459,
              41.60119
            ]
          ]
        ]
      },
      "properties": {
        "geoid": "09009352400",
        "name": "Census Tract 3524",
        "town": "",
        "total": 1,
        "undefined": 1
      }
    },
    {
      "type": "Feature",
      "geometry": {
        "type": "Polygon",
        "coordinates": [
          [
            [
              -73.04229,
              41.5857
            ],
            [
              -73.02941,
              41.579
            ],
            [
              -73.0264,
              41.57669
            ],
            [
              -73.02029,
              41.58176
            ],
            [
              -73.019,
              41.58423
            ],
            [
              -73.01321,
              41.58869
            ],
            [
              -73.01493,
              41.5963
            ],
            [
              -73.0264,
              41.59548
            ],
            [
              -73.02763,
              41.59148
            ],
            [
              -73.03021,
              41.59551
            ],
            [
              -73.0376,
              41.59562
            ],
            [
              -73.03978,
              41.59297
            ],
            [
              -73.03945,
              41.58856
            ],
            [
              -73.04196,
              41.588
            ],
            [
              -73.04229,
              41.5857
            ]
          ]
        ]
      },
      "properties": {
        "geoid": "09009352500",
        "name": "Census Tract 3525",
        "town": "",
        "total": 3,
        "undefined": 3
      }
    },
    {
      "type": "Feature",
      "geometry": {
        "type": "Polygon",
        "coordinates": [
          [
            [
              -73.00743,
              41.55196
            ],
            [
              -72.99964,
              41.5527
            ],
            [
              -72.99384,
              41.55554
            ],
            [
              -72.98677,
              41.55208
            ],
            [
              -72.97529,
              41.55361
            ],
            [
              -72.97985,
              41.55335
            ],
            [
              -72.9988,
              41.57078
            ],
            [
              -72.99964,
              41.56962
            ],
            [
              -72.99927,
              41.56851
            ],
            [
              -73.00093,
              41.56716
            ],
            [
              -73.00048,
              41.56602
            ],
            [
              -73.00215,
              41.56541
            ],
            [
              -73.00306,
              41.56296
            ],
            [
              -73.00475,
              41.56226
            ],
            [
              -73.00292,
              41.55991
            ],
            [
              -73.00549,
              41.56083
            ],
            [
              -73.00479,
              41.55519
            ],
            [
              -73.00743,
              41.55196
            ]
          ]
        ]
      },
      "properties": {
        "geoid": "09009352600",
        "name": "Census Tract 3526",
        "town": "",
        "total": 3,
        "undefined": 3
      }
    },
    {
      "type": "Feature",
      "geometry": {
        "type": "Polygon",
        "coordinates": [
          [
            [
              -73.00934,
              41.53977
            ],
            [
              -73.00589,
              41.5382
            ],
            [
              -73.00249,
              41.53804
            ],
            [
              -72.98837,
              41.54302
            ],
            [
              -72.98425,
              41.54364
            ],
            [
              -72.98094,
              41.54297
            ],
            [
              -72.96598,
              41.53658
            ],
            [
              -72.95679,
              41.5553
            ],
            [
              -72.96937,
              41.5538
            ],
            [
              -72.97211,
              41.54885
            ],
            [
              -72.97606,
              41.54679
            ],
            [
              -72.97956,
              41.5456
            ],
            [
              -72.98263,
              41.54619
            ],
            [
              -72.98661,
              41.54559
            ],
            [
              -72.99342,
              41.54237
            ],
            [
              -72.9974,
              41.54159
            ],
            [
              -73.00017,
              41.54192
            ],
            [
              -73.00456,
              41.54402
            ],
            [
              -73.00274,
              41.54806
            ],
            [
              -73.00577,
              41.54927
            ],
            [
              -73.00609,
              41.54512
            ],
            [
              -73.00755,
              41.54369
            ],
            [
              -73.00903,
              41.54367
            ],
            [
              -73.00866,
              41.54097
            ],
            [
              -73.00934,
              41.53977
            ]
          ]
        ]
      },
      "properties": {
        "geoid": "09009352701",
        "name": "Census Tract 3527.01",
        "town": "",
        "total": 1,
        "undefined": 1
      }
    },
    {
      "type": "Feature",
      "geometry": {
        "type": "Polygon",
        "coordinates": [
          [
            [
              -73.02791,
              41.51796
            ],
            [
              -73.0189,
              41.51944
            ],
            [
              -73.00508,
              41.52369
            ],
            [
              -72.97831,
              41.53393
            ],
            [
              -72.96936,
              41.53023
            ],
            [
              -72.96603,
              41.53659
            ],
            [
              -72.98094,
              41.54297
            ],
            [
              -72.98425,
              41.54364
            ],
            [
              -72.98728,
              41.54335
            ],
            [
              -73.00331,
              41.53793
            ],
            [
              -73.00966,
              41.53978
            ],
            [
              -73.01774,
              41.54001
            ],
            [
              -73.01755,
              41.5388
            ],
            [
              -73.01897,
              41.5378
            ],
            [
              -73.01721,
              41.53689
            ],
            [
              -73.02079,
              41.53325
            ],
            [
              -73.022,
              41.52987
            ],
            [
              -73.02661,
              41.52844
            ],
            [
              -73.02783,
              41.52635
            ],
            [
              -73.02791,
              41.51796
            ]
          ]
        ]
      },
      "properties": {
        "geoid": "09009352800",
        "name": "Census Tract 3528",
        "town": "",
        "total": 5,
        "undefined": 5
      }
    },
    {
      "type": "Feature",
      "geometry": {
        "type": "Polygon",
        "coordinates": [
          [
            [
              -73.00187,
              41.57409
            ],
            [
              -72.97985,
              41.55335
            ],
            [
              -72.96807,
              41.55387
            ],
            [
              -72.94635,
              41.5568
            ],
            [
              -72.9451,
              41.55969
            ],
            [
              -72.93384,
              41.60659
            ],
            [
              -72.93521,
              41.61942
            ],
            [
              -72.95382,
              41.61791
            ],
            [
              -72.95534,
              41.61584
            ],
            [
              -72.95952,
              41.61389
            ],
            [
              -72.96015,
              41.6126
            ],
            [
              -72.96376,
              41.61019
            ],
            [
              -72.96477,
              41.60714
            ],
            [
              -72.97119,
              41.60175
            ],
            [
              -72.97535,
              41.60147
            ],
            [
              -72.97629,
              41.59955
            ],
            [
              -72.98049,
              41.59836
            ],
            [
              -72.98395,
              41.59448
            ],
            [
              -72.98392,
              41.59109
            ],
            [
              -72.98556,
              41.58886
            ],
            [
              -72.99324,
              41.5868
            ],
            [
              -72.9954,
              41.5802
            ],
            [
              -73.00187,
              41.57409
            ]
          ]
        ]
      },
      "properties": {
        "geoid": "09009361100",
        "name": "Census Tract 3611",
        "town": "",
        "total": 1,
        "undefined": 1
      }
    },
    {
      "type": "Feature",
      "geometry": {
        "type": "Polygon",
        "coordinates": [
          [
            [
              -72.9367,
              41.30769
            ],
            [
              -72.93723,
              41.30695
            ],
            [
              -72.93372,
              41.30557
            ],
            [
              -72.93324,
              41.30627
            ],
            [
              -72.9319,
              41.30571
            ],
            [
              -72.93033,
              41.30792
            ],
            [
              -72.92576,
              41.30604
            ],
            [
              -72.92414,
              41.3082
            ],
            [
              -72.93,
              41.31066
            ],
            [
              -72.93226,
              41.3129
            ],
            [
              -72.9367,
              41.30769
            ]
          ]
        ]
      },
      "properties": {
        "geoid": "09009361401",
        "name": "Census Tract 3614.01",
        "town": "",
        "total": 3,
        "undefined": 3
      }
    },
    {
      "type": "Feature",
      "geometry": {
        "type": "Polygon",
        "coordinates": [
          [
            [
              -72.97445,
              41.28529
            ],
            [
              -72.97225,
              41.28131
            ],
            [
              -72.96908,
              41.28183
            ],
            [
              -72.96598,
              41.28115
            ],
            [
              -72.96585,
              41.28052
            ],
            [
              -72.96369,
              41.28159
            ],
            [
              -72.96109,
              41.27936
            ],
            [
              -72.94941,
              41.28401
            ],
            [
              -72.9399,
              41.2835
            ],
            [
              -72.94075,
              41.28599
            ],
            [
              -72.94021,
              41.28778
            ],
            [
              -72.94293,
              41.28901
            ],
            [
              -72.94651,
              41.29289
            ],
            [
              -72.94792,
              41.29206
            ],
            [
              -72.95173,
              41.29406
            ],
            [
              -72.95079,
              41.29585
            ],
            [
              -72.9499,
              41.29595
            ],
            [
              -72.95108,
              41.29726
            ],
            [
              -72.95762,
              41.29585
            ],
            [
              -72.96027,
              41.29292
            ],
            [
              -72.96896,
              41.28984
            ],
            [
              -72.97434,
              41.28698
            ],
            [
              -72.97445,
              41.28529
            ]
          ]
        ]
      },
      "properties": {
        "geoid": "09009361500",
        "name": "Census Tract 3615",
        "town": "",
        "total": 7,
        "undefined": 7
      }
    },
    {
      "type": "Feature",
      "geometry": {
        "type": "Polygon",
        "coordinates": [
          [
            [
              -72.11345,
              41.3436
            ],
            [
              -72.10902,
              41.33209
            ],
            [
              -72.1004,
              41.33342
            ],
            [
              -72.1025,
              41.3358
            ],
            [
              -72.09985,
              41.34064
            ],
            [
              -72.10535,
              41.34194
            ],
            [
              -72.10492,
              41.34532
            ],
            [
              -72.10583,
              41.34917
            ],
            [
              -72.11031,
              41.34662
            ],
            [
              -72.11345,
              41.3436
            ]
          ]
        ]
      },
      "properties": {
        "geoid": "09011690800",
        "name": "Census Tract 6908",
        "town": "",
        "total": 1,
        "undefined": 1
      }
    },
    {
      "type": "Feature",
      "geometry": {
        "type": "Polygon",
        "coordinates": [
          [
            [
              -72.21931,
              41.41212
            ],
            [
              -72.19236,
              41.37474
            ],
            [
              -72.18742,
              41.37439
            ],
            [
              -72.16617,
              41.36827
            ],
            [
              -72.1594,
              41.36776
            ],
            [
              -72.15005,
              41.36804
            ],
            [
              -72.12721,
              41.37123
            ],
            [
              -72.12231,
              41.37064
            ],
            [
              -72.1185,
              41.37474
            ],
            [
              -72.1198,
              41.37953
            ],
            [
              -72.12266,
              41.38402
            ],
            [
              -72.12506,
              41.3971
            ],
            [
              -72.12341,
              41.39946
            ],
            [
              -72.12384,
              41.40068
            ],
            [
              -72.12284,
              41.40192
            ],
            [
              -72.1266,
              41.40576
            ],
            [
              -72.13116,
              41.40822
            ],
            [
              -72.12701,
              41.41292
            ],
            [
              -72.13079,
              41.41752
            ],
            [
              -72.13168,
              41.42065
            ],
            [
              -72.12824,
              41.42394
            ],
            [
              -72.19967,
              41.41372
            ],
            [
              -72.20466,
              41.41382
            ],
            [
              -72.21931,
              41.41212
            ]
          ]
        ]
      },
      "properties": {
        "geoid": "09011693700",
        "name": "Census Tract 6937",
        "town": "",
        "total": 3,
        "undefined": 3
      }
    },
    {
      "type": "Feature",
      "geometry": {
        "type": "Polygon",
        "coordinates": [
          [
            [
              -72.07246,
              41.53698
            ],
            [
              -72.07198,
              41.53208
            ],
            [
              -72.06984,
              41.53153
            ],
            [
              -72.06593,
              41.52693
            ],
            [
              -72.06276,
              41.52814
            ],
            [
              -72.06164,
              41.52611
            ],
            [
              -72.05383,
              41.53129
            ],
            [
              -72.04892,
              41.5463
            ],
            [
              -72.04582,
              41.5493
            ],
            [
              -72.04632,
              41.5549
            ],
            [
              -72.04505,
              41.55807
            ],
            [
              -72.04815,
              41.55778
            ],
            [
              -72.05061,
              41.55557
            ],
            [
              -72.05685,
              41.56051
            ],
            [
              -72.05944,
              41.56019
            ],
            [
              -72.06292,
              41.56102
            ],
            [
              -72.06742,
              41.56025
            ],
            [
              -72.06541,
              41.55539
            ],
            [
              -72.06549,
              41.55263
            ],
            [
              -72.06744,
              41.54889
            ],
            [
              -72.06957,
              41.54749
            ],
            [
              -72.07111,
              41.54228
            ],
            [
              -72.0707,
              41.53814
            ],
            [
              -72.07246,
              41.53698
            ]
          ]
        ]
      },
      "properties": {
        "geoid": "09011696401",
        "name": "Census Tract 6964.01",
        "town": "",
        "total": 1,
        "undefined": 1
      }
    },
    {
      "type": "Feature",
      "geometry": {
        "type": "Polygon",
        "coordinates": [
          [
            [
              -72.08251,
              41.50649
            ],
            [
              -72.08321,
              41.50305
            ],
            [
              -72.0824,
              41.49853
            ],
            [
              -72.08099,
              41.49578
            ],
            [
              -72.08102,
              41.4921
            ],
            [
              -72.07757,
              41.49068
            ],
            [
              -72.07253,
              41.49189
            ],
            [
              -72.0677,
              41.51753
            ],
            [
              -72.05864,
              41.51208
            ],
            [
              -72.0519,
              41.51744
            ],
            [
              -72.04032,
              41.5311
            ],
            [
              -72.0469,
              41.53516
            ],
            [
              -72.04507,
              41.54056
            ],
            [
              -72.05026,
              41.5418
            ],
            [
              -72.05383,
              41.53129
            ],
            [
              -72.06164,
              41.52611
            ],
            [
              -72.06714,
              41.52546
            ],
            [
              -72.0716,
              41.52252
            ],
            [
              -72.07561,
              41.52341
            ],
            [
              -72.07898,
              41.52129
            ],
            [
              -72.07817,
              41.51393
            ],
            [
              -72.08251,
              41.50649
            ]
          ]
        ]
      },
      "properties": {
        "geoid": "09011697000",
        "name": "Census Tract 6970",
        "town": "",
        "total": 1,
        "undefined": 1
      }
    },
    {
      "type": "Feature",
      "geometry": {
        "type": "Polygon",
        "coordinates": [
          [
            [
              -72.09652,
              41.4302
            ],
            [
              -72.09302,
              41.4158
            ],
            [
              -72.09502,
              41.4116
            ],
            [
              -72.09235,
              41.41038
            ],
            [
              -72.093,
              41.40688
            ],
            [
              -72.09222,
              41.41032
            ],
            [
              -72.08922,
              41.40908
            ],
            [
              -72.08644,
              41.40949
            ],
            [
              -72.08615,
              41.4085
            ],
            [
              -72.08491,
              41.40856
            ],
            [
              -72.08516,
              41.40923
            ],
            [
              -72.0801,
              41.40832
            ],
            [
              -72.07734,
              41.40561
            ],
            [
              -72.07988,
              41.40322
            ],
            [
              -72.08049,
              41.40019
            ],
            [
              -72.03699,
              41.39944
            ],
            [
              -72.03557,
              41.4054
            ],
            [
              -72.03302,
              41.40884
            ],
            [
              -72.03261,
              41.41314
            ],
            [
              -72.03404,
              41.41709
            ],
            [
              -72.029,
              41.42096
            ],
            [
              -72.02694,
              41.42383
            ],
            [
              -72.03487,
              41.43358
            ],
            [
              -72.03925,
              41.43602
            ],
            [
              -72.04225,
              41.43927
            ],
            [
              -72.04671,
              41.43955
            ],
            [
              -72.05211,
              41.44225
            ],
            [
              -72.05137,
              41.4473
            ],
            [
              -72.04828,
              41.45006
            ],
            [
              -72.0456,
              41.45877
            ],
            [
              -72.04264,
              41.46485
            ],
            [
              -72.04432,
              41.47163
            ],
            [
              -72.04335,
              41.47841
            ],
            [
              -72.04168,
              41.48341
            ],
            [
              -72.042,
              41.48456
            ],
            [
              -72.05008,
              41.48494
            ],
            [
              -72.05566,
              41.48328
            ],
            [
              -72.05842,
              41.4799
            ],
            [
              -72.05809,
              41.47359
            ],
            [
              -72.06492,
              41.4657
            ],
            [
              -72.07002,
              41.4636
            ],
            [
              -72.07212,
              41.4581
            ],
            [
              -72.08282,
              41.4489
            ],
            [
              -72.08552,
              41.4451
            ],
            [
              -72.08792,
              41.4394
            ],
            [
              -72.09242,
              41.4367
            ],
            [
              -72.09652,
              41.4302
            ]
          ]
        ]
      },
      "properties": {
        "geoid": "09011701200",
        "name": "Census Tract 7012",
        "town": "",
        "total": 1,
        "undefined": 1
      }
    },
    {
      "type": "Feature",
      "geometry": {
        "type": "Polygon",
        "coordinates": [
          [
            [
              -72.09306,
              41.37989
            ],
            [
              -72.09322,
              41.3771
            ],
            [
              -72.09162,
              41.3719
            ],
            [
              -72.08806,
              41.36379
            ],
            [
              -72.06755,
              41.36428
            ],
            [
              -72.07363,
              41.37473
            ],
            [
              -72.07899,
              41.38744
            ],
            [
              -72.08611,
              41.38801
            ],
            [
              -72.08677,
              41.385
            ],
            [
              -72.09292,
              41.387
            ],
            [
              -72.09306,
              41.37989
            ]
          ]
        ]
      },
      "properties": {
        "geoid": "09011702300",
        "name": "Census Tract 7023",
        "town": "",
        "total": 1,
        "undefined": 1
      }
    },
    {
      "type": "Feature",
      "geometry": {
        "type": "Polygon",
        "coordinates": [
          [
            [
              -72.08791,
              41.3638
            ],
            [
              -72.08612,
              41.3526
            ],
            [
              -72.08286,
              41.35253
            ],
            [
              -72.07781,
              41.34755
            ],
            [
              -72.07428,
              41.34712
            ],
            [
              -72.06443,
              41.34388
            ],
            [
              -72.06453,
              41.35327
            ],
            [
              -72.06531,
              41.35513
            ],
            [
              -72.06783,
              41.35806
            ],
            [
              -72.07119,
              41.36013
            ],
            [
              -72.07111,
              41.3616
            ],
            [
              -72.07413,
              41.36419
            ],
            [
              -72.08791,
              41.3638
            ]
          ]
        ]
      },
      "properties": {
        "geoid": "09011702400",
        "name": "Census Tract 7024",
        "town": "",
        "total": 1,
        "undefined": 1
      }
    },
    {
      "type": "Feature",
      "geometry": {
        "type": "Polygon",
        "coordinates": [
          [
            [
              -72.07442,
              41.36443
            ],
            [
              -72.07111,
              41.3616
            ],
            [
              -72.07119,
              41.36013
            ],
            [
              -72.06783,
              41.35806
            ],
            [
              -72.06531,
              41.35513
            ],
            [
              -72.06453,
              41.35327
            ],
            [
              -72.06443,
              41.34388
            ],
            [
              -72.0604,
              41.34102
            ],
            [
              -72.05815,
              41.33052
            ],
            [
              -72.05469,
              41.32678
            ],
            [
              -72.05472,
              41.3195
            ],
            [
              -72.04384,
              41.32128
            ],
            [
              -72.03523,
              41.32982
            ],
            [
              -72.036,
              41.33622
            ],
            [
              -72.0352,
              41.33879
            ],
            [
              -72.03601,
              41.34052
            ],
            [
              -72.03557,
              41.34151
            ],
            [
              -72.03811,
              41.34686
            ],
            [
              -72.038,
              41.3488
            ],
            [
              -72.03549,
              41.351
            ],
            [
              -72.0357,
              41.35345
            ],
            [
              -72.03732,
              41.35544
            ],
            [
              -72.03708,
              41.35646
            ],
            [
              -72.03989,
              41.35731
            ],
            [
              -72.04081,
              41.35982
            ],
            [
              -72.05097,
              41.35907
            ],
            [
              -72.06628,
              41.36405
            ],
            [
              -72.07442,
              41.36443
            ]
          ]
        ]
      },
      "properties": {
        "geoid": "09011702700",
        "name": "Census Tract 7027",
        "town": "",
        "total": 1,
        "undefined": 1
      }
    },
    {
      "type": "Feature",
      "geometry": {
        "type": "Polygon",
        "coordinates": [
          [
            [
              -71.88302,
              41.34634
            ],
            [
              -71.88213,
              41.32567
            ],
            [
              -71.87451,
              41.32187
            ],
            [
              -71.86654,
              41.31919
            ],
            [
              -71.85746,
              41.32079
            ],
            [
              -71.85192,
              41.32466
            ],
            [
              -71.84771,
              41.3296
            ],
            [
              -71.83728,
              41.33507
            ],
            [
              -71.82936,
              41.34243
            ],
            [
              -71.8313,
              41.35129
            ],
            [
              -71.83604,
              41.35399
            ],
            [
              -71.83787,
              41.36015
            ],
            [
              -71.83763,
              41.3655
            ],
            [
              -71.83184,
              41.37034
            ],
            [
              -71.83165,
              41.37223
            ],
            [
              -71.8327,
              41.37531
            ],
            [
              -71.83136,
              41.37775
            ],
            [
              -71.83798,
              41.37603
            ],
            [
              -71.84211,
              41.37649
            ],
            [
              -71.85474,
              41.37217
            ],
            [
              -71.86769,
              41.36485
            ],
            [
              -71.8768,
              41.361
            ],
            [
              -71.87641,
              41.36067
            ],
            [
              -71.87961,
              41.35783
            ],
            [
              -71.88233,
              41.35163
            ],
            [
              -71.88302,
              41.34634
            ]
          ]
        ]
      },
      "properties": {
        "geoid": "09011705101",
        "name": "Census Tract 7051.01",
        "town": "",
        "total": 2,
        "undefined": 2
      }
    },
    {
      "type": "Feature",
      "geometry": {
        "type": "Polygon",
        "coordinates": [
          [
            [
              -71.87557,
              41.38663
            ],
            [
              -71.87485,
              41.38581
            ],
            [
              -71.87514,
              41.38281
            ],
            [
              -71.87234,
              41.3798
            ],
            [
              -71.87281,
              41.37727
            ],
            [
              -71.86963,
              41.37105
            ],
            [
              -71.87327,
              41.36256
            ],
            [
              -71.86689,
              41.36525
            ],
            [
              -71.85474,
              41.37217
            ],
            [
              -71.84211,
              41.37649
            ],
            [
              -71.83671,
              41.37621
            ],
            [
              -71.83136,
              41.37775
            ],
            [
              -71.83067,
              41.37858
            ],
            [
              -71.83353,
              41.38226
            ],
            [
              -71.83265,
              41.38716
            ],
            [
              -71.83456,
              41.38918
            ],
            [
              -71.83875,
              41.39105
            ],
            [
              -71.84221,
              41.39538
            ],
            [
              -71.84107,
              41.39966
            ],
            [
              -71.84155,
              41.40305
            ],
            [
              -71.84359,
              41.40533
            ],
            [
              -71.84249,
              41.40871
            ],
            [
              -71.85551,
              41.41156
            ],
            [
              -71.8652,
              41.39861
            ],
            [
              -71.87327,
              41.39166
            ],
            [
              -71.87132,
              41.3904
            ],
            [
              -71.87557,
              41.38663
            ]
          ]
        ]
      },
      "properties": {
        "geoid": "09011705102",
        "name": "Census Tract 7051.02",
        "town": "",
        "total": 1,
        "undefined": 1
      }
    },
    {
      "type": "Feature",
      "geometry": {
        "type": "Polygon",
        "coordinates": [
          [
            [
              -71.93933,
              41.31421
            ],
            [
              -71.9398,
              41.30823
            ],
            [
              -71.92945,
              41.31039
            ],
            [
              -71.90726,
              41.30448
            ],
            [
              -71.90166,
              41.31268
            ],
            [
              -71.89207,
              41.33008
            ],
            [
              -71.88213,
              41.32567
            ],
            [
              -71.88303,
              41.34577
            ],
            [
              -71.88233,
              41.35163
            ],
            [
              -71.87848,
              41.35932
            ],
            [
              -71.87641,
              41.36067
            ],
            [
              -71.8768,
              41.361
            ],
            [
              -71.87327,
              41.36256
            ],
            [
              -71.86964,
              41.37099
            ],
            [
              -71.87281,
              41.37727
            ],
            [
              -71.87234,
              41.3798
            ],
            [
              -71.87514,
              41.38281
            ],
            [
              -71.87485,
              41.38581
            ],
            [
              -71.87558,
              41.38661
            ],
            [
              -71.87167,
              41.3898
            ],
            [
              -71.87158,
              41.39109
            ],
            [
              -71.87327,
              41.39166
            ],
            [
              -71.88032,
              41.38715
            ],
            [
              -71.89338,
              41.38346
            ],
            [
              -71.91233,
              41.37537
            ],
            [
              -71.93019,
              41.37207
            ],
            [
              -71.93239,
              41.37091
            ],
            [
              -71.93467,
              41.36715
            ],
            [
              -71.93593,
              41.36647
            ],
            [
              -71.93597,
              41.36547
            ],
            [
              -71.93453,
              41.36401
            ],
            [
              -71.934,
              41.36034
            ],
            [
              -71.93462,
              41.358
            ],
            [
              -71.9362,
              41.35789
            ],
            [
              -71.93762,
              41.3544
            ],
            [
              -71.93595,
              41.35261
            ],
            [
              -71.93572,
              41.35054
            ],
            [
              -71.93756,
              41.33812
            ],
            [
              -71.93933,
              41.31421
            ]
          ]
        ]
      },
      "properties": {
        "geoid": "09011705200",
        "name": "Census Tract 7052",
        "town": "",
        "total": 2,
        "undefined": 2
      }
    },
    {
      "type": "Feature",
      "geometry": {
        "type": "Polygon",
        "coordinates": [
          [
            [
              -71.88442,
              41.6412
            ],
            [
              -71.88322,
              41.6251
            ],
            [
              -71.86341,
              41.51493
            ],
            [
              -71.79316,
              41.5057
            ],
            [
              -71.78766,
              41.63992
            ],
            [
              -71.85792,
              41.64423
            ],
            [
              -71.88442,
              41.6412
            ]
          ]
        ]
      },
      "properties": {
        "geoid": "09011708100",
        "name": "Census Tract 7081",
        "town": "",
        "total": 1,
        "undefined": 1
      }
    },
    {
      "type": "Feature",
      "geometry": {
        "type": "Polygon",
        "coordinates": [
          [
            [
              -71.99155,
              41.60553
            ],
            [
              -71.99088,
              41.604
            ],
            [
              -71.98778,
              41.6032
            ],
            [
              -71.98457,
              41.59794
            ],
            [
              -71.98479,
              41.59232
            ],
            [
              -71.98681,
              41.58949
            ],
            [
              -71.97666,
              41.59066
            ],
            [
              -71.97195,
              41.59235
            ],
            [
              -71.95072,
              41.60555
            ],
            [
              -71.94833,
              41.60771
            ],
            [
              -71.94655,
              41.61099
            ],
            [
              -71.94399,
              41.62161
            ],
            [
              -71.93804,
              41.63169
            ],
            [
              -71.93655,
              41.63588
            ],
            [
              -71.95194,
              41.63433
            ],
            [
              -71.97525,
              41.63812
            ],
            [
              -71.97901,
              41.63144
            ],
            [
              -71.97901,
              41.6241
            ],
            [
              -71.98295,
              41.61848
            ],
            [
              -71.98276,
              41.61512
            ],
            [
              -71.98441,
              41.6101
            ],
            [
              -71.99155,
              41.60553
            ]
          ]
        ]
      },
      "properties": {
        "geoid": "09011709200",
        "name": "Census Tract 7092",
        "town": "",
        "total": 2,
        "undefined": 2
      }
    },
    {
      "type": "Feature",
      "geometry": {
        "type": "Polygon",
        "coordinates": [
          [
            [
              -72.11857,
              41.66164
            ],
            [
              -72.11977,
              41.66183
            ],
            [
              -72.11819,
              41.65364
            ],
            [
              -72.10412,
              41.6008
            ],
            [
              -72.06394,
              41.6083
            ],
            [
              -72.05534,
              41.60464
            ],
            [
              -72.04786,
              41.59482
            ],
            [
              -72.04661,
              41.59574
            ],
            [
              -72.04359,
              41.60093
            ],
            [
              -72.03793,
              41.60644
            ],
            [
              -72.03544,
              41.61158
            ],
            [
              -72.03778,
              41.61881
            ],
            [
              -72.04023,
              41.62336
            ],
            [
              -72.04062,
              41.62837
            ],
            [
              -72.04027,
              41.6293
            ],
            [
              -72.0323,
              41.63503
            ],
            [
              -72.03202,
              41.6419
            ],
            [
              -72.03057,
              41.64474
            ],
            [
              -72.03122,
              41.64724
            ],
            [
              -72.11857,
              41.66164
            ]
          ]
        ]
      },
      "properties": {
        "geoid": "09011711100",
        "name": "Census Tract 7111",
        "town": "",
        "total": 1,
        "undefined": 1
      }
    },
    {
      "type": "Feature",
      "geometry": {
        "type": "Polygon",
        "coordinates": [
          [
            [
              -72.38415,
              41.58865
            ],
            [
              -72.38162,
              41.58671
            ],
            [
              -72.37749,
              41.5859
            ],
            [
              -72.37817,
              41.58389
            ],
            [
              -72.36251,
              41.58293
            ],
            [
              -72.35898,
              41.58207
            ],
            [
              -72.34764,
              41.57505
            ],
            [
              -72.33825,
              41.57035
            ],
            [
              -72.34135,
              41.56853
            ],
            [
              -72.34111,
              41.56694
            ],
            [
              -72.33719,
              41.5603
            ],
            [
              -72.33218,
              41.56143
            ],
            [
              -72.32871,
              41.55941
            ],
            [
              -72.32662,
              41.56073
            ],
            [
              -72.32597,
              41.56009
            ],
            [
              -72.32559,
              41.56131
            ],
            [
              -72.3226,
              41.55844
            ],
            [
              -72.32,
              41.56019
            ],
            [
              -72.31596,
              41.5614
            ],
            [
              -72.31319,
              41.56403
            ],
            [
              -72.30636,
              41.56815
            ],
            [
              -72.31157,
              41.56962
            ],
            [
              -72.31227,
              41.57117
            ],
            [
              -72.31373,
              41.57111
            ],
            [
              -72.31488,
              41.57274
            ],
            [
              -72.31827,
              41.57269
            ],
            [
              -72.3161,
              41.57505
            ],
            [
              -72.31793,
              41.57551
            ],
            [
              -72.32275,
              41.57946
            ],
            [
              -72.3262,
              41.58003
            ],
            [
              -72.32804,
              41.57883
            ],
            [
              -72.33193,
              41.58146
            ],
            [
              -72.33212,
              41.58289
            ],
            [
              -72.33612,
              41.58734
            ],
            [
              -72.33421,
              41.59113
            ],
            [
              -72.3364,
              41.59417
            ],
            [
              -72.33602,
              41.59486
            ],
            [
              -72.33695,
              41.5966
            ],
            [
              -72.33858,
              41.59705
            ],
            [
              -72.3408,
              41.59616
            ],
            [
              -72.34335,
              41.59932
            ],
            [
              -72.35244,
              41.59904
            ],
            [
              -72.35621,
              41.59755
            ],
            [
              -72.35927,
              41.59847
            ],
            [
              -72.36249,
              41.60119
            ],
            [
              -72.36372,
              41.60116
            ],
            [
              -72.36522,
              41.59978
            ],
            [
              -72.36782,
              41.6002
            ],
            [
              -72.3711,
              41.59947
            ],
            [
              -72.37521,
              41.6014
            ],
            [
              -72.37761,
              41.59624
            ],
            [
              -72.38079,
              41.59535
            ],
            [
              -72.38106,
              41.59416
            ],
            [
              -72.38223,
              41.59362
            ],
            [
              -72.38237,
              41.59207
            ],
            [
              -72.38396,
              41.59055
            ],
            [
              -72.38347,
              41.59025
            ],
            [
              -72.38415,
              41.58865
            ]
          ]
        ]
      },
      "properties": {
        "geoid": "09011714101",
        "name": "Census Tract 7141.01",
        "town": "",
        "total": 1,
        "undefined": 1
      }
    },
    {
      "type": "Feature",
      "geometry": {
        "type": "Polygon",
        "coordinates": [
          [
            [
              -72.34335,
              41.59932
            ],
            [
              -72.3408,
              41.59616
            ],
            [
              -72.33858,
              41.59705
            ],
            [
              -72.33695,
              41.5966
            ],
            [
              -72.33602,
              41.59486
            ],
            [
              -72.3364,
              41.59417
            ],
            [
              -72.33421,
              41.59113
            ],
            [
              -72.33612,
              41.58734
            ],
            [
              -72.33212,
              41.58289
            ],
            [
              -72.33193,
              41.58146
            ],
            [
              -72.32804,
              41.57883
            ],
            [
              -72.3262,
              41.58003
            ],
            [
              -72.32275,
              41.57946
            ],
            [
              -72.31793,
              41.57551
            ],
            [
              -72.3161,
              41.57505
            ],
            [
              -72.31827,
              41.57269
            ],
            [
              -72.31488,
              41.57274
            ],
            [
              -72.31373,
              41.57111
            ],
            [
              -72.31227,
              41.57117
            ],
            [
              -72.31157,
              41.56962
            ],
            [
              -72.30636,
              41.56815
            ],
            [
              -72.31319,
              41.56403
            ],
            [
              -72.31596,
              41.5614
            ],
            [
              -72.32202,
              41.55889
            ],
            [
              -72.30377,
              41.52131
            ],
            [
              -72.21911,
              41.53882
            ],
            [
              -72.22909,
              41.54728
            ],
            [
              -72.24741,
              41.56037
            ],
            [
              -72.26196,
              41.574
            ],
            [
              -72.3095,
              41.61151
            ],
            [
              -72.31313,
              41.60952
            ],
            [
              -72.32451,
              41.61857
            ],
            [
              -72.32809,
              41.60547
            ],
            [
              -72.34335,
              41.59932
            ]
          ]
        ]
      },
      "properties": {
        "geoid": "09011714104",
        "name": "Census Tract 7141.04",
        "town": "",
        "total": 1,
        "undefined": 1
      }
    },
    {
      "type": "Feature",
      "geometry": {
        "type": "Polygon",
        "coordinates": [
          [
            [
              -72.32293,
              41.51812
            ],
            [
              -72.31525,
              41.47809
            ],
            [
              -72.31254,
              41.47841
            ],
            [
              -72.30487,
              41.43273
            ],
            [
              -72.28658,
              41.43907
            ],
            [
              -72.24202,
              41.4432
            ],
            [
              -72.22152,
              41.4463
            ],
            [
              -72.22246,
              41.45649
            ],
            [
              -72.21269,
              41.45745
            ],
            [
              -72.21681,
              41.48134
            ],
            [
              -72.21815,
              41.50036
            ],
            [
              -72.22444,
              41.50974
            ],
            [
              -72.22628,
              41.51331
            ],
            [
              -72.22762,
              41.5187
            ],
            [
              -72.22592,
              41.52659
            ],
            [
              -72.21911,
              41.53882
            ],
            [
              -72.31367,
              41.51929
            ],
            [
              -72.32293,
              41.51812
            ]
          ]
        ]
      },
      "properties": {
        "geoid": "09011715100",
        "name": "Census Tract 7151",
        "town": "",
        "total": 1,
        "undefined": 1
      }
    },
    {
      "type": "Feature",
      "geometry": {
        "type": "Polygon",
        "coordinates": [
          [
            [
              -72.08063,
              41.39455
            ],
            [
              -72.08006,
              41.39038
            ],
            [
              -72.07643,
              41.38056
            ],
            [
              -72.06755,
              41.36428
            ],
            [
              -72.05123,
              41.35911
            ],
            [
              -72.04081,
              41.35982
            ],
            [
              -72.04307,
              41.36348
            ],
            [
              -72.04265,
              41.36546
            ],
            [
              -72.03825,
              41.36899
            ],
            [
              -72.03814,
              41.37086
            ],
            [
              -72.04244,
              41.37339
            ],
            [
              -72.0436,
              41.37502
            ],
            [
              -72.04306,
              41.37579
            ],
            [
              -72.04516,
              41.37705
            ],
            [
              -72.04546,
              41.37858
            ],
            [
              -72.04273,
              41.37996
            ],
            [
              -72.04303,
              41.38058
            ],
            [
              -72.04189,
              41.3817
            ],
            [
              -72.04217,
              41.38349
            ],
            [
              -72.04149,
              41.3845
            ],
            [
              -72.0426,
              41.38635
            ],
            [
              -72.04204,
              41.38921
            ],
            [
              -72.03823,
              41.3913
            ],
            [
              -72.03641,
              41.39474
            ],
            [
              -72.03476,
              41.39515
            ],
            [
              -72.03699,
              41.39944
            ],
            [
              -72.08049,
              41.40019
            ],
            [
              -72.08063,
              41.39455
            ]
          ]
        ]
      },
      "properties": {
        "geoid": "09011870200",
        "name": "Census Tract 8702",
        "town": "",
        "total": 1,
        "undefined": 1
      }
    },
    {
      "type": "Feature",
      "geometry": {
        "type": "Polygon",
        "coordinates": [
          [
            [
              -72.42084,
              41.64805
            ],
            [
              -72.41385,
              41.63692
            ],
            [
              -72.41372,
              41.63472
            ],
            [
              -72.40922,
              41.63075
            ],
            [
              -72.40787,
              41.62522
            ],
            [
              -72.40951,
              41.62005
            ],
            [
              -72.40948,
              41.60859
            ],
            [
              -72.41037,
              41.60258
            ],
            [
              -72.40848,
              41.60232
            ],
            [
              -72.40606,
              41.59879
            ],
            [
              -72.40127,
              41.59563
            ],
            [
              -72.39748,
              41.59483
            ],
            [
              -72.38415,
              41.58865
            ],
            [
              -72.38347,
              41.59025
            ],
            [
              -72.38396,
              41.59055
            ],
            [
              -72.38237,
              41.59207
            ],
            [
              -72.38223,
              41.59362
            ],
            [
              -72.38106,
              41.59416
            ],
            [
              -72.38079,
              41.59535
            ],
            [
              -72.37761,
              41.59624
            ],
            [
              -72.37521,
              41.6014
            ],
            [
              -72.3711,
              41.59947
            ],
            [
              -72.36782,
              41.6002
            ],
            [
              -72.36522,
              41.59978
            ],
            [
              -72.36372,
              41.60116
            ],
            [
              -72.36249,
              41.60119
            ],
            [
              -72.35927,
              41.59847
            ],
            [
              -72.35621,
              41.59755
            ],
            [
              -72.35244,
              41.59904
            ],
            [
              -72.34354,
              41.59925
            ],
            [
              -72.32809,
              41.60547
            ],
            [
              -72.32451,
              41.61857
            ],
            [
              -72.34401,
              41.66871
            ],
            [
              -72.34619,
              41.66535
            ],
            [
              -72.3517,
              41.66158
            ],
            [
              -72.36573,
              41.65812
            ],
            [
              -72.37855,
              41.65734
            ],
            [
              -72.38918,
              41.65198
            ],
            [
              -72.39624,
              41.65047
            ],
            [
              -72.40275,
              41.64729
            ],
            [
              -72.42084,
              41.64805
            ]
          ]
        ]
      },
      "properties": {
        "geoid": "09013526101",
        "name": "Census Tract 5261.01",
        "town": "",
        "total": 1,
        "undefined": 1
      }
    },
    {
      "type": "Feature",
      "geometry": {
        "type": "Polygon",
        "coordinates": [
          [
            [
              -72.46013,
              41.7273
            ],
            [
              -72.44813,
              41.6719
            ],
            [
              -72.42943,
              41.6623
            ],
            [
              -72.42084,
              41.64805
            ],
            [
              -72.40275,
              41.64729
            ],
            [
              -72.39624,
              41.65047
            ],
            [
              -72.38918,
              41.65198
            ],
            [
              -72.37855,
              41.65734
            ],
            [
              -72.36573,
              41.65812
            ],
            [
              -72.3517,
              41.66158
            ],
            [
              -72.34655,
              41.66504
            ],
            [
              -72.34451,
              41.66759
            ],
            [
              -72.34401,
              41.66871
            ],
            [
              -72.35153,
              41.68717
            ],
            [
              -72.35637,
              41.70151
            ],
            [
              -72.39875,
              41.69691
            ],
            [
              -72.41911,
              41.7251
            ],
            [
              -72.42282,
              41.73196
            ],
            [
              -72.46013,
              41.7273
            ]
          ]
        ]
      },
      "properties": {
        "geoid": "09013526102",
        "name": "Census Tract 5261.02",
        "town": "",
        "total": 1,
        "undefined": 1
      }
    },
    {
      "type": "Feature",
      "geometry": {
        "type": "Polygon",
        "coordinates": [
          [
            [
              -72.45082,
              41.8717
            ],
            [
              -72.45011,
              41.87003
            ],
            [
              -72.44386,
              41.86886
            ],
            [
              -72.44209,
              41.86736
            ],
            [
              -72.44174,
              41.86542
            ],
            [
              -72.43933,
              41.86358
            ],
            [
              -72.44158,
              41.86185
            ],
            [
              -72.44335,
              41.86169
            ],
            [
              -72.44258,
              41.85704
            ],
            [
              -72.43585,
              41.85767
            ],
            [
              -72.43241,
              41.85945
            ],
            [
              -72.4294,
              41.85474
            ],
            [
              -72.42521,
              41.85527
            ],
            [
              -72.42802,
              41.8746
            ],
            [
              -72.45082,
              41.8717
            ]
          ]
        ]
      },
      "properties": {
        "geoid": "09013530100",
        "name": "Census Tract 5301",
        "town": "",
        "total": 1,
        "undefined": 1
      }
    },
    {
      "type": "Feature",
      "geometry": {
        "type": "Polygon",
        "coordinates": [
          [
            [
              -72.46732,
              41.85877
            ],
            [
              -72.46626,
              41.85409
            ],
            [
              -72.46053,
              41.85593
            ],
            [
              -72.4497,
              41.85521
            ],
            [
              -72.44258,
              41.85704
            ],
            [
              -72.44335,
              41.86169
            ],
            [
              -72.44158,
              41.86185
            ],
            [
              -72.43933,
              41.86358
            ],
            [
              -72.44174,
              41.86542
            ],
            [
              -72.44209,
              41.86736
            ],
            [
              -72.44386,
              41.86886
            ],
            [
              -72.45011,
              41.87003
            ],
            [
              -72.45082,
              41.8717
            ],
            [
              -72.4644,
              41.86996
            ],
            [
              -72.46476,
              41.86618
            ],
            [
              -72.46732,
              41.85877
            ]
          ]
        ]
      },
      "properties": {
        "geoid": "09013530200",
        "name": "Census Tract 5302",
        "town": "",
        "total": 1,
        "undefined": 1
      }
    },
    {
      "type": "Feature",
      "geometry": {
        "type": "Polygon",
        "coordinates": [
          [
            [
              -72.49916,
              41.85088
            ],
            [
              -72.49927,
              41.85027
            ],
            [
              -72.49277,
              41.85106
            ],
            [
              -72.48789,
              41.85033
            ],
            [
              -72.48288,
              41.85067
            ],
            [
              -72.47849,
              41.8519
            ],
            [
              -72.47448,
              41.85436
            ],
            [
              -72.46678,
              41.85629
            ],
            [
              -72.46729,
              41.85908
            ],
            [
              -72.46476,
              41.86618
            ],
            [
              -72.4644,
              41.86996
            ],
            [
              -72.49554,
              41.86599
            ],
            [
              -72.49916,
              41.85088
            ]
          ]
        ]
      },
      "properties": {
        "geoid": "09013530301",
        "name": "Census Tract 5303.01",
        "town": "",
        "total": 1,
        "undefined": 1
      }
    },
    {
      "type": "Feature",
      "geometry": {
        "type": "Polygon",
        "coordinates": [
          [
            [
              -72.50523,
              41.8214
            ],
            [
              -72.50112,
              41.82314
            ],
            [
              -72.47185,
              41.83043
            ],
            [
              -72.46672,
              41.8325
            ],
            [
              -72.46765,
              41.8355
            ],
            [
              -72.46723,
              41.83705
            ],
            [
              -72.46475,
              41.8395
            ],
            [
              -72.46427,
              41.84291
            ],
            [
              -72.46712,
              41.84976
            ],
            [
              -72.46627,
              41.85391
            ],
            [
              -72.46678,
              41.85629
            ],
            [
              -72.47448,
              41.85436
            ],
            [
              -72.47849,
              41.8519
            ],
            [
              -72.4828,
              41.85069
            ],
            [
              -72.48789,
              41.85033
            ],
            [
              -72.49277,
              41.85106
            ],
            [
              -72.49927,
              41.85027
            ],
            [
              -72.50523,
              41.8214
            ]
          ]
        ]
      },
      "properties": {
        "geoid": "09013530302",
        "name": "Census Tract 5303.02",
        "town": "",
        "total": 1,
        "undefined": 1
      }
    },
    {
      "type": "Feature",
      "geometry": {
        "type": "Polygon",
        "coordinates": [
          [
            [
              -72.47338,
              41.79842
            ],
            [
              -72.41889,
              41.80656
            ],
            [
              -72.42521,
              41.85527
            ],
            [
              -72.43213,
              41.85369
            ],
            [
              -72.4451,
              41.84388
            ],
            [
              -72.46672,
              41.8325
            ],
            [
              -72.46201,
              41.82304
            ],
            [
              -72.46385,
              41.8194
            ],
            [
              -72.46407,
              41.81696
            ],
            [
              -72.46624,
              41.8143
            ],
            [
              -72.46947,
              41.81226
            ],
            [
              -72.46923,
              41.81075
            ],
            [
              -72.4703,
              41.80831
            ],
            [
              -72.46991,
              41.80471
            ],
            [
              -72.47338,
              41.79842
            ]
          ]
        ]
      },
      "properties": {
        "geoid": "09013530600",
        "name": "Census Tract 5306",
        "town": "",
        "total": 2,
        "undefined": 2
      }
    },
    {
      "type": "Feature",
      "geometry": {
        "type": "Polygon",
        "coordinates": [
          [
            [
              -72.39185,
              41.89844
            ],
            [
              -72.39024,
              41.89452
            ],
            [
              -72.38652,
              41.88938
            ],
            [
              -72.38707,
              41.88451
            ],
            [
              -72.38219,
              41.88143
            ],
            [
              -72.38047,
              41.87789
            ],
            [
              -72.37727,
              41.87605
            ],
            [
              -72.37081,
              41.87581
            ],
            [
              -72.37072,
              41.87516
            ],
            [
              -72.36483,
              41.87591
            ],
            [
              -72.36358,
              41.87307
            ],
            [
              -72.35953,
              41.87238
            ],
            [
              -72.35537,
              41.8701
            ],
            [
              -72.35505,
              41.86779
            ],
            [
              -72.35642,
              41.8661
            ],
            [
              -72.30296,
              41.8905
            ],
            [
              -72.30206,
              41.89224
            ],
            [
              -72.29922,
              41.89399
            ],
            [
              -72.29304,
              41.89559
            ],
            [
              -72.29087,
              41.89733
            ],
            [
              -72.29268,
              41.90052
            ],
            [
              -72.29083,
              41.90498
            ],
            [
              -72.29139,
              41.9066
            ],
            [
              -72.29335,
              41.90716
            ],
            [
              -72.29406,
              41.90922
            ],
            [
              -72.29682,
              41.91109
            ],
            [
              -72.29756,
              41.91646
            ],
            [
              -72.2988,
              41.9191
            ],
            [
              -72.30172,
              41.92055
            ],
            [
              -72.3052,
              41.92421
            ],
            [
              -72.30517,
              41.92527
            ],
            [
              -72.30665,
              41.92663
            ],
            [
              -72.3069,
              41.92963
            ],
            [
              -72.37793,
              41.92124
            ],
            [
              -72.37901,
              41.91628
            ],
            [
              -72.38548,
              41.90793
            ],
            [
              -72.38689,
              41.9028
            ],
            [
              -72.38872,
              41.89971
            ],
            [
              -72.39185,
              41.89844
            ]
          ]
        ]
      },
      "properties": {
        "geoid": "09013533104",
        "name": "Census Tract 5331.04",
        "town": "",
        "total": 1,
        "undefined": 1
      }
    },
    {
      "type": "Feature",
      "geometry": {
        "type": "Polygon",
        "coordinates": [
          [
            [
              -72.42153,
              41.8255
            ],
            [
              -72.419,
              41.80697
            ],
            [
              -72.41025,
              41.76551
            ],
            [
              -72.38092,
              41.76386
            ],
            [
              -72.35488,
              41.76713
            ],
            [
              -72.35389,
              41.7685
            ],
            [
              -72.35975,
              41.76985
            ],
            [
              -72.36128,
              41.7714
            ],
            [
              -72.36709,
              41.77242
            ],
            [
              -72.36612,
              41.77354
            ],
            [
              -72.3604,
              41.77378
            ],
            [
              -72.36035,
              41.77571
            ],
            [
              -72.35879,
              41.77717
            ],
            [
              -72.35697,
              41.77703
            ],
            [
              -72.35527,
              41.77827
            ],
            [
              -72.35607,
              41.77929
            ],
            [
              -72.35566,
              41.78216
            ],
            [
              -72.35624,
              41.78326
            ],
            [
              -72.35538,
              41.78448
            ],
            [
              -72.35704,
              41.78521
            ],
            [
              -72.35685,
              41.78684
            ],
            [
              -72.35599,
              41.78794
            ],
            [
              -72.35383,
              41.78838
            ],
            [
              -72.35516,
              41.79303
            ],
            [
              -72.3545,
              41.79408
            ],
            [
              -72.35227,
              41.7944
            ],
            [
              -72.35044,
              41.79642
            ],
            [
              -72.35049,
              41.79941
            ],
            [
              -72.34408,
              41.79945
            ],
            [
              -72.33359,
              41.79782
            ],
            [
              -72.3239,
              41.79816
            ],
            [
              -72.31157,
              41.79947
            ],
            [
              -72.30945,
              41.80155
            ],
            [
              -72.31022,
              41.80293
            ],
            [
              -72.31595,
              41.80538
            ],
            [
              -72.31672,
              41.80822
            ],
            [
              -72.31532,
              41.80929
            ],
            [
              -72.31488,
              41.81258
            ],
            [
              -72.31668,
              41.8145
            ],
            [
              -72.31678,
              41.81636
            ],
            [
              -72.31382,
              41.81852
            ],
            [
              -72.31307,
              41.82043
            ],
            [
              -72.314,
              41.82246
            ],
            [
              -72.31282,
              41.82695
            ],
            [
              -72.31405,
              41.82826
            ],
            [
              -72.31307,
              41.82941
            ],
            [
              -72.31069,
              41.82958
            ],
            [
              -72.30841,
              41.83291
            ],
            [
              -72.31018,
              41.83492
            ],
            [
              -72.30974,
              41.83777
            ],
            [
              -72.37608,
              41.82996
            ],
            [
              -72.42153,
              41.8255
            ]
          ]
        ]
      },
      "properties": {
        "geoid": "09013850100",
        "name": "Census Tract 8501",
        "town": "",
        "total": 2,
        "undefined": 2
      }
    },
    {
      "type": "Feature",
      "geometry": {
        "type": "Polygon",
        "coordinates": [
          [
            [
              -72.35648,
              41.7015
            ],
            [
              -72.35153,
              41.68717
            ],
            [
              -72.33423,
              41.6436
            ],
            [
              -72.30364,
              41.65398
            ],
            [
              -72.27867,
              41.67198
            ],
            [
              -72.26842,
              41.67114
            ],
            [
              -72.26702,
              41.6746
            ],
            [
              -72.26747,
              41.67591
            ],
            [
              -72.26614,
              41.67727
            ],
            [
              -72.26739,
              41.67817
            ],
            [
              -72.26939,
              41.68571
            ],
            [
              -72.27475,
              41.69061
            ],
            [
              -72.27431,
              41.69261
            ],
            [
              -72.27332,
              41.69286
            ],
            [
              -72.27012,
              41.69133
            ],
            [
              -72.26819,
              41.69277
            ],
            [
              -72.2665,
              41.69067
            ],
            [
              -72.26394,
              41.69183
            ],
            [
              -72.26352,
              41.69334
            ],
            [
              -72.26128,
              41.69535
            ],
            [
              -72.26168,
              41.69606
            ],
            [
              -72.26088,
              41.69668
            ],
            [
              -72.26073,
              41.69864
            ],
            [
              -72.25842,
              41.69844
            ],
            [
              -72.25772,
              41.69979
            ],
            [
              -72.25537,
              41.70049
            ],
            [
              -72.25384,
              41.70043
            ],
            [
              -72.25201,
              41.69908
            ],
            [
              -72.25017,
              41.69933
            ],
            [
              -72.25144,
              41.70148
            ],
            [
              -72.25125,
              41.70332
            ],
            [
              -72.24598,
              41.70372
            ],
            [
              -72.24402,
              41.70573
            ],
            [
              -72.24423,
              41.70673
            ],
            [
              -72.24721,
              41.70687
            ],
            [
              -72.24781,
              41.70798
            ],
            [
              -72.24759,
              41.70882
            ],
            [
              -72.24657,
              41.70827
            ],
            [
              -72.2457,
              41.71095
            ],
            [
              -72.24462,
              41.71079
            ],
            [
              -72.24466,
              41.71177
            ],
            [
              -72.24329,
              41.71212
            ],
            [
              -72.24497,
              41.71388
            ],
            [
              -72.24286,
              41.71409
            ],
            [
              -72.24266,
              41.71307
            ],
            [
              -72.23956,
              41.71419
            ],
            [
              -72.24425,
              41.71692
            ],
            [
              -72.2466,
              41.7229
            ],
            [
              -72.2483,
              41.72179
            ],
            [
              -72.24809,
              41.72303
            ],
            [
              -72.24918,
              41.72319
            ],
            [
              -72.25245,
              41.7222
            ],
            [
              -72.25335,
              41.72099
            ],
            [
              -72.25884,
              41.7223
            ],
            [
              -72.26331,
              41.71804
            ],
            [
              -72.26538,
              41.71762
            ],
            [
              -72.26833,
              41.71995
            ],
            [
              -72.27167,
              41.72098
            ],
            [
              -72.27618,
              41.72034
            ],
            [
              -72.27692,
              41.72096
            ],
            [
              -72.27551,
              41.72173
            ],
            [
              -72.27807,
              41.72401
            ],
            [
              -72.27843,
              41.72287
            ],
            [
              -72.27919,
              41.7237
            ],
            [
              -72.2822,
              41.72193
            ],
            [
              -72.28254,
              41.72312
            ],
            [
              -72.28438,
              41.72248
            ],
            [
              -72.28484,
              41.72388
            ],
            [
              -72.28363,
              41.72391
            ],
            [
              -72.28476,
              41.72511
            ],
            [
              -72.29461,
              41.72499
            ],
            [
              -72.29742,
              41.72627
            ],
            [
              -72.30029,
              41.72521
            ],
            [
              -72.3025,
              41.72767
            ],
            [
              -72.30698,
              41.72904
            ],
            [
              -72.311,
              41.7316
            ],
            [
              -72.31349,
              41.731
            ],
            [
              -72.3166,
              41.73197
            ],
            [
              -72.31734,
              41.73134
            ],
            [
              -72.32061,
              41.73224
            ],
            [
              -72.32194,
              41.73385
            ],
            [
              -72.32713,
              41.73448
            ],
            [
              -72.32856,
              41.73638
            ],
            [
              -72.32769,
              41.73802
            ],
            [
              -72.32887,
              41.73882
            ],
            [
              -72.33034,
              41.7362
            ],
            [
              -72.35072,
              41.71188
            ],
            [
              -72.35648,
              41.7015
            ]
          ]
        ]
      },
      "properties": {
        "geoid": "09013860100",
        "name": "Census Tract 8601",
        "town": "",
        "total": 1,
        "undefined": 1
      }
    },
    {
      "type": "Feature",
      "geometry": {
        "type": "Polygon",
        "coordinates": [
          [
            [
              -72.25856,
              41.83374
            ],
            [
              -72.25743,
              41.82922
            ],
            [
              -72.25564,
              41.82646
            ],
            [
              -72.25694,
              41.82341
            ],
            [
              -72.25476,
              41.81742
            ],
            [
              -72.24836,
              41.82088
            ],
            [
              -72.24655,
              41.82058
            ],
            [
              -72.24273,
              41.81562
            ],
            [
              -72.24377,
              41.81371
            ],
            [
              -72.24832,
              41.81095
            ],
            [
              -72.24584,
              41.81037
            ],
            [
              -72.24673,
              41.80913
            ],
            [
              -72.24192,
              41.80833
            ],
            [
              -72.24118,
              41.80668
            ],
            [
              -72.24384,
              41.8045
            ],
            [
              -72.23875,
              41.79925
            ],
            [
              -72.2356,
              41.7945
            ],
            [
              -72.2239,
              41.787
            ],
            [
              -72.22646,
              41.78392
            ],
            [
              -72.22861,
              41.78328
            ],
            [
              -72.23411,
              41.77907
            ],
            [
              -72.23219,
              41.77721
            ],
            [
              -72.22871,
              41.77572
            ],
            [
              -72.23034,
              41.77199
            ],
            [
              -72.23503,
              41.76741
            ],
            [
              -72.23375,
              41.76589
            ],
            [
              -72.2292,
              41.76578
            ],
            [
              -72.22653,
              41.76434
            ],
            [
              -72.2266,
              41.76353
            ],
            [
              -72.22303,
              41.76065
            ],
            [
              -72.22028,
              41.76038
            ],
            [
              -72.21927,
              41.75908
            ],
            [
              -72.21987,
              41.75793
            ],
            [
              -72.21748,
              41.75767
            ],
            [
              -72.21585,
              41.75558
            ],
            [
              -72.21237,
              41.75481
            ],
            [
              -72.20995,
              41.75059
            ],
            [
              -72.20975,
              41.74845
            ],
            [
              -72.20384,
              41.74448
            ],
            [
              -72.20383,
              41.74334
            ],
            [
              -72.20473,
              41.74284
            ],
            [
              -72.19629,
              41.74518
            ],
            [
              -72.19258,
              41.74457
            ],
            [
              -72.19033,
              41.74607
            ],
            [
              -72.18877,
              41.74763
            ],
            [
              -72.18925,
              41.7504
            ],
            [
              -72.18573,
              41.75191
            ],
            [
              -72.18815,
              41.75434
            ],
            [
              -72.18611,
              41.7556
            ],
            [
              -72.18227,
              41.75621
            ],
            [
              -72.17787,
              41.75537
            ],
            [
              -72.17748,
              41.75387
            ],
            [
              -72.17831,
              41.75309
            ],
            [
              -72.17604,
              41.75144
            ],
            [
              -72.17639,
              41.74998
            ],
            [
              -72.17476,
              41.75016
            ],
            [
              -72.17413,
              41.75118
            ],
            [
              -72.17165,
              41.74847
            ],
            [
              -72.16812,
              41.75232
            ],
            [
              -72.16607,
              41.75196
            ],
            [
              -72.16531,
              41.75033
            ],
            [
              -72.16342,
              41.74974
            ],
            [
              -72.16051,
              41.75021
            ],
            [
              -72.15753,
              41.75191
            ],
            [
              -72.15632,
              41.75349
            ],
            [
              -72.1645,
              41.83491
            ],
            [
              -72.25829,
              41.83584
            ],
            [
              -72.25856,
              41.83374
            ]
          ]
        ]
      },
      "properties": {
        "geoid": "09013881100",
        "name": "Census Tract 8811",
        "town": "",
        "total": 3,
        "undefined": 3
      }
    },
    {
      "type": "Feature",
      "geometry": {
        "type": "Polygon",
        "coordinates": [
          [
            [
              -72.31678,
              41.81636
            ],
            [
              -72.31668,
              41.8145
            ],
            [
              -72.31488,
              41.81258
            ],
            [
              -72.31532,
              41.80929
            ],
            [
              -72.31672,
              41.80822
            ],
            [
              -72.31595,
              41.80538
            ],
            [
              -72.30952,
              41.80212
            ],
            [
              -72.30977,
              41.80062
            ],
            [
              -72.3126,
              41.79937
            ],
            [
              -72.31283,
              41.79831
            ],
            [
              -72.30592,
              41.79539
            ],
            [
              -72.30272,
              41.79746
            ],
            [
              -72.29964,
              41.79712
            ],
            [
              -72.29599,
              41.79501
            ],
            [
              -72.29156,
              41.79533
            ],
            [
              -72.28097,
              41.78475
            ],
            [
              -72.28055,
              41.77946
            ],
            [
              -72.27732,
              41.77778
            ],
            [
              -72.2726,
              41.78097
            ],
            [
              -72.27001,
              41.78409
            ],
            [
              -72.26087,
              41.78189
            ],
            [
              -72.26121,
              41.78665
            ],
            [
              -72.26036,
              41.7877
            ],
            [
              -72.26242,
              41.7912
            ],
            [
              -72.26409,
              41.79235
            ],
            [
              -72.25945,
              41.79461
            ],
            [
              -72.2557,
              41.79495
            ],
            [
              -72.25994,
              41.79731
            ],
            [
              -72.26095,
              41.7994
            ],
            [
              -72.25597,
              41.7996
            ],
            [
              -72.25532,
              41.80021
            ],
            [
              -72.25576,
              41.80276
            ],
            [
              -72.25811,
              41.80288
            ],
            [
              -72.25974,
              41.80581
            ],
            [
              -72.25811,
              41.80824
            ],
            [
              -72.26013,
              41.81144
            ],
            [
              -72.25835,
              41.81118
            ],
            [
              -72.25888,
              41.8121
            ],
            [
              -72.2583,
              41.81251
            ],
            [
              -72.25635,
              41.81077
            ],
            [
              -72.24965,
              41.81156
            ],
            [
              -72.25218,
              41.81356
            ],
            [
              -72.2533,
              41.81297
            ],
            [
              -72.25563,
              41.81453
            ],
            [
              -72.25729,
              41.81688
            ],
            [
              -72.26238,
              41.81701
            ],
            [
              -72.25529,
              41.81894
            ],
            [
              -72.25694,
              41.82341
            ],
            [
              -72.25564,
              41.82646
            ],
            [
              -72.25743,
              41.82922
            ],
            [
              -72.25855,
              41.83356
            ],
            [
              -72.25829,
              41.83584
            ],
            [
              -72.31015,
              41.83606
            ],
            [
              -72.31018,
              41.83492
            ],
            [
              -72.30841,
              41.83291
            ],
            [
              -72.31069,
              41.82958
            ],
            [
              -72.31307,
              41.82941
            ],
            [
              -72.31405,
              41.82826
            ],
            [
              -72.31282,
              41.82695
            ],
            [
              -72.314,
              41.82246
            ],
            [
              -72.31307,
              41.82043
            ],
            [
              -72.31382,
              41.81852
            ],
            [
              -72.31678,
              41.81636
            ]
          ]
        ]
      },
      "properties": {
        "geoid": "09013881300",
        "name": "Census Tract 8813",
        "town": "",
        "total": 2,
        "undefined": 2
      }
    },
    {
      "type": "Feature",
      "geometry": {
        "type": "Polygon",
        "coordinates": [
          [
            [
              -72.2532,
              41.7258
            ],
            [
              -72.25201,
              41.72424
            ],
            [
              -72.24952,
              41.72447
            ],
            [
              -72.24709,
              41.72349
            ],
            [
              -72.24425,
              41.71692
            ],
            [
              -72.23765,
              41.713
            ],
            [
              -72.23472,
              41.71317
            ],
            [
              -72.22936,
              41.71125
            ],
            [
              -72.22004,
              41.71159
            ],
            [
              -72.21746,
              41.7129
            ],
            [
              -72.21578,
              41.71819
            ],
            [
              -72.21644,
              41.72804
            ],
            [
              -72.25264,
              41.7282
            ],
            [
              -72.252,
              41.72715
            ],
            [
              -72.2532,
              41.7258
            ]
          ]
        ]
      },
      "properties": {
        "geoid": "09015800300",
        "name": "Census Tract 8003",
        "town": "",
        "total": 2,
        "undefined": 2
      }
    },
    {
      "type": "Feature",
      "geometry": {
        "type": "Polygon",
        "coordinates": [
          [
            [
              -72.19988,
              41.72621
            ],
            [
              -72.19769,
              41.72327
            ],
            [
              -72.19747,
              41.72164
            ],
            [
              -72.19436,
              41.71881
            ],
            [
              -72.18799,
              41.71916
            ],
            [
              -72.18741,
              41.71633
            ],
            [
              -72.18862,
              41.71472
            ],
            [
              -72.19011,
              41.71505
            ],
            [
              -72.19201,
              41.71695
            ],
            [
              -72.19448,
              41.71686
            ],
            [
              -72.19241,
              41.71425
            ],
            [
              -72.19288,
              41.71049
            ],
            [
              -72.19038,
              41.70758
            ],
            [
              -72.1842,
              41.70781
            ],
            [
              -72.1816,
              41.70592
            ],
            [
              -72.17988,
              41.7037
            ],
            [
              -72.18172,
              41.7003
            ],
            [
              -72.17958,
              41.6987
            ],
            [
              -72.17669,
              41.69813
            ],
            [
              -72.1577,
              41.69973
            ],
            [
              -72.16229,
              41.70382
            ],
            [
              -72.1658,
              41.70985
            ],
            [
              -72.16717,
              41.72465
            ],
            [
              -72.1645,
              41.73316
            ],
            [
              -72.15887,
              41.73903
            ],
            [
              -72.1555,
              41.74828
            ],
            [
              -72.15308,
              41.74966
            ],
            [
              -72.15074,
              41.75284
            ],
            [
              -72.15632,
              41.75349
            ],
            [
              -72.15915,
              41.75074
            ],
            [
              -72.16342,
              41.74974
            ],
            [
              -72.16531,
              41.75033
            ],
            [
              -72.16607,
              41.75196
            ],
            [
              -72.16812,
              41.75232
            ],
            [
              -72.17165,
              41.74847
            ],
            [
              -72.17413,
              41.75118
            ],
            [
              -72.17476,
              41.75016
            ],
            [
              -72.17639,
              41.74998
            ],
            [
              -72.17604,
              41.75144
            ],
            [
              -72.17831,
              41.75309
            ],
            [
              -72.17748,
              41.75387
            ],
            [
              -72.17787,
              41.75537
            ],
            [
              -72.18227,
              41.75621
            ],
            [
              -72.18766,
              41.75518
            ],
            [
              -72.18799,
              41.75374
            ],
            [
              -72.18573,
              41.75191
            ],
            [
              -72.18925,
              41.7504
            ],
            [
              -72.18905,
              41.74711
            ],
            [
              -72.19343,
              41.74371
            ],
            [
              -72.19564,
              41.73961
            ],
            [
              -72.19532,
              41.73606
            ],
            [
              -72.19444,
              41.73494
            ],
            [
              -72.19251,
              41.73453
            ],
            [
              -72.19096,
              41.73139
            ],
            [
              -72.19244,
              41.73029
            ],
            [
              -72.19497,
              41.72997
            ],
            [
              -72.19789,
              41.73186
            ],
            [
              -72.1988,
              41.7316
            ],
            [
              -72.19916,
              41.72961
            ],
            [
              -72.19777,
              41.72842
            ],
            [
              -72.19988,
              41.72621
            ]
          ]
        ]
      },
      "properties": {
        "geoid": "09015800501",
        "name": "Census Tract 8005.01",
        "town": "",
        "total": 3,
        "undefined": 3
      }
    },
    {
      "type": "Feature",
      "geometry": {
        "type": "Polygon",
        "coordinates": [
          [
            [
              -72.2108,
              41.69413
            ],
            [
              -72.18665,
              41.67628
            ],
            [
              -72.15755,
              41.65763
            ],
            [
              -72.15175,
              41.66752
            ],
            [
              -72.11996,
              41.6633
            ],
            [
              -72.12019,
              41.68348
            ],
            [
              -72.12249,
              41.71275
            ],
            [
              -72.11205,
              41.7459
            ],
            [
              -72.12252,
              41.74877
            ],
            [
              -72.15074,
              41.75284
            ],
            [
              -72.15308,
              41.74966
            ],
            [
              -72.1555,
              41.74828
            ],
            [
              -72.15887,
              41.73903
            ],
            [
              -72.1645,
              41.73316
            ],
            [
              -72.16717,
              41.72465
            ],
            [
              -72.1658,
              41.70985
            ],
            [
              -72.16229,
              41.70382
            ],
            [
              -72.1577,
              41.69973
            ],
            [
              -72.17838,
              41.69822
            ],
            [
              -72.18598,
              41.70253
            ],
            [
              -72.1891,
              41.70212
            ],
            [
              -72.19247,
              41.7035
            ],
            [
              -72.18761,
              41.69984
            ],
            [
              -72.18606,
              41.6969
            ],
            [
              -72.19823,
              41.69424
            ],
            [
              -72.19884,
              41.69352
            ],
            [
              -72.20655,
              41.69292
            ],
            [
              -72.2108,
              41.69413
            ]
          ]
        ]
      },
      "properties": {
        "geoid": "09015800502",
        "name": "Census Tract 8005.02",
        "town": "",
        "total": 1,
        "undefined": 1
      }
    },
    {
      "type": "Feature",
      "geometry": {
        "type": "Polygon",
        "coordinates": [
          [
            [
              -72.21646,
              41.72785
            ],
            [
              -72.21568,
              41.71955
            ],
            [
              -72.21631,
              41.71648
            ],
            [
              -72.20565,
              41.71475
            ],
            [
              -72.20328,
              41.71903
            ],
            [
              -72.20297,
              41.72127
            ],
            [
              -72.19934,
              41.71898
            ],
            [
              -72.19704,
              41.72108
            ],
            [
              -72.19769,
              41.72327
            ],
            [
              -72.19989,
              41.72582
            ],
            [
              -72.19813,
              41.72818
            ],
            [
              -72.21646,
              41.72785
            ]
          ]
        ]
      },
      "properties": {
        "geoid": "09015800700",
        "name": "Census Tract 8007",
        "town": "",
        "total": 1,
        "undefined": 1
      }
    },
    {
      "type": "Feature",
      "geometry": {
        "type": "Polygon",
        "coordinates": [
          [
            [
              -72.1025,
              41.74499
            ],
            [
              -72.10263,
              41.74444
            ],
            [
              -72.08099,
              41.73513
            ],
            [
              -72.04583,
              41.73047
            ],
            [
              -72.0229,
              41.75963
            ],
            [
              -72.01801,
              41.78264
            ],
            [
              -72.01449,
              41.80499
            ],
            [
              -72.0214,
              41.8282
            ],
            [
              -72.0318,
              41.83172
            ],
            [
              -72.09245,
              41.83167
            ],
            [
              -72.09276,
              41.81419
            ],
            [
              -72.09657,
              41.76832
            ],
            [
              -72.1025,
              41.74499
            ]
          ]
        ]
      },
      "properties": {
        "geoid": "09015820000",
        "name": "Census Tract 8200",
        "town": "",
        "total": 2,
        "undefined": 2
      }
    },
    {
      "type": "Feature",
      "geometry": {
        "type": "Polygon",
        "coordinates": [
          [
            [
              -72.2177,
              41.83615
            ],
            [
              -72.21772,
              41.83518
            ],
            [
              -72.13242,
              41.83453
            ],
            [
              -72.114,
              41.83169
            ],
            [
              -72.11244,
              41.86278
            ],
            [
              -72.11292,
              41.87932
            ],
            [
              -72.13283,
              41.91041
            ],
            [
              -72.13536,
              41.91339
            ],
            [
              -72.13939,
              41.91618
            ],
            [
              -72.1399,
              41.91803
            ],
            [
              -72.13886,
              41.9196
            ],
            [
              -72.1389,
              41.92116
            ],
            [
              -72.14475,
              41.92882
            ],
            [
              -72.14434,
              41.93309
            ],
            [
              -72.14526,
              41.93814
            ],
            [
              -72.14671,
              41.93923
            ],
            [
              -72.14704,
              41.94253
            ],
            [
              -72.14948,
              41.94413
            ],
            [
              -72.14973,
              41.94739
            ],
            [
              -72.15069,
              41.94865
            ],
            [
              -72.15077,
              41.9526
            ],
            [
              -72.15275,
              41.95314
            ],
            [
              -72.15165,
              41.9593
            ],
            [
              -72.19552,
              41.95936
            ],
            [
              -72.21698,
              41.95816
            ],
            [
              -72.21631,
              41.89282
            ],
            [
              -72.2177,
              41.83615
            ]
          ]
        ]
      },
      "properties": {
        "geoid": "09015830100",
        "name": "Census Tract 8301",
        "town": "",
        "total": 2,
        "undefined": 2
      }
    },
    {
      "type": "Feature",
      "geometry": {
        "type": "Polygon",
        "coordinates": [
          [
            [
              -71.89513,
              41.98784
            ],
            [
              -71.88902,
              41.97818
            ],
            [
              -71.88606,
              41.97497
            ],
            [
              -71.87239,
              41.96582
            ],
            [
              -71.88085,
              41.9501
            ],
            [
              -71.8807,
              41.94667
            ],
            [
              -71.87765,
              41.9383
            ],
            [
              -71.87796,
              41.93503
            ],
            [
              -71.87927,
              41.93197
            ],
            [
              -71.79789,
              41.93236
            ],
            [
              -71.79919,
              42.00805
            ],
            [
              -71.80067,
              42.02351
            ],
            [
              -71.88288,
              42.02438
            ],
            [
              -71.88089,
              42.02107
            ],
            [
              -71.88573,
              42.01395
            ],
            [
              -71.8902,
              42.00516
            ],
            [
              -71.89513,
              41.98784
            ]
          ]
        ]
      },
      "properties": {
        "geoid": "09015900100",
        "name": "Census Tract 9001",
        "town": "",
        "total": 1,
        "undefined": 1
      }
    },
    {
      "type": "Feature",
      "geometry": {
        "type": "Polygon",
        "coordinates": [
          [
            [
              -72.15272,
              41.95326
            ],
            [
              -72.15162,
              41.95233
            ],
            [
              -72.15077,
              41.9526
            ],
            [
              -72.15069,
              41.94865
            ],
            [
              -72.14973,
              41.94739
            ],
            [
              -72.14948,
              41.94413
            ],
            [
              -72.14704,
              41.94253
            ],
            [
              -72.14671,
              41.93923
            ],
            [
              -72.14526,
              41.93814
            ],
            [
              -72.14434,
              41.93309
            ],
            [
              -72.14475,
              41.92882
            ],
            [
              -72.1389,
              41.92116
            ],
            [
              -72.13886,
              41.9196
            ],
            [
              -72.1399,
              41.91803
            ],
            [
              -72.13939,
              41.91618
            ],
            [
              -72.13536,
              41.91339
            ],
            [
              -72.13283,
              41.91041
            ],
            [
              -72.11292,
              41.87932
            ],
            [
              -72.11244,
              41.86278
            ],
            [
              -72.114,
              41.83169
            ],
            [
              -72.04474,
              41.83155
            ],
            [
              -72.04395,
              41.91455
            ],
            [
              -72.09702,
              41.91499
            ],
            [
              -72.09856,
              41.95895
            ],
            [
              -72.15165,
              41.9593
            ],
            [
              -72.15272,
              41.95326
            ]
          ]
        ]
      },
      "properties": {
        "geoid": "09015902200",
        "name": "Census Tract 9022",
        "town": "",
        "total": 1,
        "undefined": 1
      }
    },
    {
      "type": "Feature",
      "geometry": {
        "type": "Polygon",
        "coordinates": [
          [
            [
              -71.91345,
              41.91002
            ],
            [
              -71.91143,
              41.90844
            ],
            [
              -71.90763,
              41.90786
            ],
            [
              -71.90371,
              41.90383
            ],
            [
              -71.90306,
              41.90219
            ],
            [
              -71.90233,
              41.90252
            ],
            [
              -71.89892,
              41.8994
            ],
            [
              -71.8978,
              41.9026
            ],
            [
              -71.89246,
              41.90715
            ],
            [
              -71.88581,
              41.92191
            ],
            [
              -71.87927,
              41.93197
            ],
            [
              -71.89726,
              41.9319
            ],
            [
              -71.89947,
              41.92927
            ],
            [
              -71.90148,
              41.92908
            ],
            [
              -71.90256,
              41.9298
            ],
            [
              -71.90485,
              41.92747
            ],
            [
              -71.90472,
              41.92439
            ],
            [
              -71.90854,
              41.92195
            ],
            [
              -71.90922,
              41.91918
            ],
            [
              -71.9119,
              41.91693
            ],
            [
              -71.91039,
              41.91509
            ],
            [
              -71.91345,
              41.91002
            ]
          ]
        ]
      },
      "properties": {
        "geoid": "09015903102",
        "name": "Census Tract 9031.02",
        "town": "",
        "total": 1,
        "undefined": 1
      }
    },
    {
      "type": "Feature",
      "geometry": {
        "type": "Polygon",
        "coordinates": [
          [
            [
              -72.06205,
              41.65224
            ],
            [
              -71.95498,
              41.6348
            ],
            [
              -71.94842,
              41.67477
            ],
            [
              -71.95351,
              41.67528
            ],
            [
              -71.9534,
              41.67742
            ],
            [
              -71.95565,
              41.67977
            ],
            [
              -71.95624,
              41.68189
            ],
            [
              -71.95463,
              41.68616
            ],
            [
              -71.95474,
              41.68978
            ],
            [
              -71.9568,
              41.69255
            ],
            [
              -71.96006,
              41.69213
            ],
            [
              -71.96241,
              41.69577
            ],
            [
              -71.96267,
              41.69809
            ],
            [
              -71.96182,
              41.70046
            ],
            [
              -71.96226,
              41.70493
            ],
            [
              -71.96541,
              41.70847
            ],
            [
              -71.96395,
              41.71075
            ],
            [
              -71.96628,
              41.71444
            ],
            [
              -71.95813,
              41.71962
            ],
            [
              -71.95729,
              41.72129
            ],
            [
              -71.95755,
              41.72404
            ],
            [
              -71.95626,
              41.72622
            ],
            [
              -71.95319,
              41.72641
            ],
            [
              -71.94571,
              41.72252
            ],
            [
              -71.9439,
              41.72531
            ],
            [
              -71.94169,
              41.72702
            ],
            [
              -71.93348,
              41.73073
            ],
            [
              -71.93148,
              41.73461
            ],
            [
              -71.92215,
              41.73439
            ],
            [
              -71.91796,
              41.73706
            ],
            [
              -71.91394,
              41.74233
            ],
            [
              -72.0229,
              41.75963
            ],
            [
              -72.04583,
              41.73047
            ],
            [
              -72.05256,
              41.73142
            ],
            [
              -72.05618,
              41.70138
            ],
            [
              -72.05294,
              41.68792
            ],
            [
              -72.06205,
              41.65224
            ]
          ]
        ]
      },
      "properties": {
        "geoid": "09015906100",
        "name": "Census Tract 9061",
        "town": "",
        "total": 1,
        "undefined": 1
      }
    },
    {
      "type": "Feature",
      "geometry": {
        "type": "Polygon",
        "coordinates": [
          [
            [
              -71.85792,
              41.64423
            ],
            [
              -71.78766,
              41.63992
            ],
            [
              -71.78724,
              41.65611
            ],
            [
              -71.79125,
              41.7745
            ],
            [
              -71.8387,
              41.76883
            ],
            [
              -71.85792,
              41.64423
            ]
          ]
        ]
      },
      "properties": {
        "geoid": "09015908100",
        "name": "Census Tract 9081",
        "town": "",
        "total": 1,
        "undefined": 1
      }
    }
  ]
}